pair_id,source_entity_id,target_entity_id,relationship_type,case_id,evidence_reference,expected_relationship,scenario,split
ADV-PAIR-0001,PERSON-0655,PERSON-0115,CONTACTED,CASE-0052,PERSON-0655 coordinated with PERSON-0115 under CASE-0052.,1,POS_STANDARD_MULTI_CHANNEL,TRAIN
ADV-PAIR-0002,PERSON-0105,PERSON-0693,CONTACTED,CASE-1117,PERSON-0105 coordinated with PERSON-0693 under CASE-1117.,1,POS_STANDARD_MULTI_CHANNEL,TRAIN
ADV-PAIR-0003,PERSON-0224,PERSON-0239,CONTACTED,CASE-1035,PERSON-0224 coordinated with PERSON-0239 under CASE-1035.,1,POS_STANDARD_MULTI_CHANNEL,VAL
ADV-PAIR-0004,PERSON-0719,PERSON-0559,CONTACTED,CASE-0860,PERSON-0719 coordinated with PERSON-0559 under CASE-0860.,1,POS_STANDARD_MULTI_CHANNEL,VAL
ADV-PAIR-0005,PERSON-0007,PERSON-0778,CONTACTED,CASE-0327,PERSON-0007 coordinated with PERSON-0778 under CASE-0327.,1,POS_STANDARD_MULTI_CHANNEL,TRAIN
ADV-PAIR-0006,PERSON-0981,PERSON-0782,CONTACTED,CASE-0690,PERSON-0981 coordinated with PERSON-0782 under CASE-0690.,1,POS_STANDARD_MULTI_CHANNEL,TRAIN
ADV-PAIR-0007,PERSON-0353,PERSON-0619,CONTACTED,CASE-0542,PERSON-0353 coordinated with PERSON-0619 under CASE-0542.,1,POS_STANDARD_MULTI_CHANNEL,TRAIN
ADV-PAIR-0008,PERSON-0997,PERSON-0945,CONTACTED,CASE-0776,PERSON-0997 coordinated with PERSON-0945 under CASE-0776.,1,POS_STANDARD_MULTI_CHANNEL,TRAIN
ADV-PAIR-0009,PERSON-0722,PERSON-0072,CONTACTED,CASE-0094,PERSON-0722 coordinated with PERSON-0072 under CASE-0094.,1,POS_STANDARD_MULTI_CHANNEL,TRAIN
ADV-PAIR-0010,PERSON-0876,PERSON-0239,CONTACTED,CASE-0207,PERSON-0876 coordinated with PERSON-0239 under CASE-0207.,1,POS_STANDARD_MULTI_CHANNEL,TRAIN
ADV-PAIR-0011,PERSON-0364,PERSON-0215,CONTACTED,CASE-0547,PERSON-0364 coordinated with PERSON-0215 under CASE-0547.,1,POS_STANDARD_MULTI_CHANNEL,TRAIN
ADV-PAIR-0012,PERSON-0624,PERSON-0651,CONTACTED,CASE-0351,PERSON-0624 coordinated with PERSON-0651 under CASE-0351.,1,POS_STANDARD_MULTI_CHANNEL,TRAIN
ADV-PAIR-0013,PERSON-0389,PERSON-0277,CONTACTED,CASE-1141,PERSON-0389 coordinated with PERSON-0277 under CASE-1141.,1,POS_STANDARD_MULTI_CHANNEL,TRAIN
ADV-PAIR-0014,PERSON-0033,PERSON-0825,CONTACTED,CASE-0647,PERSON-0033 coordinated with PERSON-0825 under CASE-0647.,1,POS_STANDARD_MULTI_CHANNEL,TRAIN
ADV-PAIR-0015,PERSON-0581,PERSON-0898,CONTACTED,CASE-0645,PERSON-0581 coordinated with PERSON-0898 under CASE-0645.,1,POS_STANDARD_MULTI_CHANNEL,TRAIN
ADV-PAIR-0016,PERSON-0659,PERSON-0470,CONTACTED,CASE-0293,PERSON-0659 coordinated with PERSON-0470 under CASE-0293.,1,POS_STANDARD_MULTI_CHANNEL,TRAIN
ADV-PAIR-0017,PERSON-0599,PERSON-0439,CONTACTED,CASE-1196,PERSON-0599 coordinated with PERSON-0439 under CASE-1196.,1,POS_STANDARD_MULTI_CHANNEL,TRAIN
ADV-PAIR-0018,PERSON-0094,PERSON-0774,CONTACTED,CASE-0097,PERSON-0094 coordinated with PERSON-0774 under CASE-0097.,1,POS_STANDARD_MULTI_CHANNEL,TRAIN
ADV-PAIR-0019,PERSON-0433,PERSON-0611,CONTACTED,CASE-0131,PERSON-0433 coordinated with PERSON-0611 under CASE-0131.,1,POS_STANDARD_MULTI_CHANNEL,TRAIN
ADV-PAIR-0020,PERSON-0995,PERSON-0567,CONTACTED,CASE-0024,PERSON-0995 coordinated with PERSON-0567 under CASE-0024.,1,POS_STANDARD_MULTI_CHANNEL,TRAIN
ADV-PAIR-0021,PERSON-0550,PERSON-0769,CONTACTED,CASE-0547,PERSON-0550 coordinated with PERSON-0769 under CASE-0547.,1,POS_STANDARD_MULTI_CHANNEL,TRAIN
ADV-PAIR-0022,PERSON-0162,PERSON-0465,CONTACTED,CASE-0007,PERSON-0162 coordinated with PERSON-0465 under CASE-0007.,1,POS_STANDARD_MULTI_CHANNEL,TRAIN
ADV-PAIR-0023,PERSON-0996,PERSON-0513,CONTACTED,CASE-0366,PERSON-0996 coordinated with PERSON-0513 under CASE-0366.,1,POS_STANDARD_MULTI_CHANNEL,TRAIN
ADV-PAIR-0024,PERSON-0306,PERSON-0862,CONTACTED,CASE-1040,PERSON-0306 coordinated with PERSON-0862 under CASE-1040.,1,POS_STANDARD_MULTI_CHANNEL,TRAIN
ADV-PAIR-0025,PERSON-0553,PERSON-0977,CONTACTED,CASE-1087,PERSON-0553 coordinated with PERSON-0977 under CASE-1087.,1,POS_STANDARD_MULTI_CHANNEL,TRAIN
ADV-PAIR-0026,PERSON-0115,PERSON-0952,CONTACTED,CASE-0744,PERSON-0115 coordinated with PERSON-0952 under CASE-0744.,1,POS_STANDARD_MULTI_CHANNEL,TRAIN
ADV-PAIR-0027,PERSON-0246,PERSON-0060,CONTACTED,CASE-0494,PERSON-0246 coordinated with PERSON-0060 under CASE-0494.,1,POS_STANDARD_MULTI_CHANNEL,TRAIN
ADV-PAIR-0028,PERSON-0498,PERSON-0836,CONTACTED,CASE-0142,PERSON-0498 coordinated with PERSON-0836 under CASE-0142.,1,POS_STANDARD_MULTI_CHANNEL,TRAIN
ADV-PAIR-0029,PERSON-0132,PERSON-0676,CONTACTED,CASE-0974,PERSON-0132 coordinated with PERSON-0676 under CASE-0974.,1,POS_STANDARD_MULTI_CHANNEL,TRAIN
ADV-PAIR-0030,PERSON-0622,PERSON-0434,CONTACTED,CASE-0434,PERSON-0622 coordinated with PERSON-0434 under CASE-0434.,1,POS_STANDARD_MULTI_CHANNEL,TRAIN
ADV-PAIR-0031,PERSON-0409,PERSON-0688,CONTACTED,CASE-0765,PERSON-0409 coordinated with PERSON-0688 under CASE-0765.,1,POS_STANDARD_MULTI_CHANNEL,TRAIN
ADV-PAIR-0032,PERSON-0254,PERSON-0231,CONTACTED,CASE-0132,PERSON-0254 coordinated with PERSON-0231 under CASE-0132.,1,POS_STANDARD_MULTI_CHANNEL,TRAIN
ADV-PAIR-0033,PERSON-0008,PERSON-0073,CONTACTED,CASE-0121,PERSON-0008 coordinated with PERSON-0073 under CASE-0121.,1,POS_STANDARD_MULTI_CHANNEL,TRAIN
ADV-PAIR-0034,PERSON-0073,PERSON-0527,CONTACTED,CASE-0488,PERSON-0073 coordinated with PERSON-0527 under CASE-0488.,1,POS_STANDARD_MULTI_CHANNEL,VAL
ADV-PAIR-0035,PERSON-0741,PERSON-0958,CONTACTED,CASE-1170,PERSON-0741 coordinated with PERSON-0958 under CASE-1170.,1,POS_STANDARD_MULTI_CHANNEL,TRAIN
ADV-PAIR-0036,PERSON-0195,PERSON-0097,CONTACTED,CASE-0199,PERSON-0195 coordinated with PERSON-0097 under CASE-0199.,1,POS_STANDARD_MULTI_CHANNEL,TRAIN
ADV-PAIR-0037,PERSON-0885,PERSON-0747,CONTACTED,CASE-0111,PERSON-0885 coordinated with PERSON-0747 under CASE-0111.,1,POS_STANDARD_MULTI_CHANNEL,TEST
ADV-PAIR-0038,PERSON-0746,PERSON-0348,CONTACTED,CASE-0224,PERSON-0746 coordinated with PERSON-0348 under CASE-0224.,1,POS_STANDARD_MULTI_CHANNEL,VAL
ADV-PAIR-0039,PERSON-0433,PERSON-0188,CONTACTED,CASE-0571,PERSON-0433 coordinated with PERSON-0188 under CASE-0571.,1,POS_STANDARD_MULTI_CHANNEL,TRAIN
ADV-PAIR-0040,PERSON-0883,PERSON-0877,CONTACTED,CASE-1128,PERSON-0883 coordinated with PERSON-0877 under CASE-1128.,1,POS_STANDARD_MULTI_CHANNEL,TEST
ADV-PAIR-0041,PERSON-0993,PERSON-0096,CONTACTED,CASE-0485,PERSON-0993 coordinated with PERSON-0096 under CASE-0485.,1,POS_STANDARD_MULTI_CHANNEL,TEST
ADV-PAIR-0042,PERSON-0411,PERSON-0925,CONTACTED,CASE-0121,PERSON-0411 coordinated with PERSON-0925 under CASE-0121.,1,POS_STANDARD_MULTI_CHANNEL,TRAIN
ADV-PAIR-0043,PERSON-0803,PERSON-0804,CONTACTED,CASE-0932,PERSON-0803 coordinated with PERSON-0804 under CASE-0932.,1,POS_STANDARD_MULTI_CHANNEL,TRAIN
ADV-PAIR-0044,PERSON-0304,PERSON-0223,CONTACTED,CASE-0120,PERSON-0304 coordinated with PERSON-0223 under CASE-0120.,1,POS_STANDARD_MULTI_CHANNEL,TRAIN
ADV-PAIR-0045,PERSON-0322,PERSON-0059,CONTACTED,CASE-0103,PERSON-0322 coordinated with PERSON-0059 under CASE-0103.,1,POS_STANDARD_MULTI_CHANNEL,TEST
ADV-PAIR-0046,PERSON-0984,PERSON-0521,CONTACTED,CASE-0165,PERSON-0984 coordinated with PERSON-0521 under CASE-0165.,1,POS_STANDARD_MULTI_CHANNEL,TRAIN
ADV-PAIR-0047,PERSON-0241,PERSON-0414,CONTACTED,CASE-0246,PERSON-0241 coordinated with PERSON-0414 under CASE-0246.,1,POS_STANDARD_MULTI_CHANNEL,TRAIN
ADV-PAIR-0048,PERSON-0609,PERSON-0041,CONTACTED,CASE-0168,PERSON-0609 coordinated with PERSON-0041 under CASE-0168.,1,POS_STANDARD_MULTI_CHANNEL,VAL
ADV-PAIR-0049,PERSON-0268,PERSON-0210,CONTACTED,CASE-0644,PERSON-0268 coordinated with PERSON-0210 under CASE-0644.,1,POS_STANDARD_MULTI_CHANNEL,VAL
ADV-PAIR-0050,PERSON-0308,PERSON-0469,CONTACTED,CASE-0648,PERSON-0308 coordinated with PERSON-0469 under CASE-0648.,1,POS_STANDARD_MULTI_CHANNEL,VAL
ADV-PAIR-0051,PERSON-0470,PERSON-0637,CONTACTED,CASE-1154,PERSON-0470 coordinated with PERSON-0637 under CASE-1154.,1,POS_STANDARD_MULTI_CHANNEL,TRAIN
ADV-PAIR-0052,PERSON-0136,PERSON-0956,CONTACTED,CASE-0715,PERSON-0136 coordinated with PERSON-0956 under CASE-0715.,1,POS_STANDARD_MULTI_CHANNEL,TRAIN
ADV-PAIR-0053,PERSON-0162,PERSON-0449,CONTACTED,CASE-1113,PERSON-0162 coordinated with PERSON-0449 under CASE-1113.,1,POS_STANDARD_MULTI_CHANNEL,TRAIN
ADV-PAIR-0054,PERSON-0837,PERSON-0568,CONTACTED,CASE-0614,PERSON-0837 coordinated with PERSON-0568 under CASE-0614.,1,POS_STANDARD_MULTI_CHANNEL,TRAIN
ADV-PAIR-0055,PERSON-0912,PERSON-0110,CONTACTED,CASE-1134,PERSON-0912 coordinated with PERSON-0110 under CASE-1134.,1,POS_STANDARD_MULTI_CHANNEL,TEST
ADV-PAIR-0056,PERSON-0209,PERSON-0704,CONTACTED,CASE-0541,PERSON-0209 coordinated with PERSON-0704 under CASE-0541.,1,POS_STANDARD_MULTI_CHANNEL,TRAIN
ADV-PAIR-0057,PERSON-0434,PERSON-0850,CONTACTED,CASE-0567,PERSON-0434 coordinated with PERSON-0850 under CASE-0567.,1,POS_STANDARD_MULTI_CHANNEL,TRAIN
ADV-PAIR-0058,PERSON-0269,PERSON-0166,CONTACTED,CASE-0905,PERSON-0269 coordinated with PERSON-0166 under CASE-0905.,1,POS_STANDARD_MULTI_CHANNEL,TEST
ADV-PAIR-0059,PERSON-0115,PERSON-0078,CONTACTED,CASE-0306,PERSON-0115 coordinated with PERSON-0078 under CASE-0306.,1,POS_STANDARD_MULTI_CHANNEL,TRAIN
ADV-PAIR-0060,PERSON-0152,PERSON-0441,CONTACTED,CASE-0262,PERSON-0152 coordinated with PERSON-0441 under CASE-0262.,1,POS_STANDARD_MULTI_CHANNEL,TRAIN
ADV-PAIR-0061,PERSON-0216,PERSON-0699,CONTACTED,CASE-0512,PERSON-0216 coordinated with PERSON-0699 under CASE-0512.,1,POS_STANDARD_MULTI_CHANNEL,TRAIN
ADV-PAIR-0062,PERSON-0768,PERSON-0159,CONTACTED,CASE-0485,PERSON-0768 coordinated with PERSON-0159 under CASE-0485.,1,POS_STANDARD_MULTI_CHANNEL,TEST
ADV-PAIR-0063,PERSON-0026,PERSON-0184,CONTACTED,CASE-0681,PERSON-0026 coordinated with PERSON-0184 under CASE-0681.,1,POS_STANDARD_MULTI_CHANNEL,TRAIN
ADV-PAIR-0064,PERSON-0885,PERSON-0753,CONTACTED,CASE-0509,PERSON-0885 coordinated with PERSON-0753 under CASE-0509.,1,POS_STANDARD_MULTI_CHANNEL,TRAIN
ADV-PAIR-0065,PERSON-0040,PERSON-0880,CONTACTED,CASE-0964,PERSON-0040 coordinated with PERSON-0880 under CASE-0964.,1,POS_STANDARD_MULTI_CHANNEL,TRAIN
ADV-PAIR-0066,PERSON-0841,PERSON-0815,CONTACTED,CASE-0467,PERSON-0841 coordinated with PERSON-0815 under CASE-0467.,1,POS_STANDARD_MULTI_CHANNEL,TRAIN
ADV-PAIR-0067,PERSON-0286,PERSON-0886,CONTACTED,CASE-0143,PERSON-0286 coordinated with PERSON-0886 under CASE-0143.,1,POS_STANDARD_MULTI_CHANNEL,VAL
ADV-PAIR-0068,PERSON-0522,PERSON-0410,CONTACTED,CASE-1099,PERSON-0522 coordinated with PERSON-0410 under CASE-1099.,1,POS_STANDARD_MULTI_CHANNEL,TRAIN
ADV-PAIR-0069,PERSON-0994,PERSON-0268,CONTACTED,CASE-0366,PERSON-0994 coordinated with PERSON-0268 under CASE-0366.,1,POS_STANDARD_MULTI_CHANNEL,TRAIN
ADV-PAIR-0070,PERSON-0112,PERSON-0611,CONTACTED,CASE-0890,PERSON-0112 coordinated with PERSON-0611 under CASE-0890.,1,POS_STANDARD_MULTI_CHANNEL,TEST
ADV-PAIR-0071,PERSON-0621,PERSON-0524,CONTACTED,CASE-0237,PERSON-0621 coordinated with PERSON-0524 under CASE-0237.,1,POS_STANDARD_MULTI_CHANNEL,VAL
ADV-PAIR-0072,PERSON-0046,PERSON-0726,CONTACTED,CASE-0894,PERSON-0046 coordinated with PERSON-0726 under CASE-0894.,1,POS_STANDARD_MULTI_CHANNEL,TRAIN
ADV-PAIR-0073,PERSON-0963,PERSON-0760,CONTACTED,CASE-0404,PERSON-0963 coordinated with PERSON-0760 under CASE-0404.,1,POS_STANDARD_MULTI_CHANNEL,TRAIN
ADV-PAIR-0074,PERSON-0680,PERSON-0869,CONTACTED,CASE-0256,PERSON-0680 coordinated with PERSON-0869 under CASE-0256.,1,POS_STANDARD_MULTI_CHANNEL,VAL
ADV-PAIR-0075,PERSON-0683,PERSON-0419,CONTACTED,CASE-0669,PERSON-0683 coordinated with PERSON-0419 under CASE-0669.,1,POS_STANDARD_MULTI_CHANNEL,TRAIN
ADV-PAIR-0076,PERSON-0681,PERSON-0963,CONTACTED,CASE-0777,PERSON-0681 coordinated with PERSON-0963 under CASE-0777.,1,POS_STANDARD_MULTI_CHANNEL,TRAIN
ADV-PAIR-0077,PERSON-0583,PERSON-0309,CONTACTED,CASE-0832,PERSON-0583 coordinated with PERSON-0309 under CASE-0832.,1,POS_STANDARD_MULTI_CHANNEL,TRAIN
ADV-PAIR-0078,PERSON-0216,PERSON-0441,CONTACTED,CASE-1188,PERSON-0216 coordinated with PERSON-0441 under CASE-1188.,1,POS_STANDARD_MULTI_CHANNEL,TRAIN
ADV-PAIR-0079,PERSON-0692,PERSON-0219,CONTACTED,CASE-1047,PERSON-0692 coordinated with PERSON-0219 under CASE-1047.,1,POS_STANDARD_MULTI_CHANNEL,TRAIN
ADV-PAIR-0080,PERSON-0754,PERSON-0174,CONTACTED,CASE-0174,PERSON-0754 coordinated with PERSON-0174 under CASE-0174.,1,POS_STANDARD_MULTI_CHANNEL,TRAIN
ADV-PAIR-0081,PERSON-0975,PERSON-0770,CONTACTED,CASE-0482,PERSON-0975 coordinated with PERSON-0770 under CASE-0482.,1,POS_STANDARD_MULTI_CHANNEL,TRAIN
ADV-PAIR-0082,PERSON-0048,PERSON-0251,CONTACTED,CASE-0974,PERSON-0048 coordinated with PERSON-0251 under CASE-0974.,1,POS_STANDARD_MULTI_CHANNEL,TRAIN
ADV-PAIR-0083,PERSON-0425,PERSON-0908,CONTACTED,CASE-1179,PERSON-0425 coordinated with PERSON-0908 under CASE-1179.,1,POS_STANDARD_MULTI_CHANNEL,VAL
ADV-PAIR-0084,PERSON-0410,PERSON-0250,CONTACTED,CASE-0303,PERSON-0410 coordinated with PERSON-0250 under CASE-0303.,1,POS_STANDARD_MULTI_CHANNEL,TRAIN
ADV-PAIR-0085,PERSON-0225,PERSON-0181,CONTACTED,CASE-1061,PERSON-0225 coordinated with PERSON-0181 under CASE-1061.,1,POS_STANDARD_MULTI_CHANNEL,TEST
ADV-PAIR-0086,PERSON-0125,PERSON-0468,CONTACTED,CASE-0274,PERSON-0125 coordinated with PERSON-0468 under CASE-0274.,1,POS_STANDARD_MULTI_CHANNEL,TRAIN
ADV-PAIR-0087,PERSON-0610,PERSON-0325,CONTACTED,CASE-0907,PERSON-0610 coordinated with PERSON-0325 under CASE-0907.,1,POS_STANDARD_MULTI_CHANNEL,TEST
ADV-PAIR-0088,PERSON-0437,PERSON-0851,CONTACTED,CASE-1123,PERSON-0437 coordinated with PERSON-0851 under CASE-1123.,1,POS_STANDARD_MULTI_CHANNEL,TRAIN
ADV-PAIR-0089,PERSON-0487,PERSON-0461,CONTACTED,CASE-0531,PERSON-0487 coordinated with PERSON-0461 under CASE-0531.,1,POS_STANDARD_MULTI_CHANNEL,TRAIN
ADV-PAIR-0090,PERSON-0534,PERSON-0497,CONTACTED,CASE-0490,PERSON-0534 coordinated with PERSON-0497 under CASE-0490.,1,POS_STANDARD_MULTI_CHANNEL,TRAIN
ADV-PAIR-0091,PERSON-0344,PERSON-0328,CONTACTED,CASE-1107,PERSON-0344 coordinated with PERSON-0328 under CASE-1107.,1,POS_STANDARD_MULTI_CHANNEL,TRAIN
ADV-PAIR-0092,PERSON-0157,PERSON-0724,CONTACTED,CASE-0439,PERSON-0157 coordinated with PERSON-0724 under CASE-0439.,1,POS_STANDARD_MULTI_CHANNEL,TRAIN
ADV-PAIR-0093,PERSON-0426,PERSON-0064,CONTACTED,CASE-0424,PERSON-0426 coordinated with PERSON-0064 under CASE-0424.,1,POS_STANDARD_MULTI_CHANNEL,VAL
ADV-PAIR-0094,PERSON-0784,PERSON-0590,CONTACTED,CASE-0780,PERSON-0784 coordinated with PERSON-0590 under CASE-0780.,1,POS_STANDARD_MULTI_CHANNEL,TRAIN
ADV-PAIR-0095,PERSON-0400,PERSON-0874,CONTACTED,CASE-0859,PERSON-0400 coordinated with PERSON-0874 under CASE-0859.,1,POS_STANDARD_MULTI_CHANNEL,TEST
ADV-PAIR-0096,PERSON-0618,PERSON-0920,CONTACTED,CASE-0452,PERSON-0618 coordinated with PERSON-0920 under CASE-0452.,1,POS_STANDARD_MULTI_CHANNEL,TRAIN
ADV-PAIR-0097,PERSON-0399,PERSON-0345,CONTACTED,CASE-0829,PERSON-0399 coordinated with PERSON-0345 under CASE-0829.,1,POS_STANDARD_MULTI_CHANNEL,TRAIN
ADV-PAIR-0098,PERSON-0638,PERSON-0547,CONTACTED,CASE-0056,PERSON-0638 coordinated with PERSON-0547 under CASE-0056.,1,POS_STANDARD_MULTI_CHANNEL,TRAIN
ADV-PAIR-0099,PERSON-0439,PERSON-0139,CONTACTED,CASE-0946,PERSON-0439 coordinated with PERSON-0139 under CASE-0946.,1,POS_STANDARD_MULTI_CHANNEL,TRAIN
ADV-PAIR-0100,PERSON-0466,PERSON-0335,CONTACTED,CASE-0692,PERSON-0466 coordinated with PERSON-0335 under CASE-0692.,1,POS_STANDARD_MULTI_CHANNEL,TRAIN
ADV-PAIR-0101,PERSON-0975,PERSON-0852,CONTACTED,CASE-0864,PERSON-0975 coordinated with PERSON-0852 under CASE-0864.,1,POS_STANDARD_MULTI_CHANNEL,TEST
ADV-PAIR-0102,PERSON-0768,PERSON-0553,CONTACTED,CASE-0107,PERSON-0768 coordinated with PERSON-0553 under CASE-0107.,1,POS_STANDARD_MULTI_CHANNEL,TRAIN
ADV-PAIR-0103,PERSON-0668,PERSON-0042,CONTACTED,CASE-0064,PERSON-0668 coordinated with PERSON-0042 under CASE-0064.,1,POS_STANDARD_MULTI_CHANNEL,TRAIN
ADV-PAIR-0104,PERSON-0245,PERSON-0130,CONTACTED,CASE-0970,PERSON-0245 coordinated with PERSON-0130 under CASE-0970.,1,POS_STANDARD_MULTI_CHANNEL,TRAIN
ADV-PAIR-0105,PERSON-0263,PERSON-0786,CONTACTED,CASE-0756,PERSON-0263 coordinated with PERSON-0786 under CASE-0756.,1,POS_STANDARD_MULTI_CHANNEL,TRAIN
ADV-PAIR-0106,PERSON-0168,PERSON-0988,CONTACTED,CASE-0638,PERSON-0168 coordinated with PERSON-0988 under CASE-0638.,1,POS_STANDARD_MULTI_CHANNEL,VAL
ADV-PAIR-0107,PERSON-0930,PERSON-0982,CONTACTED,CASE-0769,PERSON-0930 coordinated with PERSON-0982 under CASE-0769.,1,POS_STANDARD_MULTI_CHANNEL,TRAIN
ADV-PAIR-0108,PERSON-0607,PERSON-0708,CONTACTED,CASE-0498,PERSON-0607 coordinated with PERSON-0708 under CASE-0498.,1,POS_STANDARD_MULTI_CHANNEL,TRAIN
ADV-PAIR-0109,PERSON-0615,PERSON-0825,CONTACTED,CASE-0248,PERSON-0615 coordinated with PERSON-0825 under CASE-0248.,1,POS_STANDARD_MULTI_CHANNEL,VAL
ADV-PAIR-0110,PERSON-0356,PERSON-0546,CONTACTED,CASE-0878,PERSON-0356 coordinated with PERSON-0546 under CASE-0878.,1,POS_STANDARD_MULTI_CHANNEL,TRAIN
ADV-PAIR-0111,PERSON-0013,PERSON-0870,CONTACTED,CASE-0861,PERSON-0013 coordinated with PERSON-0870 under CASE-0861.,1,POS_STANDARD_MULTI_CHANNEL,TRAIN
ADV-PAIR-0112,PERSON-0651,PERSON-0913,CONTACTED,CASE-0942,PERSON-0651 coordinated with PERSON-0913 under CASE-0942.,1,POS_STANDARD_MULTI_CHANNEL,VAL
ADV-PAIR-0113,PERSON-0989,PERSON-0667,CONTACTED,CASE-0554,PERSON-0989 coordinated with PERSON-0667 under CASE-0554.,1,POS_STANDARD_MULTI_CHANNEL,TRAIN
ADV-PAIR-0114,PERSON-0496,PERSON-0477,CONTACTED,CASE-0893,PERSON-0496 coordinated with PERSON-0477 under CASE-0893.,1,POS_STANDARD_MULTI_CHANNEL,TRAIN
ADV-PAIR-0115,PERSON-0873,PERSON-0252,CONTACTED,CASE-0178,PERSON-0873 coordinated with PERSON-0252 under CASE-0178.,1,POS_STANDARD_MULTI_CHANNEL,TRAIN
ADV-PAIR-0116,PERSON-0476,PERSON-0584,CONTACTED,CASE-1250,PERSON-0476 coordinated with PERSON-0584 under CASE-1250.,1,POS_STANDARD_MULTI_CHANNEL,TRAIN
ADV-PAIR-0117,PERSON-0333,PERSON-0187,CONTACTED,CASE-0999,PERSON-0333 coordinated with PERSON-0187 under CASE-0999.,1,POS_STANDARD_MULTI_CHANNEL,VAL
ADV-PAIR-0118,PERSON-0902,PERSON-0611,CONTACTED,CASE-0566,PERSON-0902 coordinated with PERSON-0611 under CASE-0566.,1,POS_STANDARD_MULTI_CHANNEL,TRAIN
ADV-PAIR-0119,PERSON-0738,PERSON-0417,CONTACTED,CASE-1001,PERSON-0738 coordinated with PERSON-0417 under CASE-1001.,1,POS_STANDARD_MULTI_CHANNEL,TEST
ADV-PAIR-0120,PERSON-0662,PERSON-0729,CONTACTED,CASE-1006,PERSON-0662 coordinated with PERSON-0729 under CASE-1006.,1,POS_STANDARD_MULTI_CHANNEL,TRAIN
ADV-PAIR-0121,PERSON-0227,PERSON-0415,CONTACTED,CASE-0499,PERSON-0227 coordinated with PERSON-0415 under CASE-0499.,1,POS_STANDARD_MULTI_CHANNEL,TEST
ADV-PAIR-0122,PERSON-0544,PERSON-0353,CONTACTED,CASE-0872,PERSON-0544 coordinated with PERSON-0353 under CASE-0872.,1,POS_STANDARD_MULTI_CHANNEL,TRAIN
ADV-PAIR-0123,PERSON-0278,PERSON-0314,CONTACTED,CASE-0515,PERSON-0278 coordinated with PERSON-0314 under CASE-0515.,1,POS_STANDARD_MULTI_CHANNEL,TRAIN
ADV-PAIR-0124,PERSON-0761,PERSON-0549,CONTACTED,CASE-0380,PERSON-0761 coordinated with PERSON-0549 under CASE-0380.,1,POS_STANDARD_MULTI_CHANNEL,TRAIN
ADV-PAIR-0125,PERSON-0604,PERSON-0779,CONTACTED,CASE-1075,PERSON-0604 coordinated with PERSON-0779 under CASE-1075.,1,POS_STANDARD_MULTI_CHANNEL,TRAIN
ADV-PAIR-0126,PERSON-0304,PERSON-0233,CONTACTED,CASE-0740,PERSON-0304 coordinated with PERSON-0233 under CASE-0740.,1,POS_STANDARD_MULTI_CHANNEL,TRAIN
ADV-PAIR-0127,PERSON-0047,PERSON-0998,CONTACTED,CASE-0112,PERSON-0047 coordinated with PERSON-0998 under CASE-0112.,1,POS_STANDARD_MULTI_CHANNEL,VAL
ADV-PAIR-0128,PERSON-0771,PERSON-0503,CONTACTED,CASE-0211,PERSON-0771 coordinated with PERSON-0503 under CASE-0211.,1,POS_STANDARD_MULTI_CHANNEL,TEST
ADV-PAIR-0129,PERSON-0452,PERSON-0349,CONTACTED,CASE-0378,PERSON-0452 coordinated with PERSON-0349 under CASE-0378.,1,POS_STANDARD_MULTI_CHANNEL,VAL
ADV-PAIR-0130,PERSON-0067,PERSON-0411,CONTACTED,CASE-1008,PERSON-0067 coordinated with PERSON-0411 under CASE-1008.,1,POS_STANDARD_MULTI_CHANNEL,TEST
ADV-PAIR-0131,PERSON-0831,PERSON-0577,CONTACTED,CASE-0623,PERSON-0831 coordinated with PERSON-0577 under CASE-0623.,1,POS_STANDARD_MULTI_CHANNEL,TRAIN
ADV-PAIR-0132,PERSON-0783,PERSON-0427,CONTACTED,CASE-1242,PERSON-0783 coordinated with PERSON-0427 under CASE-1242.,1,POS_STANDARD_MULTI_CHANNEL,TRAIN
ADV-PAIR-0133,PERSON-0536,PERSON-0390,CONTACTED,CASE-0923,PERSON-0536 coordinated with PERSON-0390 under CASE-0923.,1,POS_STANDARD_MULTI_CHANNEL,VAL
ADV-PAIR-0134,PERSON-0636,PERSON-0062,CONTACTED,CASE-1249,PERSON-0636 coordinated with PERSON-0062 under CASE-1249.,1,POS_STANDARD_MULTI_CHANNEL,VAL
ADV-PAIR-0135,PERSON-0213,PERSON-0641,CONTACTED,CASE-0433,PERSON-0213 coordinated with PERSON-0641 under CASE-0433.,1,POS_STANDARD_MULTI_CHANNEL,TRAIN
ADV-PAIR-0136,PERSON-0566,PERSON-0077,CONTACTED,CASE-0321,PERSON-0566 coordinated with PERSON-0077 under CASE-0321.,1,POS_STANDARD_MULTI_CHANNEL,TRAIN
ADV-PAIR-0137,PERSON-0238,PERSON-0296,CONTACTED,CASE-0580,PERSON-0238 coordinated with PERSON-0296 under CASE-0580.,1,POS_STANDARD_MULTI_CHANNEL,VAL
ADV-PAIR-0138,PERSON-0240,PERSON-0947,CONTACTED,CASE-0542,PERSON-0240 coordinated with PERSON-0947 under CASE-0542.,1,POS_STANDARD_MULTI_CHANNEL,TRAIN
ADV-PAIR-0139,PERSON-0824,PERSON-0957,CONTACTED,CASE-0406,PERSON-0824 coordinated with PERSON-0957 under CASE-0406.,1,POS_STANDARD_MULTI_CHANNEL,TRAIN
ADV-PAIR-0140,PERSON-0931,PERSON-0273,CONTACTED,CASE-0292,PERSON-0931 coordinated with PERSON-0273 under CASE-0292.,1,POS_STANDARD_MULTI_CHANNEL,TEST
ADV-PAIR-0141,PERSON-0845,PERSON-0583,CONTACTED,CASE-0592,PERSON-0845 coordinated with PERSON-0583 under CASE-0592.,1,POS_STANDARD_MULTI_CHANNEL,TEST
ADV-PAIR-0142,PERSON-0966,PERSON-0279,CONTACTED,CASE-1025,PERSON-0966 coordinated with PERSON-0279 under CASE-1025.,1,POS_STANDARD_MULTI_CHANNEL,TRAIN
ADV-PAIR-0143,PERSON-0911,PERSON-0443,CONTACTED,CASE-0661,PERSON-0911 coordinated with PERSON-0443 under CASE-0661.,1,POS_STANDARD_MULTI_CHANNEL,TRAIN
ADV-PAIR-0144,PERSON-0691,PERSON-0857,CONTACTED,CASE-1179,PERSON-0691 coordinated with PERSON-0857 under CASE-1179.,1,POS_STANDARD_MULTI_CHANNEL,VAL
ADV-PAIR-0145,PERSON-0689,PERSON-0842,CONTACTED,CASE-0552,PERSON-0689 coordinated with PERSON-0842 under CASE-0552.,1,POS_STANDARD_MULTI_CHANNEL,TRAIN
ADV-PAIR-0146,PERSON-0668,PERSON-0453,CONTACTED,CASE-0570,PERSON-0668 coordinated with PERSON-0453 under CASE-0570.,1,POS_STANDARD_MULTI_CHANNEL,TRAIN
ADV-PAIR-0147,PERSON-0834,PERSON-0504,CONTACTED,CASE-0187,PERSON-0834 coordinated with PERSON-0504 under CASE-0187.,1,POS_STANDARD_MULTI_CHANNEL,TRAIN
ADV-PAIR-0148,PERSON-0108,PERSON-0879,CONTACTED,CASE-0330,PERSON-0108 coordinated with PERSON-0879 under CASE-0330.,1,POS_STANDARD_MULTI_CHANNEL,TRAIN
ADV-PAIR-0149,PERSON-0968,PERSON-0411,CONTACTED,CASE-1127,PERSON-0968 coordinated with PERSON-0411 under CASE-1127.,1,POS_STANDARD_MULTI_CHANNEL,TRAIN
ADV-PAIR-0150,PERSON-0119,PERSON-0994,CONTACTED,CASE-0828,PERSON-0119 coordinated with PERSON-0994 under CASE-0828.,1,POS_STANDARD_MULTI_CHANNEL,TRAIN
ADV-PAIR-0151,PERSON-0556,PERSON-0474,CONTACTED,CASE-0847,PERSON-0556 coordinated with PERSON-0474 under CASE-0847.,1,POS_STANDARD_MULTI_CHANNEL,VAL
ADV-PAIR-0152,PERSON-0511,PERSON-0641,CONTACTED,CASE-0906,PERSON-0511 coordinated with PERSON-0641 under CASE-0906.,1,POS_STANDARD_MULTI_CHANNEL,TRAIN
ADV-PAIR-0153,PERSON-0950,PERSON-0295,CONTACTED,CASE-0898,PERSON-0950 coordinated with PERSON-0295 under CASE-0898.,1,POS_STANDARD_MULTI_CHANNEL,TEST
ADV-PAIR-0154,PERSON-0646,PERSON-0624,CONTACTED,CASE-0491,PERSON-0646 coordinated with PERSON-0624 under CASE-0491.,1,POS_STANDARD_MULTI_CHANNEL,VAL
ADV-PAIR-0155,PERSON-0096,PERSON-0231,CONTACTED,CASE-0233,PERSON-0096 coordinated with PERSON-0231 under CASE-0233.,1,POS_STANDARD_MULTI_CHANNEL,TRAIN
ADV-PAIR-0156,PERSON-0158,PERSON-0511,CONTACTED,CASE-0598,PERSON-0158 coordinated with PERSON-0511 under CASE-0598.,1,POS_STANDARD_MULTI_CHANNEL,TRAIN
ADV-PAIR-0157,PERSON-0495,PERSON-0484,CONTACTED,CASE-0500,PERSON-0495 coordinated with PERSON-0484 under CASE-0500.,1,POS_STANDARD_MULTI_CHANNEL,TRAIN
ADV-PAIR-0158,PERSON-0614,PERSON-0521,CONTACTED,CASE-0280,PERSON-0614 coordinated with PERSON-0521 under CASE-0280.,1,POS_STANDARD_MULTI_CHANNEL,TRAIN
ADV-PAIR-0159,PERSON-0807,PERSON-0520,CONTACTED,CASE-0548,PERSON-0807 coordinated with PERSON-0520 under CASE-0548.,1,POS_STANDARD_MULTI_CHANNEL,TEST
ADV-PAIR-0160,PERSON-0594,PERSON-0676,CONTACTED,CASE-1003,PERSON-0594 coordinated with PERSON-0676 under CASE-1003.,1,POS_STANDARD_MULTI_CHANNEL,TRAIN
ADV-PAIR-0161,PERSON-0341,PERSON-0566,CONTACTED,CASE-1113,PERSON-0341 coordinated with PERSON-0566 under CASE-1113.,1,POS_STANDARD_MULTI_CHANNEL,TRAIN
ADV-PAIR-0162,PERSON-0715,PERSON-0245,CONTACTED,CASE-1172,PERSON-0715 coordinated with PERSON-0245 under CASE-1172.,1,POS_STANDARD_MULTI_CHANNEL,VAL
ADV-PAIR-0163,PERSON-0763,PERSON-0485,CONTACTED,CASE-0781,PERSON-0763 coordinated with PERSON-0485 under CASE-0781.,1,POS_STANDARD_MULTI_CHANNEL,TEST
ADV-PAIR-0164,PERSON-0668,PERSON-0156,CONTACTED,CASE-1015,PERSON-0668 coordinated with PERSON-0156 under CASE-1015.,1,POS_STANDARD_MULTI_CHANNEL,TRAIN
ADV-PAIR-0165,PERSON-0340,PERSON-0891,CONTACTED,CASE-0206,PERSON-0340 coordinated with PERSON-0891 under CASE-0206.,1,POS_STANDARD_MULTI_CHANNEL,TEST
ADV-PAIR-0166,PERSON-0933,PERSON-0468,CONTACTED,CASE-0032,PERSON-0933 coordinated with PERSON-0468 under CASE-0032.,1,POS_STANDARD_MULTI_CHANNEL,TRAIN
ADV-PAIR-0167,PERSON-0801,PERSON-0993,CONTACTED,CASE-0543,PERSON-0801 coordinated with PERSON-0993 under CASE-0543.,1,POS_STANDARD_MULTI_CHANNEL,TRAIN
ADV-PAIR-0168,PERSON-0873,PERSON-0337,CONTACTED,CASE-1093,PERSON-0873 coordinated with PERSON-0337 under CASE-1093.,1,POS_STANDARD_MULTI_CHANNEL,TRAIN
ADV-PAIR-0169,PERSON-0909,PERSON-0778,CONTACTED,CASE-1000,PERSON-0909 coordinated with PERSON-0778 under CASE-1000.,1,POS_STANDARD_MULTI_CHANNEL,TRAIN
ADV-PAIR-0170,PERSON-0701,PERSON-0944,CONTACTED,CASE-0589,PERSON-0701 coordinated with PERSON-0944 under CASE-0589.,1,POS_STANDARD_MULTI_CHANNEL,TRAIN
ADV-PAIR-0171,PERSON-0101,PERSON-0779,CONTACTED,CASE-0206,PERSON-0101 coordinated with PERSON-0779 under CASE-0206.,1,POS_STANDARD_MULTI_CHANNEL,TEST
ADV-PAIR-0172,PERSON-0048,PERSON-0333,CONTACTED,CASE-0115,PERSON-0048 coordinated with PERSON-0333 under CASE-0115.,1,POS_STANDARD_MULTI_CHANNEL,VAL
ADV-PAIR-0173,PERSON-0544,PERSON-0422,CONTACTED,CASE-1160,PERSON-0544 coordinated with PERSON-0422 under CASE-1160.,1,POS_STANDARD_MULTI_CHANNEL,TRAIN
ADV-PAIR-0174,PERSON-0081,PERSON-0625,CONTACTED,CASE-0784,PERSON-0081 coordinated with PERSON-0625 under CASE-0784.,1,POS_STANDARD_MULTI_CHANNEL,TRAIN
ADV-PAIR-0175,PERSON-0147,PERSON-0238,CONTACTED,CASE-0945,PERSON-0147 coordinated with PERSON-0238 under CASE-0945.,1,POS_STANDARD_MULTI_CHANNEL,TRAIN
ADV-PAIR-0176,PERSON-0921,PERSON-0824,CONTACTED,CASE-0953,PERSON-0921 coordinated with PERSON-0824 under CASE-0953.,1,POS_STANDARD_MULTI_CHANNEL,TRAIN
ADV-PAIR-0177,PERSON-0453,PERSON-0968,CONTACTED,CASE-0708,PERSON-0453 coordinated with PERSON-0968 under CASE-0708.,1,POS_STANDARD_MULTI_CHANNEL,VAL
ADV-PAIR-0178,PERSON-0468,PERSON-0866,CONTACTED,CASE-0619,PERSON-0468 coordinated with PERSON-0866 under CASE-0619.,1,POS_STANDARD_MULTI_CHANNEL,TRAIN
ADV-PAIR-0179,PERSON-0110,PERSON-0243,CONTACTED,CASE-0782,PERSON-0110 coordinated with PERSON-0243 under CASE-0782.,1,POS_STANDARD_MULTI_CHANNEL,TRAIN
ADV-PAIR-0180,PERSON-0303,PERSON-0023,CONTACTED,CASE-0811,PERSON-0303 coordinated with PERSON-0023 under CASE-0811.,1,POS_STANDARD_MULTI_CHANNEL,TRAIN
ADV-PAIR-0181,PERSON-0764,PERSON-0509,CONTACTED,CASE-0587,PERSON-0764 coordinated with PERSON-0509 under CASE-0587.,1,POS_STANDARD_MULTI_CHANNEL,TRAIN
ADV-PAIR-0182,PERSON-0361,PERSON-0225,CONTACTED,CASE-0390,PERSON-0361 coordinated with PERSON-0225 under CASE-0390.,1,POS_STANDARD_MULTI_CHANNEL,TRAIN
ADV-PAIR-0183,PERSON-0926,PERSON-0643,CONTACTED,CASE-0081,PERSON-0926 coordinated with PERSON-0643 under CASE-0081.,1,POS_STANDARD_MULTI_CHANNEL,TRAIN
ADV-PAIR-0184,PERSON-0374,PERSON-0750,CONTACTED,CASE-0270,PERSON-0374 coordinated with PERSON-0750 under CASE-0270.,1,POS_STANDARD_MULTI_CHANNEL,TRAIN
ADV-PAIR-0185,PERSON-0426,PERSON-0180,CONTACTED,CASE-0412,PERSON-0426 coordinated with PERSON-0180 under CASE-0412.,1,POS_STANDARD_MULTI_CHANNEL,TRAIN
ADV-PAIR-0186,PERSON-0375,PERSON-0544,CONTACTED,CASE-1028,PERSON-0375 coordinated with PERSON-0544 under CASE-1028.,1,POS_STANDARD_MULTI_CHANNEL,TRAIN
ADV-PAIR-0187,PERSON-0845,PERSON-0967,CONTACTED,CASE-0987,PERSON-0845 coordinated with PERSON-0967 under CASE-0987.,1,POS_STANDARD_MULTI_CHANNEL,TRAIN
ADV-PAIR-0188,PERSON-0347,PERSON-0824,CONTACTED,CASE-0236,PERSON-0347 coordinated with PERSON-0824 under CASE-0236.,1,POS_STANDARD_MULTI_CHANNEL,TRAIN
ADV-PAIR-0189,PERSON-0990,PERSON-0232,CONTACTED,CASE-0814,PERSON-0990 coordinated with PERSON-0232 under CASE-0814.,1,POS_STANDARD_MULTI_CHANNEL,TRAIN
ADV-PAIR-0190,PERSON-0093,PERSON-0810,CONTACTED,CASE-0809,PERSON-0093 coordinated with PERSON-0810 under CASE-0809.,1,POS_STANDARD_MULTI_CHANNEL,VAL
ADV-PAIR-0191,PERSON-0689,PERSON-0767,CONTACTED,CASE-0537,PERSON-0689 coordinated with PERSON-0767 under CASE-0537.,1,POS_STANDARD_MULTI_CHANNEL,TRAIN
ADV-PAIR-0192,PERSON-0240,PERSON-0483,CONTACTED,CASE-0052,PERSON-0240 coordinated with PERSON-0483 under CASE-0052.,1,POS_STANDARD_MULTI_CHANNEL,TRAIN
ADV-PAIR-0193,PERSON-0938,PERSON-0625,CONTACTED,CASE-0454,PERSON-0938 coordinated with PERSON-0625 under CASE-0454.,1,POS_STANDARD_MULTI_CHANNEL,TRAIN
ADV-PAIR-0194,PERSON-0310,PERSON-0665,CONTACTED,CASE-0837,PERSON-0310 coordinated with PERSON-0665 under CASE-0837.,1,POS_STANDARD_MULTI_CHANNEL,TRAIN
ADV-PAIR-0195,PERSON-0505,PERSON-0119,CONTACTED,CASE-0200,PERSON-0505 coordinated with PERSON-0119 under CASE-0200.,1,POS_STANDARD_MULTI_CHANNEL,TRAIN
ADV-PAIR-0196,PERSON-0465,PERSON-0380,CONTACTED,CASE-1107,PERSON-0465 coordinated with PERSON-0380 under CASE-1107.,1,POS_STANDARD_MULTI_CHANNEL,TRAIN
ADV-PAIR-0197,PERSON-0671,PERSON-0102,CONTACTED,CASE-1003,PERSON-0671 coordinated with PERSON-0102 under CASE-1003.,1,POS_STANDARD_MULTI_CHANNEL,TRAIN
ADV-PAIR-0198,PERSON-0380,PERSON-0223,CONTACTED,CASE-0909,PERSON-0380 coordinated with PERSON-0223 under CASE-0909.,1,POS_STANDARD_MULTI_CHANNEL,TRAIN
ADV-PAIR-0199,PERSON-0102,PERSON-0703,CONTACTED,CASE-0753,PERSON-0102 coordinated with PERSON-0703 under CASE-0753.,1,POS_STANDARD_MULTI_CHANNEL,TRAIN
ADV-PAIR-0200,PERSON-0063,PERSON-0408,CONTACTED,CASE-0566,PERSON-0063 coordinated with PERSON-0408 under CASE-0566.,1,POS_STANDARD_MULTI_CHANNEL,TRAIN
ADV-PAIR-0201,PERSON-0844,PERSON-0466,CONTACTED,CASE-0188,PERSON-0844 coordinated with PERSON-0466 under CASE-0188.,1,POS_STANDARD_MULTI_CHANNEL,VAL
ADV-PAIR-0202,PERSON-0342,PERSON-0250,CONTACTED,CASE-0258,PERSON-0342 coordinated with PERSON-0250 under CASE-0258.,1,POS_STANDARD_MULTI_CHANNEL,VAL
ADV-PAIR-0203,PERSON-0568,PERSON-0213,CONTACTED,CASE-1201,PERSON-0568 coordinated with PERSON-0213 under CASE-1201.,1,POS_STANDARD_MULTI_CHANNEL,TRAIN
ADV-PAIR-0204,PERSON-0793,PERSON-0152,CONTACTED,CASE-1221,PERSON-0793 coordinated with PERSON-0152 under CASE-1221.,1,POS_STANDARD_MULTI_CHANNEL,TRAIN
ADV-PAIR-0205,PERSON-0554,PERSON-0257,CONTACTED,CASE-0358,PERSON-0554 coordinated with PERSON-0257 under CASE-0358.,1,POS_STANDARD_MULTI_CHANNEL,TRAIN
ADV-PAIR-0206,PERSON-0367,PERSON-0809,CONTACTED,CASE-0488,PERSON-0367 coordinated with PERSON-0809 under CASE-0488.,1,POS_STANDARD_MULTI_CHANNEL,VAL
ADV-PAIR-0207,PERSON-0130,PERSON-0760,CONTACTED,CASE-0863,PERSON-0130 coordinated with PERSON-0760 under CASE-0863.,1,POS_STANDARD_MULTI_CHANNEL,TRAIN
ADV-PAIR-0208,PERSON-0797,PERSON-0371,CONTACTED,CASE-1052,PERSON-0797 coordinated with PERSON-0371 under CASE-1052.,1,POS_STANDARD_MULTI_CHANNEL,TRAIN
ADV-PAIR-0209,PERSON-0630,PERSON-0045,CONTACTED,CASE-1068,PERSON-0630 coordinated with PERSON-0045 under CASE-1068.,1,POS_STANDARD_MULTI_CHANNEL,VAL
ADV-PAIR-0210,PERSON-0491,PERSON-0868,CONTACTED,CASE-0823,PERSON-0491 coordinated with PERSON-0868 under CASE-0823.,1,POS_STANDARD_MULTI_CHANNEL,TRAIN
ADV-PAIR-0211,PERSON-0455,PERSON-0076,CONTACTED,CASE-0166,PERSON-0455 coordinated with PERSON-0076 under CASE-0166.,1,POS_STANDARD_MULTI_CHANNEL,TRAIN
ADV-PAIR-0212,PERSON-0640,PERSON-0649,CONTACTED,CASE-1199,PERSON-0640 coordinated with PERSON-0649 under CASE-1199.,1,POS_STANDARD_MULTI_CHANNEL,TRAIN
ADV-PAIR-0213,PERSON-0612,PERSON-0544,CONTACTED,CASE-0604,PERSON-0612 coordinated with PERSON-0544 under CASE-0604.,1,POS_STANDARD_MULTI_CHANNEL,TRAIN
ADV-PAIR-0214,PERSON-0719,PERSON-0118,CONTACTED,CASE-1130,PERSON-0719 coordinated with PERSON-0118 under CASE-1130.,1,POS_STANDARD_MULTI_CHANNEL,TRAIN
ADV-PAIR-0215,PERSON-0910,PERSON-0234,CONTACTED,CASE-0848,PERSON-0910 coordinated with PERSON-0234 under CASE-0848.,1,POS_STANDARD_MULTI_CHANNEL,TRAIN
ADV-PAIR-0216,PERSON-0748,PERSON-0098,CONTACTED,CASE-0641,PERSON-0748 coordinated with PERSON-0098 under CASE-0641.,1,POS_STANDARD_MULTI_CHANNEL,TRAIN
ADV-PAIR-0217,PERSON-0157,PERSON-0704,CONTACTED,CASE-0972,PERSON-0157 coordinated with PERSON-0704 under CASE-0972.,1,POS_STANDARD_MULTI_CHANNEL,TRAIN
ADV-PAIR-0218,PERSON-0099,PERSON-0763,CONTACTED,CASE-0764,PERSON-0099 coordinated with PERSON-0763 under CASE-0764.,1,POS_STANDARD_MULTI_CHANNEL,TRAIN
ADV-PAIR-0219,PERSON-0576,PERSON-0338,CONTACTED,CASE-0251,PERSON-0576 coordinated with PERSON-0338 under CASE-0251.,1,POS_STANDARD_MULTI_CHANNEL,TEST
ADV-PAIR-0220,PERSON-0739,PERSON-0053,CONTACTED,CASE-0590,PERSON-0739 coordinated with PERSON-0053 under CASE-0590.,1,POS_STANDARD_MULTI_CHANNEL,TEST
ADV-PAIR-0221,PERSON-0218,PERSON-0159,CONTACTED,CASE-0988,PERSON-0218 coordinated with PERSON-0159 under CASE-0988.,1,POS_STANDARD_MULTI_CHANNEL,TRAIN
ADV-PAIR-0222,PERSON-0570,PERSON-0377,CONTACTED,CASE-0236,PERSON-0570 coordinated with PERSON-0377 under CASE-0236.,1,POS_STANDARD_MULTI_CHANNEL,TRAIN
ADV-PAIR-0223,PERSON-0866,PERSON-0575,CONTACTED,CASE-1141,PERSON-0866 coordinated with PERSON-0575 under CASE-1141.,1,POS_STANDARD_MULTI_CHANNEL,TRAIN
ADV-PAIR-0224,PERSON-0280,PERSON-0720,CONTACTED,CASE-0633,PERSON-0280 coordinated with PERSON-0720 under CASE-0633.,1,POS_STANDARD_MULTI_CHANNEL,TRAIN
ADV-PAIR-0225,PERSON-0147,PERSON-0580,CONTACTED,CASE-0821,PERSON-0147 coordinated with PERSON-0580 under CASE-0821.,1,POS_STANDARD_MULTI_CHANNEL,VAL
ADV-PAIR-0226,PERSON-0544,PERSON-0221,CONTACTED,CASE-0771,PERSON-0544 coordinated with PERSON-0221 under CASE-0771.,1,POS_STANDARD_MULTI_CHANNEL,TRAIN
ADV-PAIR-0227,PERSON-0739,PERSON-0333,CONTACTED,CASE-1163,PERSON-0739 coordinated with PERSON-0333 under CASE-1163.,1,POS_STANDARD_MULTI_CHANNEL,VAL
ADV-PAIR-0228,PERSON-0773,PERSON-0633,CONTACTED,CASE-0102,PERSON-0773 coordinated with PERSON-0633 under CASE-0102.,1,POS_STANDARD_MULTI_CHANNEL,TRAIN
ADV-PAIR-0229,PERSON-0498,PERSON-0622,CONTACTED,CASE-0906,PERSON-0498 coordinated with PERSON-0622 under CASE-0906.,1,POS_STANDARD_MULTI_CHANNEL,TRAIN
ADV-PAIR-0230,PERSON-0441,PERSON-0114,CONTACTED,CASE-0581,PERSON-0441 coordinated with PERSON-0114 under CASE-0581.,1,POS_STANDARD_MULTI_CHANNEL,VAL
ADV-PAIR-0231,PERSON-0316,PERSON-0047,CONTACTED,CASE-0452,PERSON-0316 coordinated with PERSON-0047 under CASE-0452.,1,POS_STANDARD_MULTI_CHANNEL,TRAIN
ADV-PAIR-0232,PERSON-0210,PERSON-0309,CONTACTED,CASE-0433,PERSON-0210 coordinated with PERSON-0309 under CASE-0433.,1,POS_STANDARD_MULTI_CHANNEL,TRAIN
ADV-PAIR-0233,PERSON-0123,PERSON-0008,CONTACTED,CASE-1019,PERSON-0123 coordinated with PERSON-0008 under CASE-1019.,1,POS_STANDARD_MULTI_CHANNEL,VAL
ADV-PAIR-0234,PERSON-0721,PERSON-0236,CONTACTED,CASE-1025,PERSON-0721 coordinated with PERSON-0236 under CASE-1025.,1,POS_STANDARD_MULTI_CHANNEL,TRAIN
ADV-PAIR-0235,PERSON-0074,PERSON-0407,CONTACTED,CASE-0087,PERSON-0074 coordinated with PERSON-0407 under CASE-0087.,1,POS_STANDARD_MULTI_CHANNEL,TRAIN
ADV-PAIR-0236,PERSON-0590,PERSON-0440,CONTACTED,CASE-1175,PERSON-0590 coordinated with PERSON-0440 under CASE-1175.,1,POS_STANDARD_MULTI_CHANNEL,TRAIN
ADV-PAIR-0237,PERSON-0118,PERSON-0415,CONTACTED,CASE-0043,PERSON-0118 coordinated with PERSON-0415 under CASE-0043.,1,POS_STANDARD_MULTI_CHANNEL,TRAIN
ADV-PAIR-0238,PERSON-0942,PERSON-0371,CONTACTED,CASE-0181,PERSON-0942 coordinated with PERSON-0371 under CASE-0181.,1,POS_STANDARD_MULTI_CHANNEL,TRAIN
ADV-PAIR-0239,PERSON-0604,PERSON-0411,CONTACTED,CASE-1074,PERSON-0604 coordinated with PERSON-0411 under CASE-1074.,1,POS_STANDARD_MULTI_CHANNEL,TRAIN
ADV-PAIR-0240,PERSON-0227,PERSON-0342,CONTACTED,CASE-0345,PERSON-0227 coordinated with PERSON-0342 under CASE-0345.,1,POS_STANDARD_MULTI_CHANNEL,VAL
ADV-PAIR-0241,PERSON-0199,PERSON-0928,CONTACTED,CASE-0716,PERSON-0199 coordinated with PERSON-0928 under CASE-0716.,1,POS_STANDARD_MULTI_CHANNEL,TRAIN
ADV-PAIR-0242,PERSON-0835,PERSON-0152,CONTACTED,CASE-0484,PERSON-0835 coordinated with PERSON-0152 under CASE-0484.,1,POS_STANDARD_MULTI_CHANNEL,TEST
ADV-PAIR-0243,PERSON-0157,PERSON-0779,CONTACTED,CASE-0155,PERSON-0157 coordinated with PERSON-0779 under CASE-0155.,1,POS_STANDARD_MULTI_CHANNEL,TRAIN
ADV-PAIR-0244,PERSON-0476,PERSON-0773,CONTACTED,CASE-1155,PERSON-0476 coordinated with PERSON-0773 under CASE-1155.,1,POS_STANDARD_MULTI_CHANNEL,TRAIN
ADV-PAIR-0245,PERSON-0643,PERSON-0324,CONTACTED,CASE-0310,PERSON-0643 coordinated with PERSON-0324 under CASE-0310.,1,POS_STANDARD_MULTI_CHANNEL,VAL
ADV-PAIR-0246,PERSON-0816,PERSON-0282,CONTACTED,CASE-1212,PERSON-0816 coordinated with PERSON-0282 under CASE-1212.,1,POS_STANDARD_MULTI_CHANNEL,TRAIN
ADV-PAIR-0247,PERSON-0463,PERSON-0039,CONTACTED,CASE-0117,PERSON-0463 coordinated with PERSON-0039 under CASE-0117.,1,POS_STANDARD_MULTI_CHANNEL,TRAIN
ADV-PAIR-0248,PERSON-0885,PERSON-0876,CONTACTED,CASE-0185,PERSON-0885 coordinated with PERSON-0876 under CASE-0185.,1,POS_STANDARD_MULTI_CHANNEL,TEST
ADV-PAIR-0249,PERSON-0568,PERSON-0978,CONTACTED,CASE-0085,PERSON-0568 coordinated with PERSON-0978 under CASE-0085.,1,POS_STANDARD_MULTI_CHANNEL,TRAIN
ADV-PAIR-0250,PERSON-0193,PERSON-0330,CONTACTED,CASE-1240,PERSON-0193 coordinated with PERSON-0330 under CASE-1240.,1,POS_STANDARD_MULTI_CHANNEL,TRAIN
ADV-PAIR-0251,PERSON-0831,PERSON-0921,CONTACTED,CASE-0704,PERSON-0831 coordinated with PERSON-0921 under CASE-0704.,1,POS_STANDARD_MULTI_CHANNEL,VAL
ADV-PAIR-0252,PERSON-0725,PERSON-0449,CONTACTED,CASE-0900,PERSON-0725 coordinated with PERSON-0449 under CASE-0900.,1,POS_STANDARD_MULTI_CHANNEL,TRAIN
ADV-PAIR-0253,PERSON-0940,PERSON-0290,CONTACTED,CASE-0794,PERSON-0940 coordinated with PERSON-0290 under CASE-0794.,1,POS_STANDARD_MULTI_CHANNEL,TRAIN
ADV-PAIR-0254,PERSON-0054,PERSON-0809,CONTACTED,CASE-0686,PERSON-0054 coordinated with PERSON-0809 under CASE-0686.,1,POS_STANDARD_MULTI_CHANNEL,TRAIN
ADV-PAIR-0255,PERSON-0742,PERSON-0873,CONTACTED,CASE-1235,PERSON-0742 coordinated with PERSON-0873 under CASE-1235.,1,POS_STANDARD_MULTI_CHANNEL,TRAIN
ADV-PAIR-0256,PERSON-0145,PERSON-0939,CONTACTED,CASE-0717,PERSON-0145 coordinated with PERSON-0939 under CASE-0717.,1,POS_STANDARD_MULTI_CHANNEL,VAL
ADV-PAIR-0257,PERSON-0402,PERSON-0133,CONTACTED,CASE-1219,PERSON-0402 coordinated with PERSON-0133 under CASE-1219.,1,POS_STANDARD_MULTI_CHANNEL,TRAIN
ADV-PAIR-0258,PERSON-0386,PERSON-0659,CONTACTED,CASE-0673,PERSON-0386 coordinated with PERSON-0659 under CASE-0673.,1,POS_STANDARD_MULTI_CHANNEL,TRAIN
ADV-PAIR-0259,PERSON-0687,PERSON-0434,CONTACTED,CASE-1042,PERSON-0687 coordinated with PERSON-0434 under CASE-1042.,1,POS_STANDARD_MULTI_CHANNEL,TEST
ADV-PAIR-0260,PERSON-0220,PERSON-0350,CONTACTED,CASE-0996,PERSON-0220 coordinated with PERSON-0350 under CASE-0996.,1,POS_STANDARD_MULTI_CHANNEL,TRAIN
ADV-PAIR-0261,PERSON-0303,PERSON-0865,CONTACTED,CASE-0208,PERSON-0303 coordinated with PERSON-0865 under CASE-0208.,1,POS_STANDARD_MULTI_CHANNEL,TEST
ADV-PAIR-0262,PERSON-0905,PERSON-0540,CONTACTED,CASE-0078,PERSON-0905 coordinated with PERSON-0540 under CASE-0078.,1,POS_STANDARD_MULTI_CHANNEL,VAL
ADV-PAIR-0263,PERSON-0158,PERSON-0167,CONTACTED,CASE-0371,PERSON-0158 coordinated with PERSON-0167 under CASE-0371.,1,POS_STANDARD_MULTI_CHANNEL,TEST
ADV-PAIR-0264,PERSON-0045,PERSON-0421,CONTACTED,CASE-0747,PERSON-0045 coordinated with PERSON-0421 under CASE-0747.,1,POS_STANDARD_MULTI_CHANNEL,TRAIN
ADV-PAIR-0265,PERSON-0626,PERSON-0292,CONTACTED,CASE-0920,PERSON-0626 coordinated with PERSON-0292 under CASE-0920.,1,POS_STANDARD_MULTI_CHANNEL,TRAIN
ADV-PAIR-0266,PERSON-0804,PERSON-0481,CONTACTED,CASE-0398,PERSON-0804 coordinated with PERSON-0481 under CASE-0398.,1,POS_STANDARD_MULTI_CHANNEL,TRAIN
ADV-PAIR-0267,PERSON-0289,PERSON-0797,CONTACTED,CASE-0783,PERSON-0289 coordinated with PERSON-0797 under CASE-0783.,1,POS_STANDARD_MULTI_CHANNEL,VAL
ADV-PAIR-0268,PERSON-0821,PERSON-0620,CONTACTED,CASE-0284,PERSON-0821 coordinated with PERSON-0620 under CASE-0284.,1,POS_STANDARD_MULTI_CHANNEL,TEST
ADV-PAIR-0269,PERSON-0568,PERSON-0957,CONTACTED,CASE-0211,PERSON-0568 coordinated with PERSON-0957 under CASE-0211.,1,POS_STANDARD_MULTI_CHANNEL,TEST
ADV-PAIR-0270,PERSON-0292,PERSON-0086,CONTACTED,CASE-0329,PERSON-0292 coordinated with PERSON-0086 under CASE-0329.,1,POS_STANDARD_MULTI_CHANNEL,TEST
ADV-PAIR-0271,PERSON-0448,PERSON-0094,CONTACTED,CASE-0455,PERSON-0448 coordinated with PERSON-0094 under CASE-0455.,1,POS_STANDARD_MULTI_CHANNEL,TRAIN
ADV-PAIR-0272,PERSON-0425,PERSON-0055,CONTACTED,CASE-0812,PERSON-0425 coordinated with PERSON-0055 under CASE-0812.,1,POS_STANDARD_MULTI_CHANNEL,TRAIN
ADV-PAIR-0273,PERSON-0384,PERSON-0230,CONTACTED,CASE-0058,PERSON-0384 coordinated with PERSON-0230 under CASE-0058.,1,POS_STANDARD_MULTI_CHANNEL,TRAIN
ADV-PAIR-0274,PERSON-0666,PERSON-0344,CONTACTED,CASE-0300,PERSON-0666 coordinated with PERSON-0344 under CASE-0300.,1,POS_STANDARD_MULTI_CHANNEL,TRAIN
ADV-PAIR-0275,PERSON-0143,PERSON-0778,CONTACTED,CASE-0961,PERSON-0143 coordinated with PERSON-0778 under CASE-0961.,1,POS_STANDARD_MULTI_CHANNEL,VAL
ADV-PAIR-0276,PERSON-0221,PERSON-0856,CONTACTED,CASE-0307,PERSON-0221 coordinated with PERSON-0856 under CASE-0307.,1,POS_STANDARD_MULTI_CHANNEL,TRAIN
ADV-PAIR-0277,PERSON-0434,PERSON-0114,CONTACTED,CASE-0591,PERSON-0434 coordinated with PERSON-0114 under CASE-0591.,1,POS_STANDARD_MULTI_CHANNEL,TRAIN
ADV-PAIR-0278,PERSON-0655,PERSON-0813,CONTACTED,CASE-0937,PERSON-0655 coordinated with PERSON-0813 under CASE-0937.,1,POS_STANDARD_MULTI_CHANNEL,TEST
ADV-PAIR-0279,PERSON-0017,PERSON-0648,CONTACTED,CASE-1056,PERSON-0017 coordinated with PERSON-0648 under CASE-1056.,1,POS_STANDARD_MULTI_CHANNEL,VAL
ADV-PAIR-0280,PERSON-0002,PERSON-0630,CONTACTED,CASE-0723,PERSON-0002 coordinated with PERSON-0630 under CASE-0723.,1,POS_STANDARD_MULTI_CHANNEL,TRAIN
ADV-PAIR-0281,PERSON-0088,PERSON-0537,CONTACTED,CASE-0739,PERSON-0088 coordinated with PERSON-0537 under CASE-0739.,1,POS_STANDARD_MULTI_CHANNEL,VAL
ADV-PAIR-0282,PERSON-0806,PERSON-0520,CONTACTED,CASE-1135,PERSON-0806 coordinated with PERSON-0520 under CASE-1135.,1,POS_STANDARD_MULTI_CHANNEL,TRAIN
ADV-PAIR-0283,PERSON-0397,PERSON-0383,CONTACTED,CASE-0520,PERSON-0397 coordinated with PERSON-0383 under CASE-0520.,1,POS_STANDARD_MULTI_CHANNEL,TEST
ADV-PAIR-0284,PERSON-0751,PERSON-0673,CONTACTED,CASE-0213,PERSON-0751 coordinated with PERSON-0673 under CASE-0213.,1,POS_STANDARD_MULTI_CHANNEL,TRAIN
ADV-PAIR-0285,PERSON-0361,PERSON-0560,CONTACTED,CASE-0694,PERSON-0361 coordinated with PERSON-0560 under CASE-0694.,1,POS_STANDARD_MULTI_CHANNEL,TRAIN
ADV-PAIR-0286,PERSON-0491,PERSON-0647,CONTACTED,CASE-0374,PERSON-0491 coordinated with PERSON-0647 under CASE-0374.,1,POS_STANDARD_MULTI_CHANNEL,TRAIN
ADV-PAIR-0287,PERSON-0207,PERSON-0045,CONTACTED,CASE-0409,PERSON-0207 coordinated with PERSON-0045 under CASE-0409.,1,POS_STANDARD_MULTI_CHANNEL,TEST
ADV-PAIR-0288,PERSON-0835,PERSON-0557,CONTACTED,CASE-0970,PERSON-0835 coordinated with PERSON-0557 under CASE-0970.,1,POS_STANDARD_MULTI_CHANNEL,TRAIN
ADV-PAIR-0289,PERSON-0883,PERSON-0800,CONTACTED,CASE-0098,PERSON-0883 coordinated with PERSON-0800 under CASE-0098.,1,POS_STANDARD_MULTI_CHANNEL,TRAIN
ADV-PAIR-0290,PERSON-0377,PERSON-0448,CONTACTED,CASE-0820,PERSON-0377 coordinated with PERSON-0448 under CASE-0820.,1,POS_STANDARD_MULTI_CHANNEL,TRAIN
ADV-PAIR-0291,PERSON-0192,PERSON-0509,CONTACTED,CASE-1019,PERSON-0192 coordinated with PERSON-0509 under CASE-1019.,1,POS_STANDARD_MULTI_CHANNEL,VAL
ADV-PAIR-0292,PERSON-0821,PERSON-0085,CONTACTED,CASE-0870,PERSON-0821 coordinated with PERSON-0085 under CASE-0870.,1,POS_STANDARD_MULTI_CHANNEL,TRAIN
ADV-PAIR-0293,PERSON-0329,PERSON-0106,CONTACTED,CASE-0164,PERSON-0329 coordinated with PERSON-0106 under CASE-0164.,1,POS_STANDARD_MULTI_CHANNEL,TRAIN
ADV-PAIR-0294,PERSON-0735,PERSON-0437,CONTACTED,CASE-0342,PERSON-0735 coordinated with PERSON-0437 under CASE-0342.,1,POS_STANDARD_MULTI_CHANNEL,TRAIN
ADV-PAIR-0295,PERSON-0891,PERSON-0934,CONTACTED,CASE-0723,PERSON-0891 coordinated with PERSON-0934 under CASE-0723.,1,POS_STANDARD_MULTI_CHANNEL,TRAIN
ADV-PAIR-0296,PERSON-0811,PERSON-0971,CONTACTED,CASE-0118,PERSON-0811 coordinated with PERSON-0971 under CASE-0118.,1,POS_STANDARD_MULTI_CHANNEL,TEST
ADV-PAIR-0297,PERSON-0821,PERSON-0768,CONTACTED,CASE-0328,PERSON-0821 coordinated with PERSON-0768 under CASE-0328.,1,POS_STANDARD_MULTI_CHANNEL,TRAIN
ADV-PAIR-0298,PERSON-0069,PERSON-0242,CONTACTED,CASE-0751,PERSON-0069 coordinated with PERSON-0242 under CASE-0751.,1,POS_STANDARD_MULTI_CHANNEL,TRAIN
ADV-PAIR-0299,PERSON-0696,PERSON-0461,CONTACTED,CASE-0760,PERSON-0696 coordinated with PERSON-0461 under CASE-0760.,1,POS_STANDARD_MULTI_CHANNEL,TRAIN
ADV-PAIR-0300,PERSON-0543,PERSON-0376,CONTACTED,CASE-0816,PERSON-0543 coordinated with PERSON-0376 under CASE-0816.,1,POS_STANDARD_MULTI_CHANNEL,TEST
ADV-PAIR-0301,PERSON-0027,PERSON-0754,CONTACTED,CASE-0382,PERSON-0027 coordinated with PERSON-0754 under CASE-0382.,1,POS_STANDARD_MULTI_CHANNEL,VAL
ADV-PAIR-0302,PERSON-0267,PERSON-0721,CONTACTED,CASE-0914,PERSON-0267 coordinated with PERSON-0721 under CASE-0914.,1,POS_STANDARD_MULTI_CHANNEL,TRAIN
ADV-PAIR-0303,PERSON-0939,PERSON-0503,CONTACTED,CASE-0410,PERSON-0939 coordinated with PERSON-0503 under CASE-0410.,1,POS_STANDARD_MULTI_CHANNEL,TRAIN
ADV-PAIR-0304,PERSON-0921,PERSON-0731,CONTACTED,CASE-0912,PERSON-0921 coordinated with PERSON-0731 under CASE-0912.,1,POS_STANDARD_MULTI_CHANNEL,TRAIN
ADV-PAIR-0305,PERSON-0328,PERSON-0684,CONTACTED,CASE-0712,PERSON-0328 coordinated with PERSON-0684 under CASE-0712.,1,POS_STANDARD_MULTI_CHANNEL,TRAIN
ADV-PAIR-0306,PERSON-0308,PERSON-0872,CONTACTED,CASE-0323,PERSON-0308 coordinated with PERSON-0872 under CASE-0323.,1,POS_STANDARD_MULTI_CHANNEL,VAL
ADV-PAIR-0307,PERSON-0179,PERSON-0813,CONTACTED,CASE-0741,PERSON-0179 coordinated with PERSON-0813 under CASE-0741.,1,POS_STANDARD_MULTI_CHANNEL,TRAIN
ADV-PAIR-0308,PERSON-0243,PERSON-0810,CONTACTED,CASE-1012,PERSON-0243 coordinated with PERSON-0810 under CASE-1012.,1,POS_STANDARD_MULTI_CHANNEL,TRAIN
ADV-PAIR-0309,PERSON-0565,PERSON-0133,CONTACTED,CASE-0177,PERSON-0565 coordinated with PERSON-0133 under CASE-0177.,1,POS_STANDARD_MULTI_CHANNEL,TRAIN
ADV-PAIR-0310,PERSON-0788,PERSON-0420,CONTACTED,CASE-1178,PERSON-0788 coordinated with PERSON-0420 under CASE-1178.,1,POS_STANDARD_MULTI_CHANNEL,TRAIN
ADV-PAIR-0311,PERSON-0461,PERSON-0478,CONTACTED,CASE-1060,PERSON-0461 coordinated with PERSON-0478 under CASE-1060.,1,POS_STANDARD_MULTI_CHANNEL,TRAIN
ADV-PAIR-0312,PERSON-0133,PERSON-0444,CONTACTED,CASE-1030,PERSON-0133 coordinated with PERSON-0444 under CASE-1030.,1,POS_STANDARD_MULTI_CHANNEL,TRAIN
ADV-PAIR-0313,PERSON-0531,PERSON-0157,CONTACTED,CASE-0623,PERSON-0531 coordinated with PERSON-0157 under CASE-0623.,1,POS_STANDARD_MULTI_CHANNEL,TRAIN
ADV-PAIR-0314,PERSON-0964,PERSON-0532,CONTACTED,CASE-0582,PERSON-0964 coordinated with PERSON-0532 under CASE-0582.,1,POS_STANDARD_MULTI_CHANNEL,TRAIN
ADV-PAIR-0315,PERSON-0565,PERSON-0282,CONTACTED,CASE-0257,PERSON-0565 coordinated with PERSON-0282 under CASE-0257.,1,POS_STANDARD_MULTI_CHANNEL,TRAIN
ADV-PAIR-0316,PERSON-0657,PERSON-0173,CONTACTED,CASE-1213,PERSON-0657 coordinated with PERSON-0173 under CASE-1213.,1,POS_STANDARD_MULTI_CHANNEL,TEST
ADV-PAIR-0317,PERSON-0738,PERSON-0924,CONTACTED,CASE-1240,PERSON-0738 coordinated with PERSON-0924 under CASE-1240.,1,POS_STANDARD_MULTI_CHANNEL,TRAIN
ADV-PAIR-0318,PERSON-0846,PERSON-0885,CONTACTED,CASE-0059,PERSON-0846 coordinated with PERSON-0885 under CASE-0059.,1,POS_STANDARD_MULTI_CHANNEL,TEST
ADV-PAIR-0319,PERSON-0786,PERSON-0586,CONTACTED,CASE-0854,PERSON-0786 coordinated with PERSON-0586 under CASE-0854.,1,POS_STANDARD_MULTI_CHANNEL,VAL
ADV-PAIR-0320,PERSON-0559,PERSON-0297,CONTACTED,CASE-0619,PERSON-0559 coordinated with PERSON-0297 under CASE-0619.,1,POS_STANDARD_MULTI_CHANNEL,TRAIN
ADV-PAIR-0321,PERSON-0075,PERSON-0706,CONTACTED,CASE-0123,PERSON-0075 coordinated with PERSON-0706 under CASE-0123.,1,POS_STANDARD_MULTI_CHANNEL,TRAIN
ADV-PAIR-0322,PERSON-0349,PERSON-0622,CONTACTED,CASE-0295,PERSON-0349 coordinated with PERSON-0622 under CASE-0295.,1,POS_STANDARD_MULTI_CHANNEL,TRAIN
ADV-PAIR-0323,PERSON-0882,PERSON-0354,CONTACTED,CASE-0817,PERSON-0882 coordinated with PERSON-0354 under CASE-0817.,1,POS_STANDARD_MULTI_CHANNEL,TRAIN
ADV-PAIR-0324,PERSON-0109,PERSON-0327,CONTACTED,CASE-0496,PERSON-0109 coordinated with PERSON-0327 under CASE-0496.,1,POS_STANDARD_MULTI_CHANNEL,TRAIN
ADV-PAIR-0325,PERSON-0100,PERSON-0052,CONTACTED,CASE-0595,PERSON-0100 coordinated with PERSON-0052 under CASE-0595.,1,POS_STANDARD_MULTI_CHANNEL,VAL
ADV-PAIR-0326,PERSON-0887,PERSON-0924,CONTACTED,CASE-0328,PERSON-0887 coordinated with PERSON-0924 under CASE-0328.,1,POS_STANDARD_MULTI_CHANNEL,TRAIN
ADV-PAIR-0327,PERSON-0164,PERSON-0511,CONTACTED,CASE-1055,PERSON-0164 coordinated with PERSON-0511 under CASE-1055.,1,POS_STANDARD_MULTI_CHANNEL,TRAIN
ADV-PAIR-0328,PERSON-0093,PERSON-0968,CONTACTED,CASE-0806,PERSON-0093 coordinated with PERSON-0968 under CASE-0806.,1,POS_STANDARD_MULTI_CHANNEL,TRAIN
ADV-PAIR-0329,PERSON-0362,PERSON-0050,CONTACTED,CASE-0104,PERSON-0362 coordinated with PERSON-0050 under CASE-0104.,1,POS_STANDARD_MULTI_CHANNEL,TRAIN
ADV-PAIR-0330,PERSON-0009,PERSON-0868,CONTACTED,CASE-0221,PERSON-0009 coordinated with PERSON-0868 under CASE-0221.,1,POS_STANDARD_MULTI_CHANNEL,TRAIN
ADV-PAIR-0331,PERSON-0783,PERSON-0413,CONTACTED,CASE-0750,PERSON-0783 coordinated with PERSON-0413 under CASE-0750.,1,POS_STANDARD_MULTI_CHANNEL,TRAIN
ADV-PAIR-0332,PERSON-0296,PERSON-0076,CONTACTED,CASE-0792,PERSON-0296 coordinated with PERSON-0076 under CASE-0792.,1,POS_STANDARD_MULTI_CHANNEL,TRAIN
ADV-PAIR-0333,PERSON-0639,PERSON-0697,CONTACTED,CASE-0244,PERSON-0639 coordinated with PERSON-0697 under CASE-0244.,1,POS_STANDARD_MULTI_CHANNEL,TRAIN
ADV-PAIR-0334,PERSON-0814,PERSON-0348,CONTACTED,CASE-1143,PERSON-0814 coordinated with PERSON-0348 under CASE-1143.,1,POS_STANDARD_MULTI_CHANNEL,TRAIN
ADV-PAIR-0335,PERSON-0522,PERSON-0412,CONTACTED,CASE-1025,PERSON-0522 coordinated with PERSON-0412 under CASE-1025.,1,POS_STANDARD_MULTI_CHANNEL,TRAIN
ADV-PAIR-0336,PERSON-0824,PERSON-0486,CONTACTED,CASE-1064,PERSON-0824 coordinated with PERSON-0486 under CASE-1064.,1,POS_STANDARD_MULTI_CHANNEL,TRAIN
ADV-PAIR-0337,PERSON-0954,PERSON-0628,CONTACTED,CASE-0653,PERSON-0954 coordinated with PERSON-0628 under CASE-0653.,1,POS_STANDARD_MULTI_CHANNEL,VAL
ADV-PAIR-0338,PERSON-0520,PERSON-0849,CONTACTED,CASE-1044,PERSON-0520 coordinated with PERSON-0849 under CASE-1044.,1,POS_STANDARD_MULTI_CHANNEL,TRAIN
ADV-PAIR-0339,PERSON-0018,PERSON-0378,CONTACTED,CASE-0679,PERSON-0018 coordinated with PERSON-0378 under CASE-0679.,1,POS_STANDARD_MULTI_CHANNEL,TRAIN
ADV-PAIR-0340,PERSON-0816,PERSON-0921,CONTACTED,CASE-0055,PERSON-0816 coordinated with PERSON-0921 under CASE-0055.,1,POS_STANDARD_MULTI_CHANNEL,VAL
ADV-PAIR-0341,PERSON-0598,PERSON-0492,CONTACTED,CASE-0350,PERSON-0598 coordinated with PERSON-0492 under CASE-0350.,1,POS_STANDARD_MULTI_CHANNEL,TEST
ADV-PAIR-0342,PERSON-0698,PERSON-0249,CONTACTED,CASE-0065,PERSON-0698 coordinated with PERSON-0249 under CASE-0065.,1,POS_STANDARD_MULTI_CHANNEL,TRAIN
ADV-PAIR-0343,PERSON-0020,PERSON-0452,CONTACTED,CASE-0643,PERSON-0020 coordinated with PERSON-0452 under CASE-0643.,1,POS_STANDARD_MULTI_CHANNEL,TRAIN
ADV-PAIR-0344,PERSON-0794,PERSON-0627,CONTACTED,CASE-0966,PERSON-0794 coordinated with PERSON-0627 under CASE-0966.,1,POS_STANDARD_MULTI_CHANNEL,TRAIN
ADV-PAIR-0345,PERSON-0723,PERSON-0142,CONTACTED,CASE-1063,PERSON-0723 coordinated with PERSON-0142 under CASE-1063.,1,POS_STANDARD_MULTI_CHANNEL,TRAIN
ADV-PAIR-0346,PERSON-0322,PERSON-0980,CONTACTED,CASE-0355,PERSON-0322 coordinated with PERSON-0980 under CASE-0355.,1,POS_STANDARD_MULTI_CHANNEL,TEST
ADV-PAIR-0347,PERSON-0363,PERSON-0693,CONTACTED,CASE-0542,PERSON-0363 coordinated with PERSON-0693 under CASE-0542.,1,POS_STANDARD_MULTI_CHANNEL,TRAIN
ADV-PAIR-0348,PERSON-0306,PERSON-0231,CONTACTED,CASE-0610,PERSON-0306 coordinated with PERSON-0231 under CASE-0610.,1,POS_STANDARD_MULTI_CHANNEL,TEST
ADV-PAIR-0349,PERSON-0501,PERSON-0325,CONTACTED,CASE-0983,PERSON-0501 coordinated with PERSON-0325 under CASE-0983.,1,POS_STANDARD_MULTI_CHANNEL,TRAIN
ADV-PAIR-0350,PERSON-0588,PERSON-0693,CONTACTED,CASE-1113,PERSON-0588 coordinated with PERSON-0693 under CASE-1113.,1,POS_STANDARD_MULTI_CHANNEL,TRAIN
ADV-PAIR-0351,PERSON-0354,PERSON-0978,CONTACTED,CASE-0300,Interception notes confirm PERSON-0354 contacted PERSON-0978.,1,POS_SPARSE_ONE_CHANNEL,TRAIN
ADV-PAIR-0352,PERSON-0979,PERSON-0732,CONTACTED,CASE-0162,Interception notes confirm PERSON-0979 contacted PERSON-0732.,1,POS_SPARSE_ONE_CHANNEL,TEST
ADV-PAIR-0353,PERSON-0672,PERSON-0263,CONTACTED,CASE-0982,Interception notes confirm PERSON-0672 contacted PERSON-0263.,1,POS_SPARSE_ONE_CHANNEL,TRAIN
ADV-PAIR-0354,PERSON-0278,PERSON-0956,CONTACTED,CASE-1152,Interception notes confirm PERSON-0278 contacted PERSON-0956.,1,POS_SPARSE_ONE_CHANNEL,TRAIN
ADV-PAIR-0355,PERSON-0112,PERSON-0631,CONTACTED,CASE-1202,Interception notes confirm PERSON-0112 contacted PERSON-0631.,1,POS_SPARSE_ONE_CHANNEL,TRAIN
ADV-PAIR-0356,PERSON-0686,PERSON-0927,CONTACTED,CASE-1088,Interception notes confirm PERSON-0686 contacted PERSON-0927.,1,POS_SPARSE_ONE_CHANNEL,TRAIN
ADV-PAIR-0357,PERSON-0054,PERSON-0103,CONTACTED,CASE-0847,Interception notes confirm PERSON-0054 contacted PERSON-0103.,1,POS_SPARSE_ONE_CHANNEL,VAL
ADV-PAIR-0358,PERSON-0103,PERSON-0698,CONTACTED,CASE-0282,Interception notes confirm PERSON-0103 contacted PERSON-0698.,1,POS_SPARSE_ONE_CHANNEL,TRAIN
ADV-PAIR-0359,PERSON-0952,PERSON-0162,CONTACTED,CASE-0834,Interception notes confirm PERSON-0952 contacted PERSON-0162.,1,POS_SPARSE_ONE_CHANNEL,TRAIN
ADV-PAIR-0360,PERSON-0489,PERSON-0667,CONTACTED,CASE-0409,Interception notes confirm PERSON-0489 contacted PERSON-0667.,1,POS_SPARSE_ONE_CHANNEL,TEST
ADV-PAIR-0361,PERSON-0329,PERSON-0293,CONTACTED,CASE-0122,Interception notes confirm PERSON-0329 contacted PERSON-0293.,1,POS_SPARSE_ONE_CHANNEL,TRAIN
ADV-PAIR-0362,PERSON-0668,PERSON-0588,CONTACTED,CASE-0476,Interception notes confirm PERSON-0668 contacted PERSON-0588.,1,POS_SPARSE_ONE_CHANNEL,TRAIN
ADV-PAIR-0363,PERSON-0936,PERSON-0944,CONTACTED,CASE-0359,Interception notes confirm PERSON-0936 contacted PERSON-0944.,1,POS_SPARSE_ONE_CHANNEL,TRAIN
ADV-PAIR-0364,PERSON-0957,PERSON-0942,CONTACTED,CASE-0075,Interception notes confirm PERSON-0957 contacted PERSON-0942.,1,POS_SPARSE_ONE_CHANNEL,TRAIN
ADV-PAIR-0365,PERSON-0807,PERSON-0508,CONTACTED,CASE-0382,Interception notes confirm PERSON-0807 contacted PERSON-0508.,1,POS_SPARSE_ONE_CHANNEL,VAL
ADV-PAIR-0366,PERSON-0898,PERSON-0039,CONTACTED,CASE-0019,Interception notes confirm PERSON-0898 contacted PERSON-0039.,1,POS_SPARSE_ONE_CHANNEL,TRAIN
ADV-PAIR-0367,PERSON-0110,PERSON-0951,CONTACTED,CASE-0687,Interception notes confirm PERSON-0110 contacted PERSON-0951.,1,POS_SPARSE_ONE_CHANNEL,TRAIN
ADV-PAIR-0368,PERSON-0557,PERSON-0537,CONTACTED,CASE-1012,Interception notes confirm PERSON-0557 contacted PERSON-0537.,1,POS_SPARSE_ONE_CHANNEL,TRAIN
ADV-PAIR-0369,PERSON-0872,PERSON-0517,CONTACTED,CASE-0959,Interception notes confirm PERSON-0872 contacted PERSON-0517.,1,POS_SPARSE_ONE_CHANNEL,TRAIN
ADV-PAIR-0370,PERSON-0339,PERSON-0167,CONTACTED,CASE-0940,Interception notes confirm PERSON-0339 contacted PERSON-0167.,1,POS_SPARSE_ONE_CHANNEL,TRAIN
ADV-PAIR-0371,PERSON-0191,PERSON-0015,CONTACTED,CASE-0691,Interception notes confirm PERSON-0191 contacted PERSON-0015.,1,POS_SPARSE_ONE_CHANNEL,VAL
ADV-PAIR-0372,PERSON-0691,PERSON-0776,CONTACTED,CASE-0396,Interception notes confirm PERSON-0691 contacted PERSON-0776.,1,POS_SPARSE_ONE_CHANNEL,TRAIN
ADV-PAIR-0373,PERSON-0919,PERSON-0416,CONTACTED,CASE-0876,Interception notes confirm PERSON-0919 contacted PERSON-0416.,1,POS_SPARSE_ONE_CHANNEL,TRAIN
ADV-PAIR-0374,PERSON-0411,PERSON-0686,CONTACTED,CASE-0196,Interception notes confirm PERSON-0411 contacted PERSON-0686.,1,POS_SPARSE_ONE_CHANNEL,TRAIN
ADV-PAIR-0375,PERSON-0489,PERSON-0332,CONTACTED,CASE-0509,Interception notes confirm PERSON-0489 contacted PERSON-0332.,1,POS_SPARSE_ONE_CHANNEL,TRAIN
ADV-PAIR-0376,PERSON-0242,PERSON-0458,CONTACTED,CASE-0547,Interception notes confirm PERSON-0242 contacted PERSON-0458.,1,POS_SPARSE_ONE_CHANNEL,TRAIN
ADV-PAIR-0377,PERSON-0597,PERSON-0741,CONTACTED,CASE-1174,Interception notes confirm PERSON-0597 contacted PERSON-0741.,1,POS_SPARSE_ONE_CHANNEL,TRAIN
ADV-PAIR-0378,PERSON-0369,PERSON-0710,CONTACTED,CASE-0484,Interception notes confirm PERSON-0369 contacted PERSON-0710.,1,POS_SPARSE_ONE_CHANNEL,TEST
ADV-PAIR-0379,PERSON-0477,PERSON-0315,CONTACTED,CASE-0328,Interception notes confirm PERSON-0477 contacted PERSON-0315.,1,POS_SPARSE_ONE_CHANNEL,TRAIN
ADV-PAIR-0380,PERSON-0946,PERSON-0917,CONTACTED,CASE-0637,Interception notes confirm PERSON-0946 contacted PERSON-0917.,1,POS_SPARSE_ONE_CHANNEL,TRAIN
ADV-PAIR-0381,PERSON-0939,PERSON-0964,CONTACTED,CASE-0605,Interception notes confirm PERSON-0939 contacted PERSON-0964.,1,POS_SPARSE_ONE_CHANNEL,VAL
ADV-PAIR-0382,PERSON-0225,PERSON-0981,CONTACTED,CASE-0274,Interception notes confirm PERSON-0225 contacted PERSON-0981.,1,POS_SPARSE_ONE_CHANNEL,TRAIN
ADV-PAIR-0383,PERSON-0766,PERSON-0621,CONTACTED,CASE-0766,Interception notes confirm PERSON-0766 contacted PERSON-0621.,1,POS_SPARSE_ONE_CHANNEL,TRAIN
ADV-PAIR-0384,PERSON-0935,PERSON-0483,CONTACTED,CASE-1101,Interception notes confirm PERSON-0935 contacted PERSON-0483.,1,POS_SPARSE_ONE_CHANNEL,VAL
ADV-PAIR-0385,PERSON-0781,PERSON-0254,CONTACTED,CASE-1221,Interception notes confirm PERSON-0781 contacted PERSON-0254.,1,POS_SPARSE_ONE_CHANNEL,TRAIN
ADV-PAIR-0386,PERSON-0539,PERSON-0458,CONTACTED,CASE-1082,Interception notes confirm PERSON-0539 contacted PERSON-0458.,1,POS_SPARSE_ONE_CHANNEL,TRAIN
ADV-PAIR-0387,PERSON-0940,PERSON-0578,CONTACTED,CASE-0230,Interception notes confirm PERSON-0940 contacted PERSON-0578.,1,POS_SPARSE_ONE_CHANNEL,VAL
ADV-PAIR-0388,PERSON-0925,PERSON-0518,CONTACTED,CASE-0415,Interception notes confirm PERSON-0925 contacted PERSON-0518.,1,POS_SPARSE_ONE_CHANNEL,TRAIN
ADV-PAIR-0389,PERSON-0169,PERSON-0336,CONTACTED,CASE-1066,Interception notes confirm PERSON-0169 contacted PERSON-0336.,1,POS_SPARSE_ONE_CHANNEL,TRAIN
ADV-PAIR-0390,PERSON-0211,PERSON-0735,CONTACTED,CASE-1195,Interception notes confirm PERSON-0211 contacted PERSON-0735.,1,POS_SPARSE_ONE_CHANNEL,TEST
ADV-PAIR-0391,PERSON-0457,PERSON-0829,CONTACTED,CASE-0114,Interception notes confirm PERSON-0457 contacted PERSON-0829.,1,POS_SPARSE_ONE_CHANNEL,TRAIN
ADV-PAIR-0392,PERSON-0426,PERSON-0468,CONTACTED,CASE-1155,Interception notes confirm PERSON-0426 contacted PERSON-0468.,1,POS_SPARSE_ONE_CHANNEL,TRAIN
ADV-PAIR-0393,PERSON-0689,PERSON-0827,CONTACTED,CASE-0632,Interception notes confirm PERSON-0689 contacted PERSON-0827.,1,POS_SPARSE_ONE_CHANNEL,VAL
ADV-PAIR-0394,PERSON-0261,PERSON-0837,CONTACTED,CASE-0007,Interception notes confirm PERSON-0261 contacted PERSON-0837.,1,POS_SPARSE_ONE_CHANNEL,TRAIN
ADV-PAIR-0395,PERSON-0075,PERSON-0047,CONTACTED,CASE-0868,Interception notes confirm PERSON-0075 contacted PERSON-0047.,1,POS_SPARSE_ONE_CHANNEL,TRAIN
ADV-PAIR-0396,PERSON-0555,PERSON-0062,CONTACTED,CASE-0142,Interception notes confirm PERSON-0555 contacted PERSON-0062.,1,POS_SPARSE_ONE_CHANNEL,TRAIN
ADV-PAIR-0397,PERSON-0033,PERSON-0294,CONTACTED,CASE-0838,Interception notes confirm PERSON-0033 contacted PERSON-0294.,1,POS_SPARSE_ONE_CHANNEL,TRAIN
ADV-PAIR-0398,PERSON-0785,PERSON-0657,CONTACTED,CASE-0861,Interception notes confirm PERSON-0785 contacted PERSON-0657.,1,POS_SPARSE_ONE_CHANNEL,TRAIN
ADV-PAIR-0399,PERSON-0460,PERSON-0891,CONTACTED,CASE-0774,Interception notes confirm PERSON-0460 contacted PERSON-0891.,1,POS_SPARSE_ONE_CHANNEL,VAL
ADV-PAIR-0400,PERSON-0988,PERSON-0678,CONTACTED,CASE-1105,Interception notes confirm PERSON-0988 contacted PERSON-0678.,1,POS_SPARSE_ONE_CHANNEL,TEST
ADV-PAIR-0401,PERSON-0122,PERSON-0183,CONTACTED,CASE-1101,Interception notes confirm PERSON-0122 contacted PERSON-0183.,1,POS_SPARSE_ONE_CHANNEL,VAL
ADV-PAIR-0402,PERSON-0746,PERSON-0229,CONTACTED,CASE-0008,Interception notes confirm PERSON-0746 contacted PERSON-0229.,1,POS_SPARSE_ONE_CHANNEL,TRAIN
ADV-PAIR-0403,PERSON-0475,PERSON-0690,CONTACTED,CASE-1116,Interception notes confirm PERSON-0475 contacted PERSON-0690.,1,POS_SPARSE_ONE_CHANNEL,VAL
ADV-PAIR-0404,PERSON-0844,PERSON-0236,CONTACTED,CASE-0507,Interception notes confirm PERSON-0844 contacted PERSON-0236.,1,POS_SPARSE_ONE_CHANNEL,TRAIN
ADV-PAIR-0405,PERSON-0283,PERSON-0194,CONTACTED,CASE-0232,Interception notes confirm PERSON-0283 contacted PERSON-0194.,1,POS_SPARSE_ONE_CHANNEL,TRAIN
ADV-PAIR-0406,PERSON-0430,PERSON-0630,CONTACTED,CASE-0033,Interception notes confirm PERSON-0430 contacted PERSON-0630.,1,POS_SPARSE_ONE_CHANNEL,TEST
ADV-PAIR-0407,PERSON-0104,PERSON-0609,CONTACTED,CASE-0069,Interception notes confirm PERSON-0104 contacted PERSON-0609.,1,POS_SPARSE_ONE_CHANNEL,TEST
ADV-PAIR-0408,PERSON-0721,PERSON-0894,CONTACTED,CASE-0100,Interception notes confirm PERSON-0721 contacted PERSON-0894.,1,POS_SPARSE_ONE_CHANNEL,TRAIN
ADV-PAIR-0409,PERSON-0412,PERSON-0450,CONTACTED,CASE-0480,Interception notes confirm PERSON-0412 contacted PERSON-0450.,1,POS_SPARSE_ONE_CHANNEL,VAL
ADV-PAIR-0410,PERSON-0144,PERSON-0516,CONTACTED,CASE-0593,Interception notes confirm PERSON-0144 contacted PERSON-0516.,1,POS_SPARSE_ONE_CHANNEL,VAL
ADV-PAIR-0411,PERSON-0327,PERSON-0592,CONTACTED,CASE-1225,Interception notes confirm PERSON-0327 contacted PERSON-0592.,1,POS_SPARSE_ONE_CHANNEL,TRAIN
ADV-PAIR-0412,PERSON-0243,PERSON-0310,CONTACTED,CASE-0294,Interception notes confirm PERSON-0243 contacted PERSON-0310.,1,POS_SPARSE_ONE_CHANNEL,TRAIN
ADV-PAIR-0413,PERSON-0227,PERSON-0424,CONTACTED,CASE-0616,Interception notes confirm PERSON-0227 contacted PERSON-0424.,1,POS_SPARSE_ONE_CHANNEL,TRAIN
ADV-PAIR-0414,PERSON-0972,PERSON-0606,CONTACTED,CASE-0359,Interception notes confirm PERSON-0972 contacted PERSON-0606.,1,POS_SPARSE_ONE_CHANNEL,TRAIN
ADV-PAIR-0415,PERSON-0570,PERSON-0508,CONTACTED,CASE-0097,Interception notes confirm PERSON-0570 contacted PERSON-0508.,1,POS_SPARSE_ONE_CHANNEL,TRAIN
ADV-PAIR-0416,PERSON-0688,PERSON-0391,CONTACTED,CASE-1075,Interception notes confirm PERSON-0688 contacted PERSON-0391.,1,POS_SPARSE_ONE_CHANNEL,TRAIN
ADV-PAIR-0417,PERSON-0419,PERSON-0153,CONTACTED,CASE-0615,Interception notes confirm PERSON-0419 contacted PERSON-0153.,1,POS_SPARSE_ONE_CHANNEL,VAL
ADV-PAIR-0418,PERSON-0485,PERSON-0247,CONTACTED,CASE-0462,Interception notes confirm PERSON-0485 contacted PERSON-0247.,1,POS_SPARSE_ONE_CHANNEL,VAL
ADV-PAIR-0419,PERSON-0148,PERSON-0826,CONTACTED,CASE-0949,Interception notes confirm PERSON-0148 contacted PERSON-0826.,1,POS_SPARSE_ONE_CHANNEL,TRAIN
ADV-PAIR-0420,PERSON-0423,PERSON-0992,CONTACTED,CASE-0854,Interception notes confirm PERSON-0423 contacted PERSON-0992.,1,POS_SPARSE_ONE_CHANNEL,VAL
ADV-PAIR-0421,PERSON-0398,PERSON-0249,CONTACTED,CASE-0523,Interception notes confirm PERSON-0398 contacted PERSON-0249.,1,POS_SPARSE_ONE_CHANNEL,TRAIN
ADV-PAIR-0422,PERSON-0081,PERSON-0945,CONTACTED,CASE-0922,Interception notes confirm PERSON-0081 contacted PERSON-0945.,1,POS_SPARSE_ONE_CHANNEL,TRAIN
ADV-PAIR-0423,PERSON-0549,PERSON-0742,CONTACTED,CASE-0391,Interception notes confirm PERSON-0549 contacted PERSON-0742.,1,POS_SPARSE_ONE_CHANNEL,TRAIN
ADV-PAIR-0424,PERSON-0690,PERSON-0620,CONTACTED,CASE-1235,Interception notes confirm PERSON-0690 contacted PERSON-0620.,1,POS_SPARSE_ONE_CHANNEL,TRAIN
ADV-PAIR-0425,PERSON-0193,PERSON-0824,CONTACTED,CASE-1204,Interception notes confirm PERSON-0193 contacted PERSON-0824.,1,POS_SPARSE_ONE_CHANNEL,TRAIN
ADV-PAIR-0426,PERSON-0223,PERSON-0491,CONTACTED,CASE-0428,Interception notes confirm PERSON-0223 contacted PERSON-0491.,1,POS_SPARSE_ONE_CHANNEL,TRAIN
ADV-PAIR-0427,PERSON-0311,PERSON-0980,CONTACTED,CASE-0032,Interception notes confirm PERSON-0311 contacted PERSON-0980.,1,POS_SPARSE_ONE_CHANNEL,TRAIN
ADV-PAIR-0428,PERSON-0986,PERSON-0760,CONTACTED,CASE-0241,Interception notes confirm PERSON-0986 contacted PERSON-0760.,1,POS_SPARSE_ONE_CHANNEL,VAL
ADV-PAIR-0429,PERSON-0937,PERSON-0249,CONTACTED,CASE-1238,Interception notes confirm PERSON-0937 contacted PERSON-0249.,1,POS_SPARSE_ONE_CHANNEL,TRAIN
ADV-PAIR-0430,PERSON-0938,PERSON-0246,CONTACTED,CASE-1131,Interception notes confirm PERSON-0938 contacted PERSON-0246.,1,POS_SPARSE_ONE_CHANNEL,TRAIN
ADV-PAIR-0431,PERSON-0390,PERSON-0478,CONTACTED,CASE-1093,Interception notes confirm PERSON-0390 contacted PERSON-0478.,1,POS_SPARSE_ONE_CHANNEL,TRAIN
ADV-PAIR-0432,PERSON-0268,PERSON-0369,CONTACTED,CASE-1051,Interception notes confirm PERSON-0268 contacted PERSON-0369.,1,POS_SPARSE_ONE_CHANNEL,TEST
ADV-PAIR-0433,PERSON-0101,PERSON-0823,CONTACTED,CASE-0962,Interception notes confirm PERSON-0101 contacted PERSON-0823.,1,POS_SPARSE_ONE_CHANNEL,TRAIN
ADV-PAIR-0434,PERSON-0937,PERSON-0209,CONTACTED,CASE-0760,Interception notes confirm PERSON-0937 contacted PERSON-0209.,1,POS_SPARSE_ONE_CHANNEL,TRAIN
ADV-PAIR-0435,PERSON-0577,PERSON-0885,CONTACTED,CASE-0454,Interception notes confirm PERSON-0577 contacted PERSON-0885.,1,POS_SPARSE_ONE_CHANNEL,TRAIN
ADV-PAIR-0436,PERSON-0268,PERSON-0567,CONTACTED,CASE-1197,Interception notes confirm PERSON-0268 contacted PERSON-0567.,1,POS_SPARSE_ONE_CHANNEL,TRAIN
ADV-PAIR-0437,PERSON-0303,PERSON-0157,CONTACTED,CASE-0402,Interception notes confirm PERSON-0303 contacted PERSON-0157.,1,POS_SPARSE_ONE_CHANNEL,TRAIN
ADV-PAIR-0438,PERSON-0584,PERSON-0854,CONTACTED,CASE-0504,Interception notes confirm PERSON-0584 contacted PERSON-0854.,1,POS_SPARSE_ONE_CHANNEL,TRAIN
ADV-PAIR-0439,PERSON-0967,PERSON-0702,CONTACTED,CASE-0692,Interception notes confirm PERSON-0967 contacted PERSON-0702.,1,POS_SPARSE_ONE_CHANNEL,TRAIN
ADV-PAIR-0440,PERSON-0990,PERSON-0741,CONTACTED,CASE-1005,Interception notes confirm PERSON-0990 contacted PERSON-0741.,1,POS_SPARSE_ONE_CHANNEL,TRAIN
ADV-PAIR-0441,PERSON-0174,PERSON-0144,CONTACTED,CASE-1120,Interception notes confirm PERSON-0174 contacted PERSON-0144.,1,POS_SPARSE_ONE_CHANNEL,TRAIN
ADV-PAIR-0442,PERSON-0658,PERSON-0981,CONTACTED,CASE-0121,Interception notes confirm PERSON-0658 contacted PERSON-0981.,1,POS_SPARSE_ONE_CHANNEL,TRAIN
ADV-PAIR-0443,PERSON-0968,PERSON-0838,CONTACTED,CASE-0100,Interception notes confirm PERSON-0968 contacted PERSON-0838.,1,POS_SPARSE_ONE_CHANNEL,TRAIN
ADV-PAIR-0444,PERSON-0141,PERSON-0863,CONTACTED,CASE-0474,Interception notes confirm PERSON-0141 contacted PERSON-0863.,1,POS_SPARSE_ONE_CHANNEL,TRAIN
ADV-PAIR-0445,PERSON-0010,PERSON-0224,CONTACTED,CASE-1036,Interception notes confirm PERSON-0010 contacted PERSON-0224.,1,POS_SPARSE_ONE_CHANNEL,TRAIN
ADV-PAIR-0446,PERSON-0633,PERSON-0654,CONTACTED,CASE-0990,Interception notes confirm PERSON-0633 contacted PERSON-0654.,1,POS_SPARSE_ONE_CHANNEL,TRAIN
ADV-PAIR-0447,PERSON-0007,PERSON-0545,CONTACTED,CASE-1130,Interception notes confirm PERSON-0007 contacted PERSON-0545.,1,POS_SPARSE_ONE_CHANNEL,TRAIN
ADV-PAIR-0448,PERSON-0543,PERSON-0740,CONTACTED,CASE-0563,Interception notes confirm PERSON-0543 contacted PERSON-0740.,1,POS_SPARSE_ONE_CHANNEL,TEST
ADV-PAIR-0449,PERSON-0018,PERSON-0515,CONTACTED,CASE-0882,Interception notes confirm PERSON-0018 contacted PERSON-0515.,1,POS_SPARSE_ONE_CHANNEL,TRAIN
ADV-PAIR-0450,PERSON-0110,PERSON-0941,CONTACTED,CASE-0198,Interception notes confirm PERSON-0110 contacted PERSON-0941.,1,POS_SPARSE_ONE_CHANNEL,TEST
ADV-PAIR-0451,PERSON-0197,PERSON-0635,CONTACTED,CASE-1079,Interception notes confirm PERSON-0197 contacted PERSON-0635.,1,POS_SPARSE_ONE_CHANNEL,TRAIN
ADV-PAIR-0452,PERSON-0274,PERSON-0815,CONTACTED,CASE-0813,Interception notes confirm PERSON-0274 contacted PERSON-0815.,1,POS_SPARSE_ONE_CHANNEL,TRAIN
ADV-PAIR-0453,PERSON-0471,PERSON-0579,CONTACTED,CASE-0499,Interception notes confirm PERSON-0471 contacted PERSON-0579.,1,POS_SPARSE_ONE_CHANNEL,TEST
ADV-PAIR-0454,PERSON-0308,PERSON-0701,CONTACTED,CASE-0166,Interception notes confirm PERSON-0308 contacted PERSON-0701.,1,POS_SPARSE_ONE_CHANNEL,TRAIN
ADV-PAIR-0455,PERSON-0778,PERSON-0033,CONTACTED,CASE-0192,Interception notes confirm PERSON-0778 contacted PERSON-0033.,1,POS_SPARSE_ONE_CHANNEL,TRAIN
ADV-PAIR-0456,PERSON-0566,PERSON-0488,CONTACTED,CASE-0115,Interception notes confirm PERSON-0566 contacted PERSON-0488.,1,POS_SPARSE_ONE_CHANNEL,VAL
ADV-PAIR-0457,PERSON-0176,PERSON-0085,CONTACTED,CASE-1024,Interception notes confirm PERSON-0176 contacted PERSON-0085.,1,POS_SPARSE_ONE_CHANNEL,TRAIN
ADV-PAIR-0458,PERSON-0804,PERSON-0340,CONTACTED,CASE-1159,Interception notes confirm PERSON-0804 contacted PERSON-0340.,1,POS_SPARSE_ONE_CHANNEL,TRAIN
ADV-PAIR-0459,PERSON-0917,PERSON-0541,CONTACTED,CASE-0088,Interception notes confirm PERSON-0917 contacted PERSON-0541.,1,POS_SPARSE_ONE_CHANNEL,VAL
ADV-PAIR-0460,PERSON-0909,PERSON-0581,CONTACTED,CASE-0974,Interception notes confirm PERSON-0909 contacted PERSON-0581.,1,POS_SPARSE_ONE_CHANNEL,TRAIN
ADV-PAIR-0461,PERSON-0701,PERSON-0948,CONTACTED,CASE-0575,Interception notes confirm PERSON-0701 contacted PERSON-0948.,1,POS_SPARSE_ONE_CHANNEL,TRAIN
ADV-PAIR-0462,PERSON-0674,PERSON-0034,CONTACTED,CASE-0368,Interception notes confirm PERSON-0674 contacted PERSON-0034.,1,POS_SPARSE_ONE_CHANNEL,TRAIN
ADV-PAIR-0463,PERSON-0017,PERSON-0985,CONTACTED,CASE-0425,Interception notes confirm PERSON-0017 contacted PERSON-0985.,1,POS_SPARSE_ONE_CHANNEL,TRAIN
ADV-PAIR-0464,PERSON-0841,PERSON-0408,CONTACTED,CASE-0158,Interception notes confirm PERSON-0841 contacted PERSON-0408.,1,POS_SPARSE_ONE_CHANNEL,TRAIN
ADV-PAIR-0465,PERSON-0247,PERSON-0581,CONTACTED,CASE-0797,Interception notes confirm PERSON-0247 contacted PERSON-0581.,1,POS_SPARSE_ONE_CHANNEL,TEST
ADV-PAIR-0466,PERSON-0340,PERSON-0394,CONTACTED,CASE-0287,Interception notes confirm PERSON-0340 contacted PERSON-0394.,1,POS_SPARSE_ONE_CHANNEL,TEST
ADV-PAIR-0467,PERSON-0742,PERSON-0081,CONTACTED,CASE-1026,Interception notes confirm PERSON-0742 contacted PERSON-0081.,1,POS_SPARSE_ONE_CHANNEL,TRAIN
ADV-PAIR-0468,PERSON-0055,PERSON-0101,CONTACTED,CASE-0896,Interception notes confirm PERSON-0055 contacted PERSON-0101.,1,POS_SPARSE_ONE_CHANNEL,TRAIN
ADV-PAIR-0469,PERSON-0349,PERSON-0620,CONTACTED,CASE-1220,Interception notes confirm PERSON-0349 contacted PERSON-0620.,1,POS_SPARSE_ONE_CHANNEL,TRAIN
ADV-PAIR-0470,PERSON-0031,PERSON-0650,CONTACTED,CASE-0560,Interception notes confirm PERSON-0031 contacted PERSON-0650.,1,POS_SPARSE_ONE_CHANNEL,TEST
ADV-PAIR-0471,PERSON-0503,PERSON-0234,CONTACTED,CASE-0729,Interception notes confirm PERSON-0503 contacted PERSON-0234.,1,POS_SPARSE_ONE_CHANNEL,TRAIN
ADV-PAIR-0472,PERSON-0443,PERSON-0191,CONTACTED,CASE-1200,Interception notes confirm PERSON-0443 contacted PERSON-0191.,1,POS_SPARSE_ONE_CHANNEL,TRAIN
ADV-PAIR-0473,PERSON-0791,PERSON-0634,CONTACTED,CASE-0605,Interception notes confirm PERSON-0791 contacted PERSON-0634.,1,POS_SPARSE_ONE_CHANNEL,VAL
ADV-PAIR-0474,PERSON-0076,PERSON-0085,CONTACTED,CASE-0549,Interception notes confirm PERSON-0076 contacted PERSON-0085.,1,POS_SPARSE_ONE_CHANNEL,TRAIN
ADV-PAIR-0475,PERSON-0803,PERSON-0650,CONTACTED,CASE-0316,Interception notes confirm PERSON-0803 contacted PERSON-0650.,1,POS_SPARSE_ONE_CHANNEL,TRAIN
ADV-PAIR-0476,PERSON-0370,PERSON-0110,CONTACTED,CASE-0188,Interception notes confirm PERSON-0370 contacted PERSON-0110.,1,POS_SPARSE_ONE_CHANNEL,VAL
ADV-PAIR-0477,PERSON-0456,PERSON-0369,CONTACTED,CASE-0553,Interception notes confirm PERSON-0456 contacted PERSON-0369.,1,POS_SPARSE_ONE_CHANNEL,TRAIN
ADV-PAIR-0478,PERSON-0192,PERSON-0442,CONTACTED,CASE-0920,Interception notes confirm PERSON-0192 contacted PERSON-0442.,1,POS_SPARSE_ONE_CHANNEL,TRAIN
ADV-PAIR-0479,PERSON-0418,PERSON-0106,CONTACTED,CASE-0054,Interception notes confirm PERSON-0418 contacted PERSON-0106.,1,POS_SPARSE_ONE_CHANNEL,TRAIN
ADV-PAIR-0480,PERSON-0096,PERSON-0612,CONTACTED,CASE-1225,Interception notes confirm PERSON-0096 contacted PERSON-0612.,1,POS_SPARSE_ONE_CHANNEL,TRAIN
ADV-PAIR-0481,PERSON-0013,PERSON-0299,CONTACTED,CASE-0848,Interception notes confirm PERSON-0013 contacted PERSON-0299.,1,POS_SPARSE_ONE_CHANNEL,TRAIN
ADV-PAIR-0482,PERSON-0743,PERSON-0923,CONTACTED,CASE-1146,Interception notes confirm PERSON-0743 contacted PERSON-0923.,1,POS_SPARSE_ONE_CHANNEL,VAL
ADV-PAIR-0483,PERSON-0586,PERSON-0534,CONTACTED,CASE-0348,Interception notes confirm PERSON-0586 contacted PERSON-0534.,1,POS_SPARSE_ONE_CHANNEL,TRAIN
ADV-PAIR-0484,PERSON-0143,PERSON-0276,CONTACTED,CASE-0617,Interception notes confirm PERSON-0143 contacted PERSON-0276.,1,POS_SPARSE_ONE_CHANNEL,TRAIN
ADV-PAIR-0485,PERSON-0065,PERSON-0172,CONTACTED,CASE-0891,Interception notes confirm PERSON-0065 contacted PERSON-0172.,1,POS_SPARSE_ONE_CHANNEL,TRAIN
ADV-PAIR-0486,PERSON-0496,PERSON-0802,CONTACTED,CASE-0158,Interception notes confirm PERSON-0496 contacted PERSON-0802.,1,POS_SPARSE_ONE_CHANNEL,TRAIN
ADV-PAIR-0487,PERSON-0739,PERSON-0641,CONTACTED,CASE-1016,Interception notes confirm PERSON-0739 contacted PERSON-0641.,1,POS_SPARSE_ONE_CHANNEL,TRAIN
ADV-PAIR-0488,PERSON-0469,PERSON-0110,CONTACTED,CASE-0278,Interception notes confirm PERSON-0469 contacted PERSON-0110.,1,POS_SPARSE_ONE_CHANNEL,TEST
ADV-PAIR-0489,PERSON-0341,PERSON-0862,CONTACTED,CASE-0779,Interception notes confirm PERSON-0341 contacted PERSON-0862.,1,POS_SPARSE_ONE_CHANNEL,TEST
ADV-PAIR-0490,PERSON-0451,PERSON-0343,CONTACTED,CASE-0882,Interception notes confirm PERSON-0451 contacted PERSON-0343.,1,POS_SPARSE_ONE_CHANNEL,TRAIN
ADV-PAIR-0491,PERSON-0998,PERSON-0609,CONTACTED,CASE-0279,Interception notes confirm PERSON-0998 contacted PERSON-0609.,1,POS_SPARSE_ONE_CHANNEL,TRAIN
ADV-PAIR-0492,PERSON-0971,PERSON-0712,CONTACTED,CASE-0412,Interception notes confirm PERSON-0971 contacted PERSON-0712.,1,POS_SPARSE_ONE_CHANNEL,TRAIN
ADV-PAIR-0493,PERSON-0988,PERSON-0408,CONTACTED,CASE-0654,Interception notes confirm PERSON-0988 contacted PERSON-0408.,1,POS_SPARSE_ONE_CHANNEL,TRAIN
ADV-PAIR-0494,PERSON-0649,PERSON-0503,CONTACTED,CASE-1180,Interception notes confirm PERSON-0649 contacted PERSON-0503.,1,POS_SPARSE_ONE_CHANNEL,TRAIN
ADV-PAIR-0495,PERSON-0386,PERSON-0288,CONTACTED,CASE-0805,Interception notes confirm PERSON-0386 contacted PERSON-0288.,1,POS_SPARSE_ONE_CHANNEL,TRAIN
ADV-PAIR-0496,PERSON-0205,PERSON-0607,CONTACTED,CASE-1118,Interception notes confirm PERSON-0205 contacted PERSON-0607.,1,POS_SPARSE_ONE_CHANNEL,TRAIN
ADV-PAIR-0497,PERSON-0028,PERSON-0976,CONTACTED,CASE-0946,Interception notes confirm PERSON-0028 contacted PERSON-0976.,1,POS_SPARSE_ONE_CHANNEL,TRAIN
ADV-PAIR-0498,PERSON-0449,PERSON-0817,CONTACTED,CASE-0597,Interception notes confirm PERSON-0449 contacted PERSON-0817.,1,POS_SPARSE_ONE_CHANNEL,TRAIN
ADV-PAIR-0499,PERSON-0839,PERSON-0869,CONTACTED,CASE-0838,Interception notes confirm PERSON-0839 contacted PERSON-0869.,1,POS_SPARSE_ONE_CHANNEL,TRAIN
ADV-PAIR-0500,PERSON-0649,PERSON-0311,CONTACTED,CASE-0496,Interception notes confirm PERSON-0649 contacted PERSON-0311.,1,POS_SPARSE_ONE_CHANNEL,TRAIN
ADV-PAIR-0501,PERSON-0733,PERSON-0434,TRANSFERRED_TO,CASE-0773,Token remittance payment from PERSON-0733 to PERSON-0434.,1,POS_LOW_VOLUME_HAWALA,TRAIN
ADV-PAIR-0502,PERSON-0613,PERSON-0491,TRANSFERRED_TO,CASE-1193,Token remittance payment from PERSON-0613 to PERSON-0491.,1,POS_LOW_VOLUME_HAWALA,TRAIN
ADV-PAIR-0503,PERSON-0519,PERSON-0946,TRANSFERRED_TO,CASE-0857,Token remittance payment from PERSON-0519 to PERSON-0946.,1,POS_LOW_VOLUME_HAWALA,TEST
ADV-PAIR-0504,PERSON-0810,PERSON-0992,TRANSFERRED_TO,CASE-0737,Token remittance payment from PERSON-0810 to PERSON-0992.,1,POS_LOW_VOLUME_HAWALA,TEST
ADV-PAIR-0505,PERSON-0832,PERSON-0550,TRANSFERRED_TO,CASE-1217,Token remittance payment from PERSON-0832 to PERSON-0550.,1,POS_LOW_VOLUME_HAWALA,VAL
ADV-PAIR-0506,PERSON-0088,PERSON-0112,TRANSFERRED_TO,CASE-0509,Token remittance payment from PERSON-0088 to PERSON-0112.,1,POS_LOW_VOLUME_HAWALA,TRAIN
ADV-PAIR-0507,PERSON-0364,PERSON-0171,TRANSFERRED_TO,CASE-0091,Token remittance payment from PERSON-0364 to PERSON-0171.,1,POS_LOW_VOLUME_HAWALA,TRAIN
ADV-PAIR-0508,PERSON-0661,PERSON-0694,TRANSFERRED_TO,CASE-0819,Token remittance payment from PERSON-0661 to PERSON-0694.,1,POS_LOW_VOLUME_HAWALA,TRAIN
ADV-PAIR-0509,PERSON-0340,PERSON-0989,TRANSFERRED_TO,CASE-0882,Token remittance payment from PERSON-0340 to PERSON-0989.,1,POS_LOW_VOLUME_HAWALA,TRAIN
ADV-PAIR-0510,PERSON-0101,PERSON-0265,TRANSFERRED_TO,CASE-0455,Token remittance payment from PERSON-0101 to PERSON-0265.,1,POS_LOW_VOLUME_HAWALA,TRAIN
ADV-PAIR-0511,PERSON-0532,PERSON-0572,TRANSFERRED_TO,CASE-1189,Token remittance payment from PERSON-0532 to PERSON-0572.,1,POS_LOW_VOLUME_HAWALA,TEST
ADV-PAIR-0512,PERSON-0227,PERSON-0457,TRANSFERRED_TO,CASE-0767,Token remittance payment from PERSON-0227 to PERSON-0457.,1,POS_LOW_VOLUME_HAWALA,TRAIN
ADV-PAIR-0513,PERSON-0791,PERSON-0696,TRANSFERRED_TO,CASE-1206,Token remittance payment from PERSON-0791 to PERSON-0696.,1,POS_LOW_VOLUME_HAWALA,TRAIN
ADV-PAIR-0514,PERSON-0155,PERSON-0354,TRANSFERRED_TO,CASE-0051,Token remittance payment from PERSON-0155 to PERSON-0354.,1,POS_LOW_VOLUME_HAWALA,TEST
ADV-PAIR-0515,PERSON-0303,PERSON-0426,TRANSFERRED_TO,CASE-0176,Token remittance payment from PERSON-0303 to PERSON-0426.,1,POS_LOW_VOLUME_HAWALA,TRAIN
ADV-PAIR-0516,PERSON-0964,PERSON-0748,TRANSFERRED_TO,CASE-0291,Token remittance payment from PERSON-0964 to PERSON-0748.,1,POS_LOW_VOLUME_HAWALA,VAL
ADV-PAIR-0517,PERSON-0352,PERSON-0467,TRANSFERRED_TO,CASE-0424,Token remittance payment from PERSON-0352 to PERSON-0467.,1,POS_LOW_VOLUME_HAWALA,VAL
ADV-PAIR-0518,PERSON-0357,PERSON-0488,TRANSFERRED_TO,CASE-0200,Token remittance payment from PERSON-0357 to PERSON-0488.,1,POS_LOW_VOLUME_HAWALA,TRAIN
ADV-PAIR-0519,PERSON-0714,PERSON-0464,TRANSFERRED_TO,CASE-0654,Token remittance payment from PERSON-0714 to PERSON-0464.,1,POS_LOW_VOLUME_HAWALA,TRAIN
ADV-PAIR-0520,PERSON-0046,PERSON-0830,TRANSFERRED_TO,CASE-0236,Token remittance payment from PERSON-0046 to PERSON-0830.,1,POS_LOW_VOLUME_HAWALA,TRAIN
ADV-PAIR-0521,PERSON-0352,PERSON-0664,TRANSFERRED_TO,CASE-0224,Token remittance payment from PERSON-0352 to PERSON-0664.,1,POS_LOW_VOLUME_HAWALA,VAL
ADV-PAIR-0522,PERSON-0169,PERSON-0953,TRANSFERRED_TO,CASE-0500,Token remittance payment from PERSON-0169 to PERSON-0953.,1,POS_LOW_VOLUME_HAWALA,TRAIN
ADV-PAIR-0523,PERSON-0566,PERSON-0164,TRANSFERRED_TO,CASE-0678,Token remittance payment from PERSON-0566 to PERSON-0164.,1,POS_LOW_VOLUME_HAWALA,TRAIN
ADV-PAIR-0524,PERSON-0982,PERSON-0474,TRANSFERRED_TO,CASE-0475,Token remittance payment from PERSON-0982 to PERSON-0474.,1,POS_LOW_VOLUME_HAWALA,TRAIN
ADV-PAIR-0525,PERSON-0645,PERSON-0189,TRANSFERRED_TO,CASE-0382,Token remittance payment from PERSON-0645 to PERSON-0189.,1,POS_LOW_VOLUME_HAWALA,VAL
ADV-PAIR-0526,PERSON-0443,PERSON-0406,TRANSFERRED_TO,CASE-0060,Token remittance payment from PERSON-0443 to PERSON-0406.,1,POS_LOW_VOLUME_HAWALA,TEST
ADV-PAIR-0527,PERSON-0905,PERSON-0203,TRANSFERRED_TO,CASE-0921,Token remittance payment from PERSON-0905 to PERSON-0203.,1,POS_LOW_VOLUME_HAWALA,TRAIN
ADV-PAIR-0528,PERSON-0399,PERSON-0005,TRANSFERRED_TO,CASE-0440,Token remittance payment from PERSON-0399 to PERSON-0005.,1,POS_LOW_VOLUME_HAWALA,TEST
ADV-PAIR-0529,PERSON-0771,PERSON-0721,TRANSFERRED_TO,CASE-0129,Token remittance payment from PERSON-0771 to PERSON-0721.,1,POS_LOW_VOLUME_HAWALA,TEST
ADV-PAIR-0530,PERSON-0819,PERSON-0893,TRANSFERRED_TO,CASE-1100,Token remittance payment from PERSON-0819 to PERSON-0893.,1,POS_LOW_VOLUME_HAWALA,VAL
ADV-PAIR-0531,PERSON-0334,PERSON-0202,TRANSFERRED_TO,CASE-0938,Token remittance payment from PERSON-0334 to PERSON-0202.,1,POS_LOW_VOLUME_HAWALA,VAL
ADV-PAIR-0532,PERSON-0687,PERSON-0884,TRANSFERRED_TO,CASE-1003,Token remittance payment from PERSON-0687 to PERSON-0884.,1,POS_LOW_VOLUME_HAWALA,TRAIN
ADV-PAIR-0533,PERSON-0655,PERSON-0321,TRANSFERRED_TO,CASE-1223,Token remittance payment from PERSON-0655 to PERSON-0321.,1,POS_LOW_VOLUME_HAWALA,TRAIN
ADV-PAIR-0534,PERSON-0402,PERSON-0602,TRANSFERRED_TO,CASE-0234,Token remittance payment from PERSON-0402 to PERSON-0602.,1,POS_LOW_VOLUME_HAWALA,TEST
ADV-PAIR-0535,PERSON-0866,PERSON-0469,TRANSFERRED_TO,CASE-0354,Token remittance payment from PERSON-0866 to PERSON-0469.,1,POS_LOW_VOLUME_HAWALA,TRAIN
ADV-PAIR-0536,PERSON-0723,PERSON-0820,TRANSFERRED_TO,CASE-0610,Token remittance payment from PERSON-0723 to PERSON-0820.,1,POS_LOW_VOLUME_HAWALA,TEST
ADV-PAIR-0537,PERSON-0605,PERSON-0087,TRANSFERRED_TO,CASE-0275,Token remittance payment from PERSON-0605 to PERSON-0087.,1,POS_LOW_VOLUME_HAWALA,VAL
ADV-PAIR-0538,PERSON-0245,PERSON-0313,TRANSFERRED_TO,CASE-0240,Token remittance payment from PERSON-0245 to PERSON-0313.,1,POS_LOW_VOLUME_HAWALA,TRAIN
ADV-PAIR-0539,PERSON-0711,PERSON-0145,TRANSFERRED_TO,CASE-1047,Token remittance payment from PERSON-0711 to PERSON-0145.,1,POS_LOW_VOLUME_HAWALA,TRAIN
ADV-PAIR-0540,PERSON-0611,PERSON-0142,TRANSFERRED_TO,CASE-1178,Token remittance payment from PERSON-0611 to PERSON-0142.,1,POS_LOW_VOLUME_HAWALA,TRAIN
ADV-PAIR-0541,PERSON-0191,PERSON-0499,TRANSFERRED_TO,CASE-1101,Token remittance payment from PERSON-0191 to PERSON-0499.,1,POS_LOW_VOLUME_HAWALA,VAL
ADV-PAIR-0542,PERSON-0661,PERSON-0954,TRANSFERRED_TO,CASE-0355,Token remittance payment from PERSON-0661 to PERSON-0954.,1,POS_LOW_VOLUME_HAWALA,TEST
ADV-PAIR-0543,PERSON-0502,PERSON-0296,TRANSFERRED_TO,CASE-0288,Token remittance payment from PERSON-0502 to PERSON-0296.,1,POS_LOW_VOLUME_HAWALA,TRAIN
ADV-PAIR-0544,PERSON-0863,PERSON-0462,TRANSFERRED_TO,CASE-0110,Token remittance payment from PERSON-0863 to PERSON-0462.,1,POS_LOW_VOLUME_HAWALA,TRAIN
ADV-PAIR-0545,PERSON-0975,PERSON-0010,TRANSFERRED_TO,CASE-0993,Token remittance payment from PERSON-0975 to PERSON-0010.,1,POS_LOW_VOLUME_HAWALA,TRAIN
ADV-PAIR-0546,PERSON-0835,PERSON-0394,TRANSFERRED_TO,CASE-1151,Token remittance payment from PERSON-0835 to PERSON-0394.,1,POS_LOW_VOLUME_HAWALA,TRAIN
ADV-PAIR-0547,PERSON-0507,PERSON-0419,TRANSFERRED_TO,CASE-1008,Token remittance payment from PERSON-0507 to PERSON-0419.,1,POS_LOW_VOLUME_HAWALA,TEST
ADV-PAIR-0548,PERSON-0861,PERSON-0455,TRANSFERRED_TO,CASE-1001,Token remittance payment from PERSON-0861 to PERSON-0455.,1,POS_LOW_VOLUME_HAWALA,TEST
ADV-PAIR-0549,PERSON-0579,PERSON-0032,TRANSFERRED_TO,CASE-0452,Token remittance payment from PERSON-0579 to PERSON-0032.,1,POS_LOW_VOLUME_HAWALA,TRAIN
ADV-PAIR-0550,PERSON-0282,PERSON-0231,TRANSFERRED_TO,CASE-1102,Token remittance payment from PERSON-0282 to PERSON-0231.,1,POS_LOW_VOLUME_HAWALA,TRAIN
ADV-PAIR-0551,PERSON-0800,PERSON-0469,TRANSFERRED_TO,CASE-1159,Token remittance payment from PERSON-0800 to PERSON-0469.,1,POS_LOW_VOLUME_HAWALA,TRAIN
ADV-PAIR-0552,PERSON-0785,PERSON-0508,TRANSFERRED_TO,CASE-1126,Token remittance payment from PERSON-0785 to PERSON-0508.,1,POS_LOW_VOLUME_HAWALA,TEST
ADV-PAIR-0553,PERSON-0587,PERSON-0117,TRANSFERRED_TO,CASE-0549,Token remittance payment from PERSON-0587 to PERSON-0117.,1,POS_LOW_VOLUME_HAWALA,TRAIN
ADV-PAIR-0554,PERSON-0844,PERSON-0376,TRANSFERRED_TO,CASE-1111,Token remittance payment from PERSON-0844 to PERSON-0376.,1,POS_LOW_VOLUME_HAWALA,TRAIN
ADV-PAIR-0555,PERSON-0043,PERSON-0779,TRANSFERRED_TO,CASE-0904,Token remittance payment from PERSON-0043 to PERSON-0779.,1,POS_LOW_VOLUME_HAWALA,TRAIN
ADV-PAIR-0556,PERSON-0436,PERSON-0105,TRANSFERRED_TO,CASE-0507,Token remittance payment from PERSON-0436 to PERSON-0105.,1,POS_LOW_VOLUME_HAWALA,TRAIN
ADV-PAIR-0557,PERSON-0034,PERSON-0461,TRANSFERRED_TO,CASE-0539,Token remittance payment from PERSON-0034 to PERSON-0461.,1,POS_LOW_VOLUME_HAWALA,TRAIN
ADV-PAIR-0558,PERSON-0837,PERSON-0090,TRANSFERRED_TO,CASE-0900,Token remittance payment from PERSON-0837 to PERSON-0090.,1,POS_LOW_VOLUME_HAWALA,TRAIN
ADV-PAIR-0559,PERSON-0121,PERSON-0795,TRANSFERRED_TO,CASE-0486,Token remittance payment from PERSON-0121 to PERSON-0795.,1,POS_LOW_VOLUME_HAWALA,TRAIN
ADV-PAIR-0560,PERSON-0756,PERSON-0603,TRANSFERRED_TO,CASE-0719,Token remittance payment from PERSON-0756 to PERSON-0603.,1,POS_LOW_VOLUME_HAWALA,TEST
ADV-PAIR-0561,PERSON-0625,PERSON-0648,TRANSFERRED_TO,CASE-0877,Token remittance payment from PERSON-0625 to PERSON-0648.,1,POS_LOW_VOLUME_HAWALA,TRAIN
ADV-PAIR-0562,PERSON-0143,PERSON-0804,TRANSFERRED_TO,CASE-0424,Token remittance payment from PERSON-0143 to PERSON-0804.,1,POS_LOW_VOLUME_HAWALA,VAL
ADV-PAIR-0563,PERSON-0825,PERSON-0061,TRANSFERRED_TO,CASE-1168,Token remittance payment from PERSON-0825 to PERSON-0061.,1,POS_LOW_VOLUME_HAWALA,TRAIN
ADV-PAIR-0564,PERSON-0288,PERSON-0612,TRANSFERRED_TO,CASE-1104,Token remittance payment from PERSON-0288 to PERSON-0612.,1,POS_LOW_VOLUME_HAWALA,TRAIN
ADV-PAIR-0565,PERSON-0721,PERSON-0300,TRANSFERRED_TO,CASE-0593,Token remittance payment from PERSON-0721 to PERSON-0300.,1,POS_LOW_VOLUME_HAWALA,VAL
ADV-PAIR-0566,PERSON-0976,PERSON-0879,TRANSFERRED_TO,CASE-1054,Token remittance payment from PERSON-0976 to PERSON-0879.,1,POS_LOW_VOLUME_HAWALA,TRAIN
ADV-PAIR-0567,PERSON-0696,PERSON-0835,TRANSFERRED_TO,CASE-0196,Token remittance payment from PERSON-0696 to PERSON-0835.,1,POS_LOW_VOLUME_HAWALA,TRAIN
ADV-PAIR-0568,PERSON-0769,PERSON-0805,TRANSFERRED_TO,CASE-0843,Token remittance payment from PERSON-0769 to PERSON-0805.,1,POS_LOW_VOLUME_HAWALA,TRAIN
ADV-PAIR-0569,PERSON-0284,PERSON-0888,TRANSFERRED_TO,CASE-0260,Token remittance payment from PERSON-0284 to PERSON-0888.,1,POS_LOW_VOLUME_HAWALA,VAL
ADV-PAIR-0570,PERSON-0136,PERSON-0256,TRANSFERRED_TO,CASE-0300,Token remittance payment from PERSON-0136 to PERSON-0256.,1,POS_LOW_VOLUME_HAWALA,TRAIN
ADV-PAIR-0571,PERSON-0849,PERSON-0254,TRANSFERRED_TO,CASE-0805,Token remittance payment from PERSON-0849 to PERSON-0254.,1,POS_LOW_VOLUME_HAWALA,TRAIN
ADV-PAIR-0572,PERSON-0592,PERSON-0648,TRANSFERRED_TO,CASE-0551,Token remittance payment from PERSON-0592 to PERSON-0648.,1,POS_LOW_VOLUME_HAWALA,TRAIN
ADV-PAIR-0573,PERSON-0385,PERSON-0463,TRANSFERRED_TO,CASE-0155,Token remittance payment from PERSON-0385 to PERSON-0463.,1,POS_LOW_VOLUME_HAWALA,TRAIN
ADV-PAIR-0574,PERSON-0902,PERSON-0788,TRANSFERRED_TO,CASE-0191,Token remittance payment from PERSON-0902 to PERSON-0788.,1,POS_LOW_VOLUME_HAWALA,TRAIN
ADV-PAIR-0575,PERSON-0768,PERSON-0285,TRANSFERRED_TO,CASE-0756,Token remittance payment from PERSON-0768 to PERSON-0285.,1,POS_LOW_VOLUME_HAWALA,TRAIN
ADV-PAIR-0576,PERSON-0500,PERSON-0336,TRANSFERRED_TO,CASE-1192,Token remittance payment from PERSON-0500 to PERSON-0336.,1,POS_LOW_VOLUME_HAWALA,VAL
ADV-PAIR-0577,PERSON-0793,PERSON-0868,TRANSFERRED_TO,CASE-0191,Token remittance payment from PERSON-0793 to PERSON-0868.,1,POS_LOW_VOLUME_HAWALA,TRAIN
ADV-PAIR-0578,PERSON-0470,PERSON-0651,TRANSFERRED_TO,CASE-0734,Token remittance payment from PERSON-0470 to PERSON-0651.,1,POS_LOW_VOLUME_HAWALA,TRAIN
ADV-PAIR-0579,PERSON-0815,PERSON-0548,TRANSFERRED_TO,CASE-0815,Token remittance payment from PERSON-0815 to PERSON-0548.,1,POS_LOW_VOLUME_HAWALA,VAL
ADV-PAIR-0580,PERSON-0440,PERSON-0845,TRANSFERRED_TO,CASE-0434,Token remittance payment from PERSON-0440 to PERSON-0845.,1,POS_LOW_VOLUME_HAWALA,TRAIN
ADV-PAIR-0581,PERSON-0331,PERSON-0849,TRANSFERRED_TO,CASE-0581,Token remittance payment from PERSON-0331 to PERSON-0849.,1,POS_LOW_VOLUME_HAWALA,VAL
ADV-PAIR-0582,PERSON-0592,PERSON-0134,TRANSFERRED_TO,CASE-1160,Token remittance payment from PERSON-0592 to PERSON-0134.,1,POS_LOW_VOLUME_HAWALA,TRAIN
ADV-PAIR-0583,PERSON-0808,PERSON-0352,TRANSFERRED_TO,CASE-0100,Token remittance payment from PERSON-0808 to PERSON-0352.,1,POS_LOW_VOLUME_HAWALA,TRAIN
ADV-PAIR-0584,PERSON-0642,PERSON-0803,TRANSFERRED_TO,CASE-0942,Token remittance payment from PERSON-0642 to PERSON-0803.,1,POS_LOW_VOLUME_HAWALA,VAL
ADV-PAIR-0585,PERSON-0952,PERSON-0879,TRANSFERRED_TO,CASE-0324,Token remittance payment from PERSON-0952 to PERSON-0879.,1,POS_LOW_VOLUME_HAWALA,TRAIN
ADV-PAIR-0586,PERSON-0001,PERSON-0982,TRANSFERRED_TO,CASE-0877,Token remittance payment from PERSON-0001 to PERSON-0982.,1,POS_LOW_VOLUME_HAWALA,TRAIN
ADV-PAIR-0587,PERSON-0706,PERSON-0932,TRANSFERRED_TO,CASE-0271,Token remittance payment from PERSON-0706 to PERSON-0932.,1,POS_LOW_VOLUME_HAWALA,TRAIN
ADV-PAIR-0588,PERSON-0310,PERSON-0163,TRANSFERRED_TO,CASE-0562,Token remittance payment from PERSON-0310 to PERSON-0163.,1,POS_LOW_VOLUME_HAWALA,TRAIN
ADV-PAIR-0589,PERSON-0370,PERSON-0257,TRANSFERRED_TO,CASE-0169,Token remittance payment from PERSON-0370 to PERSON-0257.,1,POS_LOW_VOLUME_HAWALA,VAL
ADV-PAIR-0590,PERSON-0926,PERSON-0665,TRANSFERRED_TO,CASE-0339,Token remittance payment from PERSON-0926 to PERSON-0665.,1,POS_LOW_VOLUME_HAWALA,TRAIN
ADV-PAIR-0591,PERSON-0641,PERSON-0313,TRANSFERRED_TO,CASE-0480,Token remittance payment from PERSON-0641 to PERSON-0313.,1,POS_LOW_VOLUME_HAWALA,VAL
ADV-PAIR-0592,PERSON-0094,PERSON-0721,TRANSFERRED_TO,CASE-0195,Token remittance payment from PERSON-0094 to PERSON-0721.,1,POS_LOW_VOLUME_HAWALA,TRAIN
ADV-PAIR-0593,PERSON-0489,PERSON-0080,TRANSFERRED_TO,CASE-0272,Token remittance payment from PERSON-0489 to PERSON-0080.,1,POS_LOW_VOLUME_HAWALA,VAL
ADV-PAIR-0594,PERSON-0532,PERSON-0697,TRANSFERRED_TO,CASE-0912,Token remittance payment from PERSON-0532 to PERSON-0697.,1,POS_LOW_VOLUME_HAWALA,TRAIN
ADV-PAIR-0595,PERSON-0713,PERSON-0352,TRANSFERRED_TO,CASE-0247,Token remittance payment from PERSON-0713 to PERSON-0352.,1,POS_LOW_VOLUME_HAWALA,TRAIN
ADV-PAIR-0596,PERSON-0433,PERSON-0711,TRANSFERRED_TO,CASE-0271,Token remittance payment from PERSON-0433 to PERSON-0711.,1,POS_LOW_VOLUME_HAWALA,TRAIN
ADV-PAIR-0597,PERSON-0235,PERSON-0393,TRANSFERRED_TO,CASE-0183,Token remittance payment from PERSON-0235 to PERSON-0393.,1,POS_LOW_VOLUME_HAWALA,TEST
ADV-PAIR-0598,PERSON-0105,PERSON-0106,TRANSFERRED_TO,CASE-0642,Token remittance payment from PERSON-0105 to PERSON-0106.,1,POS_LOW_VOLUME_HAWALA,TRAIN
ADV-PAIR-0599,PERSON-0307,PERSON-0141,TRANSFERRED_TO,CASE-0784,Token remittance payment from PERSON-0307 to PERSON-0141.,1,POS_LOW_VOLUME_HAWALA,TRAIN
ADV-PAIR-0600,PERSON-0772,PERSON-0896,TRANSFERRED_TO,CASE-0273,Token remittance payment from PERSON-0772 to PERSON-0896.,1,POS_LOW_VOLUME_HAWALA,VAL
ADV-PAIR-0601,PERSON-0694,PERSON-0147,CONTACTED,CASE-0141,"Co-named in investigation CASE-0141; witness and accused, no operational nexus.",0,NEG_CO_ACCUSED_NO_NEXUS,TRAIN
ADV-PAIR-0602,PERSON-0544,PERSON-0577,CONTACTED,CASE-0018,"Co-named in investigation CASE-0018; witness and accused, no operational nexus.",0,NEG_CO_ACCUSED_NO_NEXUS,TRAIN
ADV-PAIR-0603,PERSON-0625,PERSON-0666,CONTACTED,CASE-0337,"Co-named in investigation CASE-0337; witness and accused, no operational nexus.",0,NEG_CO_ACCUSED_NO_NEXUS,TRAIN
ADV-PAIR-0604,PERSON-0451,PERSON-0360,CONTACTED,CASE-0437,"Co-named in investigation CASE-0437; witness and accused, no operational nexus.",0,NEG_CO_ACCUSED_NO_NEXUS,TRAIN
ADV-PAIR-0605,PERSON-0644,PERSON-0767,CONTACTED,CASE-0311,"Co-named in investigation CASE-0311; witness and accused, no operational nexus.",0,NEG_CO_ACCUSED_NO_NEXUS,TRAIN
ADV-PAIR-0606,PERSON-0942,PERSON-0422,CONTACTED,CASE-0907,"Co-named in investigation CASE-0907; witness and accused, no operational nexus.",0,NEG_CO_ACCUSED_NO_NEXUS,TEST
ADV-PAIR-0607,PERSON-0881,PERSON-0223,CONTACTED,CASE-0178,"Co-named in investigation CASE-0178; witness and accused, no operational nexus.",0,NEG_CO_ACCUSED_NO_NEXUS,TRAIN
ADV-PAIR-0608,PERSON-0919,PERSON-0103,CONTACTED,CASE-0287,"Co-named in investigation CASE-0287; witness and accused, no operational nexus.",0,NEG_CO_ACCUSED_NO_NEXUS,TEST
ADV-PAIR-0609,PERSON-0771,PERSON-0127,CONTACTED,CASE-1208,"Co-named in investigation CASE-1208; witness and accused, no operational nexus.",0,NEG_CO_ACCUSED_NO_NEXUS,VAL
ADV-PAIR-0610,PERSON-0748,PERSON-0394,CONTACTED,CASE-0720,"Co-named in investigation CASE-0720; witness and accused, no operational nexus.",0,NEG_CO_ACCUSED_NO_NEXUS,TRAIN
ADV-PAIR-0611,PERSON-0987,PERSON-0440,CONTACTED,CASE-0645,"Co-named in investigation CASE-0645; witness and accused, no operational nexus.",0,NEG_CO_ACCUSED_NO_NEXUS,TRAIN
ADV-PAIR-0612,PERSON-0811,PERSON-0144,CONTACTED,CASE-0508,"Co-named in investigation CASE-0508; witness and accused, no operational nexus.",0,NEG_CO_ACCUSED_NO_NEXUS,TRAIN
ADV-PAIR-0613,PERSON-0284,PERSON-0661,CONTACTED,CASE-0173,"Co-named in investigation CASE-0173; witness and accused, no operational nexus.",0,NEG_CO_ACCUSED_NO_NEXUS,TRAIN
ADV-PAIR-0614,PERSON-0255,PERSON-0567,CONTACTED,CASE-1231,"Co-named in investigation CASE-1231; witness and accused, no operational nexus.",0,NEG_CO_ACCUSED_NO_NEXUS,TRAIN
ADV-PAIR-0615,PERSON-0615,PERSON-0739,CONTACTED,CASE-1245,"Co-named in investigation CASE-1245; witness and accused, no operational nexus.",0,NEG_CO_ACCUSED_NO_NEXUS,TRAIN
ADV-PAIR-0616,PERSON-0292,PERSON-0798,CONTACTED,CASE-0055,"Co-named in investigation CASE-0055; witness and accused, no operational nexus.",0,NEG_CO_ACCUSED_NO_NEXUS,VAL
ADV-PAIR-0617,PERSON-0869,PERSON-0868,CONTACTED,CASE-0618,"Co-named in investigation CASE-0618; witness and accused, no operational nexus.",0,NEG_CO_ACCUSED_NO_NEXUS,TRAIN
ADV-PAIR-0618,PERSON-0211,PERSON-0531,CONTACTED,CASE-1243,"Co-named in investigation CASE-1243; witness and accused, no operational nexus.",0,NEG_CO_ACCUSED_NO_NEXUS,TRAIN
ADV-PAIR-0619,PERSON-0522,PERSON-0194,CONTACTED,CASE-0803,"Co-named in investigation CASE-0803; witness and accused, no operational nexus.",0,NEG_CO_ACCUSED_NO_NEXUS,TRAIN
ADV-PAIR-0620,PERSON-0303,PERSON-0662,CONTACTED,CASE-0112,"Co-named in investigation CASE-0112; witness and accused, no operational nexus.",0,NEG_CO_ACCUSED_NO_NEXUS,VAL
ADV-PAIR-0621,PERSON-0803,PERSON-0920,CONTACTED,CASE-0491,"Co-named in investigation CASE-0491; witness and accused, no operational nexus.",0,NEG_CO_ACCUSED_NO_NEXUS,VAL
ADV-PAIR-0622,PERSON-0507,PERSON-0396,CONTACTED,CASE-0231,"Co-named in investigation CASE-0231; witness and accused, no operational nexus.",0,NEG_CO_ACCUSED_NO_NEXUS,TRAIN
ADV-PAIR-0623,PERSON-0247,PERSON-0512,CONTACTED,CASE-1217,"Co-named in investigation CASE-1217; witness and accused, no operational nexus.",0,NEG_CO_ACCUSED_NO_NEXUS,VAL
ADV-PAIR-0624,PERSON-0073,PERSON-0541,CONTACTED,CASE-0025,"Co-named in investigation CASE-0025; witness and accused, no operational nexus.",0,NEG_CO_ACCUSED_NO_NEXUS,VAL
ADV-PAIR-0625,PERSON-0370,PERSON-0957,CONTACTED,CASE-0649,"Co-named in investigation CASE-0649; witness and accused, no operational nexus.",0,NEG_CO_ACCUSED_NO_NEXUS,TRAIN
ADV-PAIR-0626,PERSON-0136,PERSON-0397,CONTACTED,CASE-1165,"Co-named in investigation CASE-1165; witness and accused, no operational nexus.",0,NEG_CO_ACCUSED_NO_NEXUS,TEST
ADV-PAIR-0627,PERSON-0431,PERSON-0375,CONTACTED,CASE-1119,"Co-named in investigation CASE-1119; witness and accused, no operational nexus.",0,NEG_CO_ACCUSED_NO_NEXUS,TRAIN
ADV-PAIR-0628,PERSON-0700,PERSON-0177,CONTACTED,CASE-0965,"Co-named in investigation CASE-0965; witness and accused, no operational nexus.",0,NEG_CO_ACCUSED_NO_NEXUS,VAL
ADV-PAIR-0629,PERSON-0978,PERSON-0789,CONTACTED,CASE-0150,"Co-named in investigation CASE-0150; witness and accused, no operational nexus.",0,NEG_CO_ACCUSED_NO_NEXUS,VAL
ADV-PAIR-0630,PERSON-0018,PERSON-0602,CONTACTED,CASE-0139,"Co-named in investigation CASE-0139; witness and accused, no operational nexus.",0,NEG_CO_ACCUSED_NO_NEXUS,TRAIN
ADV-PAIR-0631,PERSON-0015,PERSON-0269,CONTACTED,CASE-0442,"Co-named in investigation CASE-0442; witness and accused, no operational nexus.",0,NEG_CO_ACCUSED_NO_NEXUS,TEST
ADV-PAIR-0632,PERSON-0041,PERSON-0945,CONTACTED,CASE-0124,"Co-named in investigation CASE-0124; witness and accused, no operational nexus.",0,NEG_CO_ACCUSED_NO_NEXUS,TRAIN
ADV-PAIR-0633,PERSON-0972,PERSON-0809,CONTACTED,CASE-0816,"Co-named in investigation CASE-0816; witness and accused, no operational nexus.",0,NEG_CO_ACCUSED_NO_NEXUS,TEST
ADV-PAIR-0634,PERSON-0519,PERSON-0294,CONTACTED,CASE-1027,"Co-named in investigation CASE-1027; witness and accused, no operational nexus.",0,NEG_CO_ACCUSED_NO_NEXUS,TEST
ADV-PAIR-0635,PERSON-0786,PERSON-0426,CONTACTED,CASE-0868,"Co-named in investigation CASE-0868; witness and accused, no operational nexus.",0,NEG_CO_ACCUSED_NO_NEXUS,TRAIN
ADV-PAIR-0636,PERSON-0719,PERSON-0412,CONTACTED,CASE-0169,"Co-named in investigation CASE-0169; witness and accused, no operational nexus.",0,NEG_CO_ACCUSED_NO_NEXUS,VAL
ADV-PAIR-0637,PERSON-0656,PERSON-0550,CONTACTED,CASE-1102,"Co-named in investigation CASE-1102; witness and accused, no operational nexus.",0,NEG_CO_ACCUSED_NO_NEXUS,TRAIN
ADV-PAIR-0638,PERSON-0631,PERSON-0157,CONTACTED,CASE-0569,"Co-named in investigation CASE-0569; witness and accused, no operational nexus.",0,NEG_CO_ACCUSED_NO_NEXUS,TEST
ADV-PAIR-0639,PERSON-0086,PERSON-0318,CONTACTED,CASE-0162,"Co-named in investigation CASE-0162; witness and accused, no operational nexus.",0,NEG_CO_ACCUSED_NO_NEXUS,TEST
ADV-PAIR-0640,PERSON-0524,PERSON-0944,CONTACTED,CASE-0417,"Co-named in investigation CASE-0417; witness and accused, no operational nexus.",0,NEG_CO_ACCUSED_NO_NEXUS,TRAIN
ADV-PAIR-0641,PERSON-0998,PERSON-0828,CONTACTED,CASE-0319,"Co-named in investigation CASE-0319; witness and accused, no operational nexus.",0,NEG_CO_ACCUSED_NO_NEXUS,TEST
ADV-PAIR-0642,PERSON-0550,PERSON-0335,CONTACTED,CASE-0801,"Co-named in investigation CASE-0801; witness and accused, no operational nexus.",0,NEG_CO_ACCUSED_NO_NEXUS,VAL
ADV-PAIR-0643,PERSON-0601,PERSON-0650,CONTACTED,CASE-0136,"Co-named in investigation CASE-0136; witness and accused, no operational nexus.",0,NEG_CO_ACCUSED_NO_NEXUS,TRAIN
ADV-PAIR-0644,PERSON-0318,PERSON-0716,CONTACTED,CASE-0896,"Co-named in investigation CASE-0896; witness and accused, no operational nexus.",0,NEG_CO_ACCUSED_NO_NEXUS,TRAIN
ADV-PAIR-0645,PERSON-0748,PERSON-0977,CONTACTED,CASE-0489,"Co-named in investigation CASE-0489; witness and accused, no operational nexus.",0,NEG_CO_ACCUSED_NO_NEXUS,TRAIN
ADV-PAIR-0646,PERSON-0060,PERSON-0251,CONTACTED,CASE-0177,"Co-named in investigation CASE-0177; witness and accused, no operational nexus.",0,NEG_CO_ACCUSED_NO_NEXUS,TRAIN
ADV-PAIR-0647,PERSON-0947,PERSON-0445,CONTACTED,CASE-0238,"Co-named in investigation CASE-0238; witness and accused, no operational nexus.",0,NEG_CO_ACCUSED_NO_NEXUS,TRAIN
ADV-PAIR-0648,PERSON-0465,PERSON-0627,CONTACTED,CASE-1247,"Co-named in investigation CASE-1247; witness and accused, no operational nexus.",0,NEG_CO_ACCUSED_NO_NEXUS,TEST
ADV-PAIR-0649,PERSON-0057,PERSON-0317,CONTACTED,CASE-0360,"Co-named in investigation CASE-0360; witness and accused, no operational nexus.",0,NEG_CO_ACCUSED_NO_NEXUS,TRAIN
ADV-PAIR-0650,PERSON-0123,PERSON-0013,CONTACTED,CASE-0282,"Co-named in investigation CASE-0282; witness and accused, no operational nexus.",0,NEG_CO_ACCUSED_NO_NEXUS,TRAIN
ADV-PAIR-0651,PERSON-0719,PERSON-0012,CONTACTED,CASE-0336,"Co-named in investigation CASE-0336; witness and accused, no operational nexus.",0,NEG_CO_ACCUSED_NO_NEXUS,VAL
ADV-PAIR-0652,PERSON-0509,PERSON-0976,CONTACTED,CASE-0711,"Co-named in investigation CASE-0711; witness and accused, no operational nexus.",0,NEG_CO_ACCUSED_NO_NEXUS,TRAIN
ADV-PAIR-0653,PERSON-0536,PERSON-0530,CONTACTED,CASE-0531,"Co-named in investigation CASE-0531; witness and accused, no operational nexus.",0,NEG_CO_ACCUSED_NO_NEXUS,TRAIN
ADV-PAIR-0654,PERSON-0171,PERSON-0381,CONTACTED,CASE-0260,"Co-named in investigation CASE-0260; witness and accused, no operational nexus.",0,NEG_CO_ACCUSED_NO_NEXUS,VAL
ADV-PAIR-0655,PERSON-0768,PERSON-0800,CONTACTED,CASE-0551,"Co-named in investigation CASE-0551; witness and accused, no operational nexus.",0,NEG_CO_ACCUSED_NO_NEXUS,TRAIN
ADV-PAIR-0656,PERSON-0751,PERSON-0908,CONTACTED,CASE-0242,"Co-named in investigation CASE-0242; witness and accused, no operational nexus.",0,NEG_CO_ACCUSED_NO_NEXUS,TRAIN
ADV-PAIR-0657,PERSON-0790,PERSON-0922,CONTACTED,CASE-0061,"Co-named in investigation CASE-0061; witness and accused, no operational nexus.",0,NEG_CO_ACCUSED_NO_NEXUS,TRAIN
ADV-PAIR-0658,PERSON-0344,PERSON-0827,CONTACTED,CASE-0880,"Co-named in investigation CASE-0880; witness and accused, no operational nexus.",0,NEG_CO_ACCUSED_NO_NEXUS,TRAIN
ADV-PAIR-0659,PERSON-0279,PERSON-0537,CONTACTED,CASE-0131,"Co-named in investigation CASE-0131; witness and accused, no operational nexus.",0,NEG_CO_ACCUSED_NO_NEXUS,TRAIN
ADV-PAIR-0660,PERSON-0270,PERSON-0730,CONTACTED,CASE-1181,"Co-named in investigation CASE-1181; witness and accused, no operational nexus.",0,NEG_CO_ACCUSED_NO_NEXUS,TRAIN
ADV-PAIR-0661,PERSON-0643,PERSON-0079,CONTACTED,CASE-1017,"Co-named in investigation CASE-1017; witness and accused, no operational nexus.",0,NEG_CO_ACCUSED_NO_NEXUS,TRAIN
ADV-PAIR-0662,PERSON-0467,PERSON-0524,CONTACTED,CASE-0738,"Co-named in investigation CASE-0738; witness and accused, no operational nexus.",0,NEG_CO_ACCUSED_NO_NEXUS,TRAIN
ADV-PAIR-0663,PERSON-0057,PERSON-0512,CONTACTED,CASE-1161,"Co-named in investigation CASE-1161; witness and accused, no operational nexus.",0,NEG_CO_ACCUSED_NO_NEXUS,TRAIN
ADV-PAIR-0664,PERSON-0171,PERSON-0377,CONTACTED,CASE-0323,"Co-named in investigation CASE-0323; witness and accused, no operational nexus.",0,NEG_CO_ACCUSED_NO_NEXUS,VAL
ADV-PAIR-0665,PERSON-0262,PERSON-0792,CONTACTED,CASE-0211,"Co-named in investigation CASE-0211; witness and accused, no operational nexus.",0,NEG_CO_ACCUSED_NO_NEXUS,TEST
ADV-PAIR-0666,PERSON-0916,PERSON-0588,CONTACTED,CASE-0237,"Co-named in investigation CASE-0237; witness and accused, no operational nexus.",0,NEG_CO_ACCUSED_NO_NEXUS,VAL
ADV-PAIR-0667,PERSON-0234,PERSON-0759,CONTACTED,CASE-1043,"Co-named in investigation CASE-1043; witness and accused, no operational nexus.",0,NEG_CO_ACCUSED_NO_NEXUS,TRAIN
ADV-PAIR-0668,PERSON-0003,PERSON-0046,CONTACTED,CASE-0026,"Co-named in investigation CASE-0026; witness and accused, no operational nexus.",0,NEG_CO_ACCUSED_NO_NEXUS,TRAIN
ADV-PAIR-0669,PERSON-0251,PERSON-0048,CONTACTED,CASE-0967,"Co-named in investigation CASE-0967; witness and accused, no operational nexus.",0,NEG_CO_ACCUSED_NO_NEXUS,TRAIN
ADV-PAIR-0670,PERSON-0373,PERSON-0393,CONTACTED,CASE-0308,"Co-named in investigation CASE-0308; witness and accused, no operational nexus.",0,NEG_CO_ACCUSED_NO_NEXUS,TRAIN
ADV-PAIR-0671,PERSON-0184,PERSON-0954,CONTACTED,CASE-0073,"Co-named in investigation CASE-0073; witness and accused, no operational nexus.",0,NEG_CO_ACCUSED_NO_NEXUS,TRAIN
ADV-PAIR-0672,PERSON-0567,PERSON-0823,CONTACTED,CASE-0859,"Co-named in investigation CASE-0859; witness and accused, no operational nexus.",0,NEG_CO_ACCUSED_NO_NEXUS,TEST
ADV-PAIR-0673,PERSON-0230,PERSON-0330,CONTACTED,CASE-0509,"Co-named in investigation CASE-0509; witness and accused, no operational nexus.",0,NEG_CO_ACCUSED_NO_NEXUS,TRAIN
ADV-PAIR-0674,PERSON-0427,PERSON-0938,CONTACTED,CASE-0656,"Co-named in investigation CASE-0656; witness and accused, no operational nexus.",0,NEG_CO_ACCUSED_NO_NEXUS,TEST
ADV-PAIR-0675,PERSON-0278,PERSON-0846,CONTACTED,CASE-0160,"Co-named in investigation CASE-0160; witness and accused, no operational nexus.",0,NEG_CO_ACCUSED_NO_NEXUS,VAL
ADV-PAIR-0676,PERSON-0586,PERSON-0382,CONTACTED,CASE-0245,"Co-named in investigation CASE-0245; witness and accused, no operational nexus.",0,NEG_CO_ACCUSED_NO_NEXUS,TEST
ADV-PAIR-0677,PERSON-0515,PERSON-0690,CONTACTED,CASE-0108,"Co-named in investigation CASE-0108; witness and accused, no operational nexus.",0,NEG_CO_ACCUSED_NO_NEXUS,TRAIN
ADV-PAIR-0678,PERSON-0184,PERSON-0229,CONTACTED,CASE-1057,"Co-named in investigation CASE-1057; witness and accused, no operational nexus.",0,NEG_CO_ACCUSED_NO_NEXUS,VAL
ADV-PAIR-0679,PERSON-0048,PERSON-0977,CONTACTED,CASE-0822,"Co-named in investigation CASE-0822; witness and accused, no operational nexus.",0,NEG_CO_ACCUSED_NO_NEXUS,TRAIN
ADV-PAIR-0680,PERSON-0071,PERSON-0899,CONTACTED,CASE-0953,"Co-named in investigation CASE-0953; witness and accused, no operational nexus.",0,NEG_CO_ACCUSED_NO_NEXUS,TRAIN
ADV-PAIR-0681,PERSON-0887,PERSON-0290,CONTACTED,CASE-0637,"Co-named in investigation CASE-0637; witness and accused, no operational nexus.",0,NEG_CO_ACCUSED_NO_NEXUS,TRAIN
ADV-PAIR-0682,PERSON-0336,PERSON-0089,CONTACTED,CASE-1133,"Co-named in investigation CASE-1133; witness and accused, no operational nexus.",0,NEG_CO_ACCUSED_NO_NEXUS,TRAIN
ADV-PAIR-0683,PERSON-0468,PERSON-0009,CONTACTED,CASE-0756,"Co-named in investigation CASE-0756; witness and accused, no operational nexus.",0,NEG_CO_ACCUSED_NO_NEXUS,TRAIN
ADV-PAIR-0684,PERSON-0206,PERSON-0299,CONTACTED,CASE-1155,"Co-named in investigation CASE-1155; witness and accused, no operational nexus.",0,NEG_CO_ACCUSED_NO_NEXUS,TRAIN
ADV-PAIR-0685,PERSON-0804,PERSON-0312,CONTACTED,CASE-0497,"Co-named in investigation CASE-0497; witness and accused, no operational nexus.",0,NEG_CO_ACCUSED_NO_NEXUS,TRAIN
ADV-PAIR-0686,PERSON-0476,PERSON-0378,CONTACTED,CASE-1212,"Co-named in investigation CASE-1212; witness and accused, no operational nexus.",0,NEG_CO_ACCUSED_NO_NEXUS,TRAIN
ADV-PAIR-0687,PERSON-0996,PERSON-0506,CONTACTED,CASE-0401,"Co-named in investigation CASE-0401; witness and accused, no operational nexus.",0,NEG_CO_ACCUSED_NO_NEXUS,TRAIN
ADV-PAIR-0688,PERSON-0751,PERSON-0923,CONTACTED,CASE-1120,"Co-named in investigation CASE-1120; witness and accused, no operational nexus.",0,NEG_CO_ACCUSED_NO_NEXUS,TRAIN
ADV-PAIR-0689,PERSON-0779,PERSON-0816,CONTACTED,CASE-0503,"Co-named in investigation CASE-0503; witness and accused, no operational nexus.",0,NEG_CO_ACCUSED_NO_NEXUS,TRAIN
ADV-PAIR-0690,PERSON-0155,PERSON-0007,CONTACTED,CASE-0840,"Co-named in investigation CASE-0840; witness and accused, no operational nexus.",0,NEG_CO_ACCUSED_NO_NEXUS,TRAIN
ADV-PAIR-0691,PERSON-0025,PERSON-0239,CONTACTED,CASE-1110,"Co-named in investigation CASE-1110; witness and accused, no operational nexus.",0,NEG_CO_ACCUSED_NO_NEXUS,TRAIN
ADV-PAIR-0692,PERSON-0355,PERSON-0652,CONTACTED,CASE-0020,"Co-named in investigation CASE-0020; witness and accused, no operational nexus.",0,NEG_CO_ACCUSED_NO_NEXUS,VAL
ADV-PAIR-0693,PERSON-0974,PERSON-0344,CONTACTED,CASE-0003,"Co-named in investigation CASE-0003; witness and accused, no operational nexus.",0,NEG_CO_ACCUSED_NO_NEXUS,VAL
ADV-PAIR-0694,PERSON-0778,PERSON-0674,CONTACTED,CASE-0771,"Co-named in investigation CASE-0771; witness and accused, no operational nexus.",0,NEG_CO_ACCUSED_NO_NEXUS,TRAIN
ADV-PAIR-0695,PERSON-0870,PERSON-0756,CONTACTED,CASE-0630,"Co-named in investigation CASE-0630; witness and accused, no operational nexus.",0,NEG_CO_ACCUSED_NO_NEXUS,VAL
ADV-PAIR-0696,PERSON-0107,PERSON-0211,CONTACTED,CASE-1086,"Co-named in investigation CASE-1086; witness and accused, no operational nexus.",0,NEG_CO_ACCUSED_NO_NEXUS,TRAIN
ADV-PAIR-0697,PERSON-0244,PERSON-0430,CONTACTED,CASE-1008,"Co-named in investigation CASE-1008; witness and accused, no operational nexus.",0,NEG_CO_ACCUSED_NO_NEXUS,TEST
ADV-PAIR-0698,PERSON-0985,PERSON-0062,CONTACTED,CASE-0292,"Co-named in investigation CASE-0292; witness and accused, no operational nexus.",0,NEG_CO_ACCUSED_NO_NEXUS,TEST
ADV-PAIR-0699,PERSON-0729,PERSON-0287,CONTACTED,CASE-0191,"Co-named in investigation CASE-0191; witness and accused, no operational nexus.",0,NEG_CO_ACCUSED_NO_NEXUS,TRAIN
ADV-PAIR-0700,PERSON-0045,PERSON-0944,CONTACTED,CASE-0475,"Co-named in investigation CASE-0475; witness and accused, no operational nexus.",0,NEG_CO_ACCUSED_NO_NEXUS,TRAIN
ADV-PAIR-0701,PERSON-0919,PERSON-0866,CONTACTED,CASE-1065,"Co-named in investigation CASE-1065; witness and accused, no operational nexus.",0,NEG_CO_ACCUSED_NO_NEXUS,TRAIN
ADV-PAIR-0702,PERSON-0423,PERSON-0718,CONTACTED,CASE-0763,"Co-named in investigation CASE-0763; witness and accused, no operational nexus.",0,NEG_CO_ACCUSED_NO_NEXUS,TRAIN
ADV-PAIR-0703,PERSON-0470,PERSON-0998,CONTACTED,CASE-0174,"Co-named in investigation CASE-0174; witness and accused, no operational nexus.",0,NEG_CO_ACCUSED_NO_NEXUS,TRAIN
ADV-PAIR-0704,PERSON-0595,PERSON-0098,CONTACTED,CASE-1036,"Co-named in investigation CASE-1036; witness and accused, no operational nexus.",0,NEG_CO_ACCUSED_NO_NEXUS,TRAIN
ADV-PAIR-0705,PERSON-0137,PERSON-0653,CONTACTED,CASE-0808,"Co-named in investigation CASE-0808; witness and accused, no operational nexus.",0,NEG_CO_ACCUSED_NO_NEXUS,TRAIN
ADV-PAIR-0706,PERSON-0077,PERSON-0607,CONTACTED,CASE-1163,"Co-named in investigation CASE-1163; witness and accused, no operational nexus.",0,NEG_CO_ACCUSED_NO_NEXUS,VAL
ADV-PAIR-0707,PERSON-0064,PERSON-0446,CONTACTED,CASE-0268,"Co-named in investigation CASE-0268; witness and accused, no operational nexus.",0,NEG_CO_ACCUSED_NO_NEXUS,TRAIN
ADV-PAIR-0708,PERSON-0243,PERSON-0299,CONTACTED,CASE-0535,"Co-named in investigation CASE-0535; witness and accused, no operational nexus.",0,NEG_CO_ACCUSED_NO_NEXUS,TRAIN
ADV-PAIR-0709,PERSON-0872,PERSON-0323,CONTACTED,CASE-0805,"Co-named in investigation CASE-0805; witness and accused, no operational nexus.",0,NEG_CO_ACCUSED_NO_NEXUS,TRAIN
ADV-PAIR-0710,PERSON-0718,PERSON-0852,CONTACTED,CASE-0669,"Co-named in investigation CASE-0669; witness and accused, no operational nexus.",0,NEG_CO_ACCUSED_NO_NEXUS,TRAIN
ADV-PAIR-0711,PERSON-0326,PERSON-0464,CONTACTED,CASE-0557,"Co-named in investigation CASE-0557; witness and accused, no operational nexus.",0,NEG_CO_ACCUSED_NO_NEXUS,TRAIN
ADV-PAIR-0712,PERSON-0240,PERSON-0077,CONTACTED,CASE-0416,"Co-named in investigation CASE-0416; witness and accused, no operational nexus.",0,NEG_CO_ACCUSED_NO_NEXUS,TRAIN
ADV-PAIR-0713,PERSON-0140,PERSON-0799,CONTACTED,CASE-1198,"Co-named in investigation CASE-1198; witness and accused, no operational nexus.",0,NEG_CO_ACCUSED_NO_NEXUS,TRAIN
ADV-PAIR-0714,PERSON-0112,PERSON-0160,CONTACTED,CASE-0217,"Co-named in investigation CASE-0217; witness and accused, no operational nexus.",0,NEG_CO_ACCUSED_NO_NEXUS,TRAIN
ADV-PAIR-0715,PERSON-0169,PERSON-0461,CONTACTED,CASE-0955,"Co-named in investigation CASE-0955; witness and accused, no operational nexus.",0,NEG_CO_ACCUSED_NO_NEXUS,VAL
ADV-PAIR-0716,PERSON-0322,PERSON-0417,CONTACTED,CASE-0248,"Co-named in investigation CASE-0248; witness and accused, no operational nexus.",0,NEG_CO_ACCUSED_NO_NEXUS,VAL
ADV-PAIR-0717,PERSON-0549,PERSON-0367,CONTACTED,CASE-0426,"Co-named in investigation CASE-0426; witness and accused, no operational nexus.",0,NEG_CO_ACCUSED_NO_NEXUS,VAL
ADV-PAIR-0718,PERSON-0463,PERSON-0316,CONTACTED,CASE-0949,"Co-named in investigation CASE-0949; witness and accused, no operational nexus.",0,NEG_CO_ACCUSED_NO_NEXUS,TRAIN
ADV-PAIR-0719,PERSON-0272,PERSON-0873,CONTACTED,CASE-0246,"Co-named in investigation CASE-0246; witness and accused, no operational nexus.",0,NEG_CO_ACCUSED_NO_NEXUS,TRAIN
ADV-PAIR-0720,PERSON-0093,PERSON-0162,CONTACTED,CASE-0624,"Co-named in investigation CASE-0624; witness and accused, no operational nexus.",0,NEG_CO_ACCUSED_NO_NEXUS,VAL
ADV-PAIR-0721,PERSON-0847,PERSON-0722,CONTACTED,CASE-1236,"Co-named in investigation CASE-1236; witness and accused, no operational nexus.",0,NEG_CO_ACCUSED_NO_NEXUS,TRAIN
ADV-PAIR-0722,PERSON-0042,PERSON-0221,CONTACTED,CASE-0672,"Co-named in investigation CASE-0672; witness and accused, no operational nexus.",0,NEG_CO_ACCUSED_NO_NEXUS,TRAIN
ADV-PAIR-0723,PERSON-0152,PERSON-0094,CONTACTED,CASE-0509,"Co-named in investigation CASE-0509; witness and accused, no operational nexus.",0,NEG_CO_ACCUSED_NO_NEXUS,TRAIN
ADV-PAIR-0724,PERSON-0992,PERSON-0365,CONTACTED,CASE-0812,"Co-named in investigation CASE-0812; witness and accused, no operational nexus.",0,NEG_CO_ACCUSED_NO_NEXUS,TRAIN
ADV-PAIR-0725,PERSON-0526,PERSON-0051,CONTACTED,CASE-0613,"Co-named in investigation CASE-0613; witness and accused, no operational nexus.",0,NEG_CO_ACCUSED_NO_NEXUS,TRAIN
ADV-PAIR-0726,PERSON-0267,PERSON-0840,CONTACTED,CASE-0357,"Co-named in investigation CASE-0357; witness and accused, no operational nexus.",0,NEG_CO_ACCUSED_NO_NEXUS,VAL
ADV-PAIR-0727,PERSON-0032,PERSON-0975,CONTACTED,CASE-0829,"Co-named in investigation CASE-0829; witness and accused, no operational nexus.",0,NEG_CO_ACCUSED_NO_NEXUS,TRAIN
ADV-PAIR-0728,PERSON-0876,PERSON-0464,CONTACTED,CASE-1139,"Co-named in investigation CASE-1139; witness and accused, no operational nexus.",0,NEG_CO_ACCUSED_NO_NEXUS,TRAIN
ADV-PAIR-0729,PERSON-0767,PERSON-0564,CONTACTED,CASE-0512,"Co-named in investigation CASE-0512; witness and accused, no operational nexus.",0,NEG_CO_ACCUSED_NO_NEXUS,TRAIN
ADV-PAIR-0730,PERSON-0097,PERSON-0474,CONTACTED,CASE-0209,"Co-named in investigation CASE-0209; witness and accused, no operational nexus.",0,NEG_CO_ACCUSED_NO_NEXUS,TRAIN
ADV-PAIR-0731,PERSON-0824,PERSON-0813,CONTACTED,CASE-0287,"Co-named in investigation CASE-0287; witness and accused, no operational nexus.",0,NEG_CO_ACCUSED_NO_NEXUS,TEST
ADV-PAIR-0732,PERSON-0125,PERSON-0013,CONTACTED,CASE-0127,"Co-named in investigation CASE-0127; witness and accused, no operational nexus.",0,NEG_CO_ACCUSED_NO_NEXUS,TEST
ADV-PAIR-0733,PERSON-0851,PERSON-0800,CONTACTED,CASE-0456,"Co-named in investigation CASE-0456; witness and accused, no operational nexus.",0,NEG_CO_ACCUSED_NO_NEXUS,TEST
ADV-PAIR-0734,PERSON-0134,PERSON-0203,CONTACTED,CASE-0821,"Co-named in investigation CASE-0821; witness and accused, no operational nexus.",0,NEG_CO_ACCUSED_NO_NEXUS,VAL
ADV-PAIR-0735,PERSON-0382,PERSON-0703,CONTACTED,CASE-0173,"Co-named in investigation CASE-0173; witness and accused, no operational nexus.",0,NEG_CO_ACCUSED_NO_NEXUS,TRAIN
ADV-PAIR-0736,PERSON-0597,PERSON-0601,CONTACTED,CASE-0531,"Co-named in investigation CASE-0531; witness and accused, no operational nexus.",0,NEG_CO_ACCUSED_NO_NEXUS,TRAIN
ADV-PAIR-0737,PERSON-0940,PERSON-0833,CONTACTED,CASE-0154,"Co-named in investigation CASE-0154; witness and accused, no operational nexus.",0,NEG_CO_ACCUSED_NO_NEXUS,TEST
ADV-PAIR-0738,PERSON-0023,PERSON-0067,CONTACTED,CASE-0405,"Co-named in investigation CASE-0405; witness and accused, no operational nexus.",0,NEG_CO_ACCUSED_NO_NEXUS,VAL
ADV-PAIR-0739,PERSON-0925,PERSON-0662,CONTACTED,CASE-0909,"Co-named in investigation CASE-0909; witness and accused, no operational nexus.",0,NEG_CO_ACCUSED_NO_NEXUS,TRAIN
ADV-PAIR-0740,PERSON-0829,PERSON-0132,CONTACTED,CASE-0189,"Co-named in investigation CASE-0189; witness and accused, no operational nexus.",0,NEG_CO_ACCUSED_NO_NEXUS,TRAIN
ADV-PAIR-0741,PERSON-0927,PERSON-0868,CONTACTED,CASE-0680,"Co-named in investigation CASE-0680; witness and accused, no operational nexus.",0,NEG_CO_ACCUSED_NO_NEXUS,TRAIN
ADV-PAIR-0742,PERSON-0126,PERSON-0044,CONTACTED,CASE-0945,"Co-named in investigation CASE-0945; witness and accused, no operational nexus.",0,NEG_CO_ACCUSED_NO_NEXUS,TRAIN
ADV-PAIR-0743,PERSON-0052,PERSON-0173,CONTACTED,CASE-1176,"Co-named in investigation CASE-1176; witness and accused, no operational nexus.",0,NEG_CO_ACCUSED_NO_NEXUS,TRAIN
ADV-PAIR-0744,PERSON-0444,PERSON-0842,CONTACTED,CASE-0809,"Co-named in investigation CASE-0809; witness and accused, no operational nexus.",0,NEG_CO_ACCUSED_NO_NEXUS,VAL
ADV-PAIR-0745,PERSON-0509,PERSON-0031,CONTACTED,CASE-0784,"Co-named in investigation CASE-0784; witness and accused, no operational nexus.",0,NEG_CO_ACCUSED_NO_NEXUS,TRAIN
ADV-PAIR-0746,PERSON-0700,PERSON-0437,CONTACTED,CASE-0354,"Co-named in investigation CASE-0354; witness and accused, no operational nexus.",0,NEG_CO_ACCUSED_NO_NEXUS,TRAIN
ADV-PAIR-0747,PERSON-0363,PERSON-0220,CONTACTED,CASE-0384,"Co-named in investigation CASE-0384; witness and accused, no operational nexus.",0,NEG_CO_ACCUSED_NO_NEXUS,TRAIN
ADV-PAIR-0748,PERSON-0282,PERSON-0287,CONTACTED,CASE-0914,"Co-named in investigation CASE-0914; witness and accused, no operational nexus.",0,NEG_CO_ACCUSED_NO_NEXUS,TRAIN
ADV-PAIR-0749,PERSON-0905,PERSON-0153,CONTACTED,CASE-0071,"Co-named in investigation CASE-0071; witness and accused, no operational nexus.",0,NEG_CO_ACCUSED_NO_NEXUS,TRAIN
ADV-PAIR-0750,PERSON-0629,PERSON-0635,CONTACTED,CASE-0504,"Co-named in investigation CASE-0504; witness and accused, no operational nexus.",0,NEG_CO_ACCUSED_NO_NEXUS,TRAIN
ADV-PAIR-0751,PERSON-0663,PERSON-0303,TRANSFERRED_TO,CASE-1022,Commercial hardware vendor invoice payment of 105918.75 INR under CASE-1022.,0,NEG_HIGH_VOLUME_COMMERCIAL,TRAIN
ADV-PAIR-0752,PERSON-0564,PERSON-0491,TRANSFERRED_TO,CASE-0125,Commercial hardware vendor invoice payment of 54035.45 INR under CASE-0125.,0,NEG_HIGH_VOLUME_COMMERCIAL,TRAIN
ADV-PAIR-0753,PERSON-0393,PERSON-0141,TRANSFERRED_TO,CASE-0859,Commercial hardware vendor invoice payment of 71913.25 INR under CASE-0859.,0,NEG_HIGH_VOLUME_COMMERCIAL,TEST
ADV-PAIR-0754,PERSON-0906,PERSON-0817,TRANSFERRED_TO,CASE-1077,Commercial hardware vendor invoice payment of 79863.64 INR under CASE-1077.,0,NEG_HIGH_VOLUME_COMMERCIAL,TRAIN
ADV-PAIR-0755,PERSON-0822,PERSON-0557,TRANSFERRED_TO,CASE-0040,Commercial hardware vendor invoice payment of 198304.58 INR under CASE-0040.,0,NEG_HIGH_VOLUME_COMMERCIAL,TRAIN
ADV-PAIR-0756,PERSON-0801,PERSON-0731,TRANSFERRED_TO,CASE-0736,Commercial hardware vendor invoice payment of 116749.51 INR under CASE-0736.,0,NEG_HIGH_VOLUME_COMMERCIAL,TRAIN
ADV-PAIR-0757,PERSON-0801,PERSON-0497,TRANSFERRED_TO,CASE-0705,Commercial hardware vendor invoice payment of 186028.32 INR under CASE-0705.,0,NEG_HIGH_VOLUME_COMMERCIAL,TRAIN
ADV-PAIR-0758,PERSON-0515,PERSON-0330,TRANSFERRED_TO,CASE-0796,Commercial hardware vendor invoice payment of 83269.71 INR under CASE-0796.,0,NEG_HIGH_VOLUME_COMMERCIAL,TRAIN
ADV-PAIR-0759,PERSON-0027,PERSON-0327,TRANSFERRED_TO,CASE-1223,Commercial hardware vendor invoice payment of 75043.23 INR under CASE-1223.,0,NEG_HIGH_VOLUME_COMMERCIAL,TRAIN
ADV-PAIR-0760,PERSON-0918,PERSON-0831,TRANSFERRED_TO,CASE-0576,Commercial hardware vendor invoice payment of 49374.6 INR under CASE-0576.,0,NEG_HIGH_VOLUME_COMMERCIAL,VAL
ADV-PAIR-0761,PERSON-0484,PERSON-0543,TRANSFERRED_TO,CASE-0733,Commercial hardware vendor invoice payment of 162694.75 INR under CASE-0733.,0,NEG_HIGH_VOLUME_COMMERCIAL,TRAIN
ADV-PAIR-0762,PERSON-0239,PERSON-0998,TRANSFERRED_TO,CASE-0327,Commercial hardware vendor invoice payment of 56021.49 INR under CASE-0327.,0,NEG_HIGH_VOLUME_COMMERCIAL,TRAIN
ADV-PAIR-0763,PERSON-0673,PERSON-0247,TRANSFERRED_TO,CASE-0546,Commercial hardware vendor invoice payment of 125390.33 INR under CASE-0546.,0,NEG_HIGH_VOLUME_COMMERCIAL,TRAIN
ADV-PAIR-0764,PERSON-0811,PERSON-0940,TRANSFERRED_TO,CASE-0115,Commercial hardware vendor invoice payment of 162247.96 INR under CASE-0115.,0,NEG_HIGH_VOLUME_COMMERCIAL,VAL
ADV-PAIR-0765,PERSON-0971,PERSON-0225,TRANSFERRED_TO,CASE-1180,Commercial hardware vendor invoice payment of 175440.81 INR under CASE-1180.,0,NEG_HIGH_VOLUME_COMMERCIAL,TRAIN
ADV-PAIR-0766,PERSON-0817,PERSON-0398,TRANSFERRED_TO,CASE-0727,Commercial hardware vendor invoice payment of 189632.97 INR under CASE-0727.,0,NEG_HIGH_VOLUME_COMMERCIAL,VAL
ADV-PAIR-0767,PERSON-0866,PERSON-0178,TRANSFERRED_TO,CASE-0361,Commercial hardware vendor invoice payment of 77848.18 INR under CASE-0361.,0,NEG_HIGH_VOLUME_COMMERCIAL,TRAIN
ADV-PAIR-0768,PERSON-0326,PERSON-0826,TRANSFERRED_TO,CASE-0735,Commercial hardware vendor invoice payment of 186236.8 INR under CASE-0735.,0,NEG_HIGH_VOLUME_COMMERCIAL,VAL
ADV-PAIR-0769,PERSON-0029,PERSON-0721,TRANSFERRED_TO,CASE-0721,Commercial hardware vendor invoice payment of 191609.4 INR under CASE-0721.,0,NEG_HIGH_VOLUME_COMMERCIAL,TRAIN
ADV-PAIR-0770,PERSON-0578,PERSON-0146,TRANSFERRED_TO,CASE-1154,Commercial hardware vendor invoice payment of 191738.96 INR under CASE-1154.,0,NEG_HIGH_VOLUME_COMMERCIAL,TRAIN
ADV-PAIR-0771,PERSON-0857,PERSON-0830,TRANSFERRED_TO,CASE-1009,Commercial hardware vendor invoice payment of 126739.94 INR under CASE-1009.,0,NEG_HIGH_VOLUME_COMMERCIAL,TRAIN
ADV-PAIR-0772,PERSON-0180,PERSON-0503,TRANSFERRED_TO,CASE-0078,Commercial hardware vendor invoice payment of 54441.18 INR under CASE-0078.,0,NEG_HIGH_VOLUME_COMMERCIAL,VAL
ADV-PAIR-0773,PERSON-0239,PERSON-0617,TRANSFERRED_TO,CASE-0449,Commercial hardware vendor invoice payment of 43188.48 INR under CASE-0449.,0,NEG_HIGH_VOLUME_COMMERCIAL,TEST
ADV-PAIR-0774,PERSON-0490,PERSON-0001,TRANSFERRED_TO,CASE-0680,Commercial hardware vendor invoice payment of 186863.39 INR under CASE-0680.,0,NEG_HIGH_VOLUME_COMMERCIAL,TRAIN
ADV-PAIR-0775,PERSON-0207,PERSON-0826,TRANSFERRED_TO,CASE-0268,Commercial hardware vendor invoice payment of 94521.45 INR under CASE-0268.,0,NEG_HIGH_VOLUME_COMMERCIAL,TRAIN
ADV-PAIR-0776,PERSON-0182,PERSON-0941,TRANSFERRED_TO,CASE-0663,Commercial hardware vendor invoice payment of 49528.95 INR under CASE-0663.,0,NEG_HIGH_VOLUME_COMMERCIAL,TRAIN
ADV-PAIR-0777,PERSON-0152,PERSON-0601,TRANSFERRED_TO,CASE-0291,Commercial hardware vendor invoice payment of 163898.64 INR under CASE-0291.,0,NEG_HIGH_VOLUME_COMMERCIAL,VAL
ADV-PAIR-0778,PERSON-0867,PERSON-0539,TRANSFERRED_TO,CASE-0748,Commercial hardware vendor invoice payment of 193689.4 INR under CASE-0748.,0,NEG_HIGH_VOLUME_COMMERCIAL,TEST
ADV-PAIR-0779,PERSON-0383,PERSON-0722,TRANSFERRED_TO,CASE-0811,Commercial hardware vendor invoice payment of 133762.67 INR under CASE-0811.,0,NEG_HIGH_VOLUME_COMMERCIAL,TRAIN
ADV-PAIR-0780,PERSON-0345,PERSON-0310,TRANSFERRED_TO,CASE-0661,Commercial hardware vendor invoice payment of 61832.27 INR under CASE-0661.,0,NEG_HIGH_VOLUME_COMMERCIAL,TRAIN
ADV-PAIR-0781,PERSON-0162,PERSON-0750,TRANSFERRED_TO,CASE-0895,Commercial hardware vendor invoice payment of 166694.8 INR under CASE-0895.,0,NEG_HIGH_VOLUME_COMMERCIAL,TEST
ADV-PAIR-0782,PERSON-0984,PERSON-0499,TRANSFERRED_TO,CASE-0650,Commercial hardware vendor invoice payment of 67872.43 INR under CASE-0650.,0,NEG_HIGH_VOLUME_COMMERCIAL,TEST
ADV-PAIR-0783,PERSON-0992,PERSON-0576,TRANSFERRED_TO,CASE-0731,Commercial hardware vendor invoice payment of 75717.95 INR under CASE-0731.,0,NEG_HIGH_VOLUME_COMMERCIAL,TRAIN
ADV-PAIR-0784,PERSON-0604,PERSON-0835,TRANSFERRED_TO,CASE-0360,Commercial hardware vendor invoice payment of 100541.46 INR under CASE-0360.,0,NEG_HIGH_VOLUME_COMMERCIAL,TRAIN
ADV-PAIR-0785,PERSON-0752,PERSON-0706,TRANSFERRED_TO,CASE-0604,Commercial hardware vendor invoice payment of 60375.74 INR under CASE-0604.,0,NEG_HIGH_VOLUME_COMMERCIAL,TRAIN
ADV-PAIR-0786,PERSON-0747,PERSON-0002,TRANSFERRED_TO,CASE-1174,Commercial hardware vendor invoice payment of 102656.23 INR under CASE-1174.,0,NEG_HIGH_VOLUME_COMMERCIAL,TRAIN
ADV-PAIR-0787,PERSON-0790,PERSON-0989,TRANSFERRED_TO,CASE-1163,Commercial hardware vendor invoice payment of 45181.24 INR under CASE-1163.,0,NEG_HIGH_VOLUME_COMMERCIAL,VAL
ADV-PAIR-0788,PERSON-0617,PERSON-0326,TRANSFERRED_TO,CASE-0453,Commercial hardware vendor invoice payment of 142343.48 INR under CASE-0453.,0,NEG_HIGH_VOLUME_COMMERCIAL,TRAIN
ADV-PAIR-0789,PERSON-0107,PERSON-0960,TRANSFERRED_TO,CASE-1017,Commercial hardware vendor invoice payment of 62502.94 INR under CASE-1017.,0,NEG_HIGH_VOLUME_COMMERCIAL,TRAIN
ADV-PAIR-0790,PERSON-0764,PERSON-0080,TRANSFERRED_TO,CASE-0488,Commercial hardware vendor invoice payment of 95489.62 INR under CASE-0488.,0,NEG_HIGH_VOLUME_COMMERCIAL,VAL
ADV-PAIR-0791,PERSON-0328,PERSON-0172,TRANSFERRED_TO,CASE-0182,Commercial hardware vendor invoice payment of 171465.89 INR under CASE-0182.,0,NEG_HIGH_VOLUME_COMMERCIAL,TRAIN
ADV-PAIR-0792,PERSON-0687,PERSON-0655,TRANSFERRED_TO,CASE-0688,Commercial hardware vendor invoice payment of 111460.79 INR under CASE-0688.,0,NEG_HIGH_VOLUME_COMMERCIAL,TEST
ADV-PAIR-0793,PERSON-0272,PERSON-0215,TRANSFERRED_TO,CASE-0512,Commercial hardware vendor invoice payment of 150908.17 INR under CASE-0512.,0,NEG_HIGH_VOLUME_COMMERCIAL,TRAIN
ADV-PAIR-0794,PERSON-0359,PERSON-0263,TRANSFERRED_TO,CASE-0222,Commercial hardware vendor invoice payment of 155266.17 INR under CASE-0222.,0,NEG_HIGH_VOLUME_COMMERCIAL,VAL
ADV-PAIR-0795,PERSON-0050,PERSON-0396,TRANSFERRED_TO,CASE-0898,Commercial hardware vendor invoice payment of 157213.52 INR under CASE-0898.,0,NEG_HIGH_VOLUME_COMMERCIAL,TEST
ADV-PAIR-0796,PERSON-0993,PERSON-0171,TRANSFERRED_TO,CASE-0848,Commercial hardware vendor invoice payment of 118893.12 INR under CASE-0848.,0,NEG_HIGH_VOLUME_COMMERCIAL,TRAIN
ADV-PAIR-0797,PERSON-0388,PERSON-0360,TRANSFERRED_TO,CASE-1119,Commercial hardware vendor invoice payment of 100055.61 INR under CASE-1119.,0,NEG_HIGH_VOLUME_COMMERCIAL,TRAIN
ADV-PAIR-0798,PERSON-0849,PERSON-0491,TRANSFERRED_TO,CASE-1184,Commercial hardware vendor invoice payment of 144155.13 INR under CASE-1184.,0,NEG_HIGH_VOLUME_COMMERCIAL,TEST
ADV-PAIR-0799,PERSON-0704,PERSON-0231,TRANSFERRED_TO,CASE-0334,Commercial hardware vendor invoice payment of 112205.99 INR under CASE-0334.,0,NEG_HIGH_VOLUME_COMMERCIAL,TEST
ADV-PAIR-0800,PERSON-0819,PERSON-0867,TRANSFERRED_TO,CASE-0069,Commercial hardware vendor invoice payment of 87185.38 INR under CASE-0069.,0,NEG_HIGH_VOLUME_COMMERCIAL,TEST
ADV-PAIR-0801,PERSON-0327,PERSON-0268,TRANSFERRED_TO,CASE-0215,Commercial hardware vendor invoice payment of 51872.06 INR under CASE-0215.,0,NEG_HIGH_VOLUME_COMMERCIAL,TRAIN
ADV-PAIR-0802,PERSON-0175,PERSON-0910,TRANSFERRED_TO,CASE-0769,Commercial hardware vendor invoice payment of 65744.72 INR under CASE-0769.,0,NEG_HIGH_VOLUME_COMMERCIAL,TRAIN
ADV-PAIR-0803,PERSON-0077,PERSON-0561,TRANSFERRED_TO,CASE-0191,Commercial hardware vendor invoice payment of 94072.09 INR under CASE-0191.,0,NEG_HIGH_VOLUME_COMMERCIAL,TRAIN
ADV-PAIR-0804,PERSON-0629,PERSON-0915,TRANSFERRED_TO,CASE-0989,Commercial hardware vendor invoice payment of 152720.74 INR under CASE-0989.,0,NEG_HIGH_VOLUME_COMMERCIAL,TRAIN
ADV-PAIR-0805,PERSON-0442,PERSON-0966,TRANSFERRED_TO,CASE-0338,Commercial hardware vendor invoice payment of 137170.82 INR under CASE-0338.,0,NEG_HIGH_VOLUME_COMMERCIAL,VAL
ADV-PAIR-0806,PERSON-0445,PERSON-0161,TRANSFERRED_TO,CASE-0110,Commercial hardware vendor invoice payment of 56201.25 INR under CASE-0110.,0,NEG_HIGH_VOLUME_COMMERCIAL,TRAIN
ADV-PAIR-0807,PERSON-0211,PERSON-0998,TRANSFERRED_TO,CASE-0390,Commercial hardware vendor invoice payment of 105484.78 INR under CASE-0390.,0,NEG_HIGH_VOLUME_COMMERCIAL,TRAIN
ADV-PAIR-0808,PERSON-0568,PERSON-0740,TRANSFERRED_TO,CASE-1107,Commercial hardware vendor invoice payment of 82442.36 INR under CASE-1107.,0,NEG_HIGH_VOLUME_COMMERCIAL,TRAIN
ADV-PAIR-0809,PERSON-0289,PERSON-0305,TRANSFERRED_TO,CASE-0487,Commercial hardware vendor invoice payment of 55346.55 INR under CASE-0487.,0,NEG_HIGH_VOLUME_COMMERCIAL,TRAIN
ADV-PAIR-0810,PERSON-0403,PERSON-0586,TRANSFERRED_TO,CASE-1126,Commercial hardware vendor invoice payment of 174376.72 INR under CASE-1126.,0,NEG_HIGH_VOLUME_COMMERCIAL,TEST
ADV-PAIR-0811,PERSON-0158,PERSON-0056,TRANSFERRED_TO,CASE-0739,Commercial hardware vendor invoice payment of 40610.49 INR under CASE-0739.,0,NEG_HIGH_VOLUME_COMMERCIAL,VAL
ADV-PAIR-0812,PERSON-0090,PERSON-0302,TRANSFERRED_TO,CASE-1230,Commercial hardware vendor invoice payment of 116852.54 INR under CASE-1230.,0,NEG_HIGH_VOLUME_COMMERCIAL,TRAIN
ADV-PAIR-0813,PERSON-0100,PERSON-0027,TRANSFERRED_TO,CASE-0424,Commercial hardware vendor invoice payment of 67333.15 INR under CASE-0424.,0,NEG_HIGH_VOLUME_COMMERCIAL,VAL
ADV-PAIR-0814,PERSON-0299,PERSON-0084,TRANSFERRED_TO,CASE-0970,Commercial hardware vendor invoice payment of 175003.05 INR under CASE-0970.,0,NEG_HIGH_VOLUME_COMMERCIAL,TRAIN
ADV-PAIR-0815,PERSON-0316,PERSON-0804,TRANSFERRED_TO,CASE-0815,Commercial hardware vendor invoice payment of 115351.11 INR under CASE-0815.,0,NEG_HIGH_VOLUME_COMMERCIAL,VAL
ADV-PAIR-0816,PERSON-0917,PERSON-0677,TRANSFERRED_TO,CASE-0543,Commercial hardware vendor invoice payment of 54581.9 INR under CASE-0543.,0,NEG_HIGH_VOLUME_COMMERCIAL,TRAIN
ADV-PAIR-0817,PERSON-0558,PERSON-0397,TRANSFERRED_TO,CASE-0379,Commercial hardware vendor invoice payment of 99363.28 INR under CASE-0379.,0,NEG_HIGH_VOLUME_COMMERCIAL,TRAIN
ADV-PAIR-0818,PERSON-0391,PERSON-0379,TRANSFERRED_TO,CASE-0383,Commercial hardware vendor invoice payment of 111324.04 INR under CASE-0383.,0,NEG_HIGH_VOLUME_COMMERCIAL,TRAIN
ADV-PAIR-0819,PERSON-0270,PERSON-0451,TRANSFERRED_TO,CASE-0953,Commercial hardware vendor invoice payment of 82144.13 INR under CASE-0953.,0,NEG_HIGH_VOLUME_COMMERCIAL,TRAIN
ADV-PAIR-0820,PERSON-0858,PERSON-0276,TRANSFERRED_TO,CASE-1156,Commercial hardware vendor invoice payment of 49862.3 INR under CASE-1156.,0,NEG_HIGH_VOLUME_COMMERCIAL,TRAIN
ADV-PAIR-0821,PERSON-0771,PERSON-0714,TRANSFERRED_TO,CASE-0199,Commercial hardware vendor invoice payment of 53713.17 INR under CASE-0199.,0,NEG_HIGH_VOLUME_COMMERCIAL,TRAIN
ADV-PAIR-0822,PERSON-0353,PERSON-0828,TRANSFERRED_TO,CASE-1109,Commercial hardware vendor invoice payment of 106237.86 INR under CASE-1109.,0,NEG_HIGH_VOLUME_COMMERCIAL,TRAIN
ADV-PAIR-0823,PERSON-0775,PERSON-0604,TRANSFERRED_TO,CASE-0466,Commercial hardware vendor invoice payment of 128576.3 INR under CASE-0466.,0,NEG_HIGH_VOLUME_COMMERCIAL,TEST
ADV-PAIR-0824,PERSON-0861,PERSON-0397,TRANSFERRED_TO,CASE-1071,Commercial hardware vendor invoice payment of 106981.13 INR under CASE-1071.,0,NEG_HIGH_VOLUME_COMMERCIAL,TRAIN
ADV-PAIR-0825,PERSON-0549,PERSON-0704,TRANSFERRED_TO,CASE-0973,Commercial hardware vendor invoice payment of 131634.29 INR under CASE-0973.,0,NEG_HIGH_VOLUME_COMMERCIAL,VAL
ADV-PAIR-0826,PERSON-0242,PERSON-0488,CONTACTED,CASE-0613,"Civilian complainant and accused present across multiple FIRs (CASE-0613, CASE-0162).",0,NEG_MULTI_CASE_CIVILIAN,TRAIN
ADV-PAIR-0827,PERSON-0405,PERSON-0925,CONTACTED,CASE-0072,"Civilian complainant and accused present across multiple FIRs (CASE-0072, CASE-1029).",0,NEG_MULTI_CASE_CIVILIAN,TEST
ADV-PAIR-0828,PERSON-0585,PERSON-0923,CONTACTED,CASE-1059,"Civilian complainant and accused present across multiple FIRs (CASE-1059, CASE-1171).",0,NEG_MULTI_CASE_CIVILIAN,TRAIN
ADV-PAIR-0829,PERSON-0694,PERSON-0636,CONTACTED,CASE-0302,"Civilian complainant and accused present across multiple FIRs (CASE-0302, CASE-0247).",0,NEG_MULTI_CASE_CIVILIAN,TEST
ADV-PAIR-0830,PERSON-0973,PERSON-0776,CONTACTED,CASE-0920,"Civilian complainant and accused present across multiple FIRs (CASE-0920, CASE-0355).",0,NEG_MULTI_CASE_CIVILIAN,TRAIN
ADV-PAIR-0831,PERSON-0972,PERSON-0172,CONTACTED,CASE-0434,"Civilian complainant and accused present across multiple FIRs (CASE-0434, CASE-0395).",0,NEG_MULTI_CASE_CIVILIAN,TRAIN
ADV-PAIR-0832,PERSON-0130,PERSON-0044,CONTACTED,CASE-0868,"Civilian complainant and accused present across multiple FIRs (CASE-0868, CASE-0161).",0,NEG_MULTI_CASE_CIVILIAN,TRAIN
ADV-PAIR-0833,PERSON-0700,PERSON-0446,CONTACTED,CASE-0414,"Civilian complainant and accused present across multiple FIRs (CASE-0414, CASE-0303).",0,NEG_MULTI_CASE_CIVILIAN,TRAIN
ADV-PAIR-0834,PERSON-0855,PERSON-0610,CONTACTED,CASE-0529,"Civilian complainant and accused present across multiple FIRs (CASE-0529, CASE-0655).",0,NEG_MULTI_CASE_CIVILIAN,TRAIN
ADV-PAIR-0835,PERSON-0933,PERSON-0745,CONTACTED,CASE-0138,"Civilian complainant and accused present across multiple FIRs (CASE-0138, CASE-0179).",0,NEG_MULTI_CASE_CIVILIAN,TEST
ADV-PAIR-0836,PERSON-0398,PERSON-0570,CONTACTED,CASE-0814,"Civilian complainant and accused present across multiple FIRs (CASE-0814, CASE-1131).",0,NEG_MULTI_CASE_CIVILIAN,TRAIN
ADV-PAIR-0837,PERSON-0334,PERSON-0878,CONTACTED,CASE-0566,"Civilian complainant and accused present across multiple FIRs (CASE-0566, CASE-1065).",0,NEG_MULTI_CASE_CIVILIAN,TRAIN
ADV-PAIR-0838,PERSON-0470,PERSON-0940,CONTACTED,CASE-0026,"Civilian complainant and accused present across multiple FIRs (CASE-0026, CASE-1204).",0,NEG_MULTI_CASE_CIVILIAN,TRAIN
ADV-PAIR-0839,PERSON-0536,PERSON-0801,CONTACTED,CASE-0860,"Civilian complainant and accused present across multiple FIRs (CASE-0860, CASE-0231).",0,NEG_MULTI_CASE_CIVILIAN,VAL
ADV-PAIR-0840,PERSON-0425,PERSON-0154,CONTACTED,CASE-0304,"Civilian complainant and accused present across multiple FIRs (CASE-0304, CASE-1161).",0,NEG_MULTI_CASE_CIVILIAN,TRAIN
ADV-PAIR-0841,PERSON-0603,PERSON-0597,CONTACTED,CASE-0206,"Civilian complainant and accused present across multiple FIRs (CASE-0206, CASE-0217).",0,NEG_MULTI_CASE_CIVILIAN,TEST
ADV-PAIR-0842,PERSON-0577,PERSON-0799,CONTACTED,CASE-0207,"Civilian complainant and accused present across multiple FIRs (CASE-0207, CASE-0586).",0,NEG_MULTI_CASE_CIVILIAN,TRAIN
ADV-PAIR-0843,PERSON-0889,PERSON-0549,CONTACTED,CASE-0705,"Civilian complainant and accused present across multiple FIRs (CASE-0705, CASE-0842).",0,NEG_MULTI_CASE_CIVILIAN,TRAIN
ADV-PAIR-0844,PERSON-0271,PERSON-0393,CONTACTED,CASE-0995,"Civilian complainant and accused present across multiple FIRs (CASE-0995, CASE-1172).",0,NEG_MULTI_CASE_CIVILIAN,TRAIN
ADV-PAIR-0845,PERSON-0624,PERSON-0485,CONTACTED,CASE-0077,"Civilian complainant and accused present across multiple FIRs (CASE-0077, CASE-0353).",0,NEG_MULTI_CASE_CIVILIAN,VAL
ADV-PAIR-0846,PERSON-0283,PERSON-0413,CONTACTED,CASE-0295,"Civilian complainant and accused present across multiple FIRs (CASE-0295, CASE-1247).",0,NEG_MULTI_CASE_CIVILIAN,TRAIN
ADV-PAIR-0847,PERSON-0698,PERSON-0711,CONTACTED,CASE-0823,"Civilian complainant and accused present across multiple FIRs (CASE-0823, CASE-0080).",0,NEG_MULTI_CASE_CIVILIAN,TRAIN
ADV-PAIR-0848,PERSON-0406,PERSON-0911,CONTACTED,CASE-0679,"Civilian complainant and accused present across multiple FIRs (CASE-0679, CASE-0487).",0,NEG_MULTI_CASE_CIVILIAN,TRAIN
ADV-PAIR-0849,PERSON-0051,PERSON-0764,CONTACTED,CASE-0974,"Civilian complainant and accused present across multiple FIRs (CASE-0974, CASE-0551).",0,NEG_MULTI_CASE_CIVILIAN,TRAIN
ADV-PAIR-0850,PERSON-0919,PERSON-0382,CONTACTED,CASE-0042,"Civilian complainant and accused present across multiple FIRs (CASE-0042, CASE-0692).",0,NEG_MULTI_CASE_CIVILIAN,TEST
ADV-PAIR-0851,PERSON-0838,PERSON-0813,CONTACTED,CASE-0621,"Civilian complainant and accused present across multiple FIRs (CASE-0621, CASE-0637).",0,NEG_MULTI_CASE_CIVILIAN,TRAIN
ADV-PAIR-0852,PERSON-0288,PERSON-0864,CONTACTED,CASE-1007,"Civilian complainant and accused present across multiple FIRs (CASE-1007, CASE-0202).",0,NEG_MULTI_CASE_CIVILIAN,TRAIN
ADV-PAIR-0853,PERSON-0996,PERSON-0890,CONTACTED,CASE-0467,"Civilian complainant and accused present across multiple FIRs (CASE-0467, CASE-0276).",0,NEG_MULTI_CASE_CIVILIAN,TRAIN
ADV-PAIR-0854,PERSON-0308,PERSON-0998,CONTACTED,CASE-0908,"Civilian complainant and accused present across multiple FIRs (CASE-0908, CASE-0658).",0,NEG_MULTI_CASE_CIVILIAN,TRAIN
ADV-PAIR-0855,PERSON-0276,PERSON-0747,CONTACTED,CASE-0854,"Civilian complainant and accused present across multiple FIRs (CASE-0854, CASE-1239).",0,NEG_MULTI_CASE_CIVILIAN,VAL
ADV-PAIR-0856,PERSON-0662,PERSON-0092,CONTACTED,CASE-0385,"Civilian complainant and accused present across multiple FIRs (CASE-0385, CASE-0905).",0,NEG_MULTI_CASE_CIVILIAN,VAL
ADV-PAIR-0857,PERSON-0217,PERSON-0936,CONTACTED,CASE-0834,"Civilian complainant and accused present across multiple FIRs (CASE-0834, CASE-0993).",0,NEG_MULTI_CASE_CIVILIAN,TRAIN
ADV-PAIR-0858,PERSON-0778,PERSON-0529,CONTACTED,CASE-0766,"Civilian complainant and accused present across multiple FIRs (CASE-0766, CASE-0116).",0,NEG_MULTI_CASE_CIVILIAN,TRAIN
ADV-PAIR-0859,PERSON-0528,PERSON-0811,CONTACTED,CASE-0326,"Civilian complainant and accused present across multiple FIRs (CASE-0326, CASE-0135).",0,NEG_MULTI_CASE_CIVILIAN,TRAIN
ADV-PAIR-0860,PERSON-0319,PERSON-0727,CONTACTED,CASE-1038,"Civilian complainant and accused present across multiple FIRs (CASE-1038, CASE-0827).",0,NEG_MULTI_CASE_CIVILIAN,TRAIN
ADV-PAIR-0861,PERSON-0139,PERSON-0800,CONTACTED,CASE-1074,"Civilian complainant and accused present across multiple FIRs (CASE-1074, CASE-1165).",0,NEG_MULTI_CASE_CIVILIAN,TRAIN
ADV-PAIR-0862,PERSON-0030,PERSON-0178,CONTACTED,CASE-0395,"Civilian complainant and accused present across multiple FIRs (CASE-0395, CASE-0412).",0,NEG_MULTI_CASE_CIVILIAN,VAL
ADV-PAIR-0863,PERSON-0858,PERSON-0060,CONTACTED,CASE-0511,"Civilian complainant and accused present across multiple FIRs (CASE-0511, CASE-0068).",0,NEG_MULTI_CASE_CIVILIAN,TEST
ADV-PAIR-0864,PERSON-0468,PERSON-0052,CONTACTED,CASE-0739,"Civilian complainant and accused present across multiple FIRs (CASE-0739, CASE-0408).",0,NEG_MULTI_CASE_CIVILIAN,VAL
ADV-PAIR-0865,PERSON-0281,PERSON-0378,CONTACTED,CASE-0951,"Civilian complainant and accused present across multiple FIRs (CASE-0951, CASE-1035).",0,NEG_MULTI_CASE_CIVILIAN,TRAIN
ADV-PAIR-0866,PERSON-0407,PERSON-0651,CONTACTED,CASE-0254,"Civilian complainant and accused present across multiple FIRs (CASE-0254, CASE-0063).",0,NEG_MULTI_CASE_CIVILIAN,TRAIN
ADV-PAIR-0867,PERSON-0248,PERSON-0382,CONTACTED,CASE-1002,"Civilian complainant and accused present across multiple FIRs (CASE-1002, CASE-1217).",0,NEG_MULTI_CASE_CIVILIAN,TRAIN
ADV-PAIR-0868,PERSON-0457,PERSON-0182,CONTACTED,CASE-0972,"Civilian complainant and accused present across multiple FIRs (CASE-0972, CASE-1202).",0,NEG_MULTI_CASE_CIVILIAN,TRAIN
ADV-PAIR-0869,PERSON-0565,PERSON-0359,CONTACTED,CASE-0706,"Civilian complainant and accused present across multiple FIRs (CASE-0706, CASE-0335).",0,NEG_MULTI_CASE_CIVILIAN,VAL
ADV-PAIR-0870,PERSON-0858,PERSON-0916,CONTACTED,CASE-0530,"Civilian complainant and accused present across multiple FIRs (CASE-0530, CASE-0186).",0,NEG_MULTI_CASE_CIVILIAN,TRAIN
ADV-PAIR-0871,PERSON-0292,PERSON-0029,CONTACTED,CASE-0792,"Civilian complainant and accused present across multiple FIRs (CASE-0792, CASE-0102).",0,NEG_MULTI_CASE_CIVILIAN,TRAIN
ADV-PAIR-0872,PERSON-0167,PERSON-0875,CONTACTED,CASE-1172,"Civilian complainant and accused present across multiple FIRs (CASE-1172, CASE-0439).",0,NEG_MULTI_CASE_CIVILIAN,VAL
ADV-PAIR-0873,PERSON-0878,PERSON-0227,CONTACTED,CASE-0462,"Civilian complainant and accused present across multiple FIRs (CASE-0462, CASE-0424).",0,NEG_MULTI_CASE_CIVILIAN,VAL
ADV-PAIR-0874,PERSON-0276,PERSON-0668,CONTACTED,CASE-0839,"Civilian complainant and accused present across multiple FIRs (CASE-0839, CASE-1052).",0,NEG_MULTI_CASE_CIVILIAN,TRAIN
ADV-PAIR-0875,PERSON-0021,PERSON-0886,CONTACTED,CASE-0019,"Civilian complainant and accused present across multiple FIRs (CASE-0019, CASE-0971).",0,NEG_MULTI_CASE_CIVILIAN,TRAIN
ADV-PAIR-0876,PERSON-0934,PERSON-0136,CONTACTED,CASE-0355,"Civilian complainant and accused present across multiple FIRs (CASE-0355, CASE-1232).",0,NEG_MULTI_CASE_CIVILIAN,TEST
ADV-PAIR-0877,PERSON-0821,PERSON-0009,CONTACTED,CASE-0459,"Civilian complainant and accused present across multiple FIRs (CASE-0459, CASE-0517).",0,NEG_MULTI_CASE_CIVILIAN,TRAIN
ADV-PAIR-0878,PERSON-0623,PERSON-0825,CONTACTED,CASE-0626,"Civilian complainant and accused present across multiple FIRs (CASE-0626, CASE-0564).",0,NEG_MULTI_CASE_CIVILIAN,TRAIN
ADV-PAIR-0879,PERSON-0434,PERSON-0917,CONTACTED,CASE-0772,"Civilian complainant and accused present across multiple FIRs (CASE-0772, CASE-0715).",0,NEG_MULTI_CASE_CIVILIAN,VAL
ADV-PAIR-0880,PERSON-0471,PERSON-0259,CONTACTED,CASE-0447,"Civilian complainant and accused present across multiple FIRs (CASE-0447, CASE-0956).",0,NEG_MULTI_CASE_CIVILIAN,TRAIN
ADV-PAIR-0881,PERSON-0310,PERSON-0694,CONTACTED,CASE-1067,"Civilian complainant and accused present across multiple FIRs (CASE-1067, CASE-0814).",0,NEG_MULTI_CASE_CIVILIAN,TEST
ADV-PAIR-0882,PERSON-0599,PERSON-0105,CONTACTED,CASE-0016,"Civilian complainant and accused present across multiple FIRs (CASE-0016, CASE-1048).",0,NEG_MULTI_CASE_CIVILIAN,TRAIN
ADV-PAIR-0883,PERSON-0679,PERSON-0990,CONTACTED,CASE-0767,"Civilian complainant and accused present across multiple FIRs (CASE-0767, CASE-1150).",0,NEG_MULTI_CASE_CIVILIAN,TRAIN
ADV-PAIR-0884,PERSON-0663,PERSON-0609,CONTACTED,CASE-1248,"Civilian complainant and accused present across multiple FIRs (CASE-1248, CASE-0579).",0,NEG_MULTI_CASE_CIVILIAN,TRAIN
ADV-PAIR-0885,PERSON-0306,PERSON-0701,CONTACTED,CASE-0222,"Civilian complainant and accused present across multiple FIRs (CASE-0222, CASE-0987).",0,NEG_MULTI_CASE_CIVILIAN,VAL
ADV-PAIR-0886,PERSON-0066,PERSON-0345,CONTACTED,CASE-0567,"Civilian complainant and accused present across multiple FIRs (CASE-0567, CASE-0666).",0,NEG_MULTI_CASE_CIVILIAN,TRAIN
ADV-PAIR-0887,PERSON-0883,PERSON-0284,CONTACTED,CASE-0535,"Civilian complainant and accused present across multiple FIRs (CASE-0535, CASE-0612).",0,NEG_MULTI_CASE_CIVILIAN,TRAIN
ADV-PAIR-0888,PERSON-0193,PERSON-0154,CONTACTED,CASE-1060,"Civilian complainant and accused present across multiple FIRs (CASE-1060, CASE-0493).",0,NEG_MULTI_CASE_CIVILIAN,TRAIN
ADV-PAIR-0889,PERSON-0922,PERSON-0059,CONTACTED,CASE-1229,"Civilian complainant and accused present across multiple FIRs (CASE-1229, CASE-0828).",0,NEG_MULTI_CASE_CIVILIAN,TEST
ADV-PAIR-0890,PERSON-0677,PERSON-0328,CONTACTED,CASE-0287,"Civilian complainant and accused present across multiple FIRs (CASE-0287, CASE-0053).",0,NEG_MULTI_CASE_CIVILIAN,TEST
ADV-PAIR-0891,PERSON-0672,PERSON-0510,CONTACTED,CASE-0606,"Civilian complainant and accused present across multiple FIRs (CASE-0606, CASE-0532).",0,NEG_MULTI_CASE_CIVILIAN,TEST
ADV-PAIR-0892,PERSON-0929,PERSON-0429,CONTACTED,CASE-0829,"Civilian complainant and accused present across multiple FIRs (CASE-0829, CASE-0796).",0,NEG_MULTI_CASE_CIVILIAN,TRAIN
ADV-PAIR-0893,PERSON-0755,PERSON-0037,CONTACTED,CASE-1195,"Civilian complainant and accused present across multiple FIRs (CASE-1195, CASE-1172).",0,NEG_MULTI_CASE_CIVILIAN,TEST
ADV-PAIR-0894,PERSON-0836,PERSON-0195,CONTACTED,CASE-0703,"Civilian complainant and accused present across multiple FIRs (CASE-0703, CASE-0456).",0,NEG_MULTI_CASE_CIVILIAN,TEST
ADV-PAIR-0895,PERSON-0703,PERSON-0548,CONTACTED,CASE-0975,"Civilian complainant and accused present across multiple FIRs (CASE-0975, CASE-0735).",0,NEG_MULTI_CASE_CIVILIAN,TRAIN
ADV-PAIR-0896,PERSON-0520,PERSON-0308,CONTACTED,CASE-0349,"Civilian complainant and accused present across multiple FIRs (CASE-0349, CASE-1144).",0,NEG_MULTI_CASE_CIVILIAN,TEST
ADV-PAIR-0897,PERSON-0186,PERSON-0301,CONTACTED,CASE-0200,"Civilian complainant and accused present across multiple FIRs (CASE-0200, CASE-0965).",0,NEG_MULTI_CASE_CIVILIAN,TRAIN
ADV-PAIR-0898,PERSON-0132,PERSON-0759,CONTACTED,CASE-0530,"Civilian complainant and accused present across multiple FIRs (CASE-0530, CASE-1145).",0,NEG_MULTI_CASE_CIVILIAN,TRAIN
ADV-PAIR-0899,PERSON-0782,PERSON-0935,CONTACTED,CASE-0375,"Civilian complainant and accused present across multiple FIRs (CASE-0375, CASE-0688).",0,NEG_MULTI_CASE_CIVILIAN,TRAIN
ADV-PAIR-0900,PERSON-0671,PERSON-0092,CONTACTED,CASE-0456,"Civilian complainant and accused present across multiple FIRs (CASE-0456, CASE-0728).",0,NEG_MULTI_CASE_CIVILIAN,TEST
ADV-PAIR-0901,PERSON-0229,PERSON-0763,CONTACTED,CASE-0629,"Heated civil dispute confrontation; adversary relationship, zero operational syndicate alliance.",0,NEG_BIDIRECTIONAL_DISPUTE,TRAIN
ADV-PAIR-0902,PERSON-0431,PERSON-0808,CONTACTED,CASE-0679,"Heated civil dispute confrontation; adversary relationship, zero operational syndicate alliance.",0,NEG_BIDIRECTIONAL_DISPUTE,TRAIN
ADV-PAIR-0903,PERSON-0381,PERSON-0267,CONTACTED,CASE-1200,"Heated civil dispute confrontation; adversary relationship, zero operational syndicate alliance.",0,NEG_BIDIRECTIONAL_DISPUTE,TRAIN
ADV-PAIR-0904,PERSON-0302,PERSON-0475,CONTACTED,CASE-0242,"Heated civil dispute confrontation; adversary relationship, zero operational syndicate alliance.",0,NEG_BIDIRECTIONAL_DISPUTE,TRAIN
ADV-PAIR-0905,PERSON-0482,PERSON-0055,CONTACTED,CASE-1196,"Heated civil dispute confrontation; adversary relationship, zero operational syndicate alliance.",0,NEG_BIDIRECTIONAL_DISPUTE,TRAIN
ADV-PAIR-0906,PERSON-0595,PERSON-0967,CONTACTED,CASE-0146,"Heated civil dispute confrontation; adversary relationship, zero operational syndicate alliance.",0,NEG_BIDIRECTIONAL_DISPUTE,TRAIN
ADV-PAIR-0907,PERSON-0484,PERSON-0911,CONTACTED,CASE-0399,"Heated civil dispute confrontation; adversary relationship, zero operational syndicate alliance.",0,NEG_BIDIRECTIONAL_DISPUTE,TRAIN
ADV-PAIR-0908,PERSON-0513,PERSON-0123,CONTACTED,CASE-0782,"Heated civil dispute confrontation; adversary relationship, zero operational syndicate alliance.",0,NEG_BIDIRECTIONAL_DISPUTE,TRAIN
ADV-PAIR-0909,PERSON-0543,PERSON-0306,CONTACTED,CASE-0847,"Heated civil dispute confrontation; adversary relationship, zero operational syndicate alliance.",0,NEG_BIDIRECTIONAL_DISPUTE,VAL
ADV-PAIR-0910,PERSON-0056,PERSON-0892,CONTACTED,CASE-0309,"Heated civil dispute confrontation; adversary relationship, zero operational syndicate alliance.",0,NEG_BIDIRECTIONAL_DISPUTE,TRAIN
ADV-PAIR-0911,PERSON-0141,PERSON-0206,CONTACTED,CASE-0702,"Heated civil dispute confrontation; adversary relationship, zero operational syndicate alliance.",0,NEG_BIDIRECTIONAL_DISPUTE,TRAIN
ADV-PAIR-0912,PERSON-0420,PERSON-0584,CONTACTED,CASE-0938,"Heated civil dispute confrontation; adversary relationship, zero operational syndicate alliance.",0,NEG_BIDIRECTIONAL_DISPUTE,VAL
ADV-PAIR-0913,PERSON-0147,PERSON-0324,CONTACTED,CASE-0370,"Heated civil dispute confrontation; adversary relationship, zero operational syndicate alliance.",0,NEG_BIDIRECTIONAL_DISPUTE,TEST
ADV-PAIR-0914,PERSON-0798,PERSON-0083,CONTACTED,CASE-0999,"Heated civil dispute confrontation; adversary relationship, zero operational syndicate alliance.",0,NEG_BIDIRECTIONAL_DISPUTE,VAL
ADV-PAIR-0915,PERSON-0341,PERSON-0647,CONTACTED,CASE-0363,"Heated civil dispute confrontation; adversary relationship, zero operational syndicate alliance.",0,NEG_BIDIRECTIONAL_DISPUTE,TRAIN
ADV-PAIR-0916,PERSON-0321,PERSON-0650,CONTACTED,CASE-0119,"Heated civil dispute confrontation; adversary relationship, zero operational syndicate alliance.",0,NEG_BIDIRECTIONAL_DISPUTE,TRAIN
ADV-PAIR-0917,PERSON-0005,PERSON-0463,CONTACTED,CASE-0561,"Heated civil dispute confrontation; adversary relationship, zero operational syndicate alliance.",0,NEG_BIDIRECTIONAL_DISPUTE,TEST
ADV-PAIR-0918,PERSON-0215,PERSON-0780,CONTACTED,CASE-0346,"Heated civil dispute confrontation; adversary relationship, zero operational syndicate alliance.",0,NEG_BIDIRECTIONAL_DISPUTE,TEST
ADV-PAIR-0919,PERSON-0591,PERSON-0783,CONTACTED,CASE-0325,"Heated civil dispute confrontation; adversary relationship, zero operational syndicate alliance.",0,NEG_BIDIRECTIONAL_DISPUTE,TRAIN
ADV-PAIR-0920,PERSON-0502,PERSON-0805,CONTACTED,CASE-0181,"Heated civil dispute confrontation; adversary relationship, zero operational syndicate alliance.",0,NEG_BIDIRECTIONAL_DISPUTE,TRAIN
ADV-PAIR-0921,PERSON-0133,PERSON-0630,CONTACTED,CASE-0889,"Heated civil dispute confrontation; adversary relationship, zero operational syndicate alliance.",0,NEG_BIDIRECTIONAL_DISPUTE,TRAIN
ADV-PAIR-0922,PERSON-0649,PERSON-0440,CONTACTED,CASE-0827,"Heated civil dispute confrontation; adversary relationship, zero operational syndicate alliance.",0,NEG_BIDIRECTIONAL_DISPUTE,TRAIN
ADV-PAIR-0923,PERSON-0440,PERSON-0989,CONTACTED,CASE-0978,"Heated civil dispute confrontation; adversary relationship, zero operational syndicate alliance.",0,NEG_BIDIRECTIONAL_DISPUTE,TEST
ADV-PAIR-0924,PERSON-0393,PERSON-0005,CONTACTED,CASE-0078,"Heated civil dispute confrontation; adversary relationship, zero operational syndicate alliance.",0,NEG_BIDIRECTIONAL_DISPUTE,VAL
ADV-PAIR-0925,PERSON-0547,PERSON-0205,CONTACTED,CASE-0765,"Heated civil dispute confrontation; adversary relationship, zero operational syndicate alliance.",0,NEG_BIDIRECTIONAL_DISPUTE,TRAIN
ADV-PAIR-0926,PERSON-0973,PERSON-0015,CONTACTED,CASE-0660,"Heated civil dispute confrontation; adversary relationship, zero operational syndicate alliance.",0,NEG_BIDIRECTIONAL_DISPUTE,TRAIN
ADV-PAIR-0927,PERSON-0776,PERSON-0854,CONTACTED,CASE-1088,"Heated civil dispute confrontation; adversary relationship, zero operational syndicate alliance.",0,NEG_BIDIRECTIONAL_DISPUTE,TRAIN
ADV-PAIR-0928,PERSON-0196,PERSON-0019,CONTACTED,CASE-0009,"Heated civil dispute confrontation; adversary relationship, zero operational syndicate alliance.",0,NEG_BIDIRECTIONAL_DISPUTE,TEST
ADV-PAIR-0929,PERSON-0642,PERSON-0752,CONTACTED,CASE-0510,"Heated civil dispute confrontation; adversary relationship, zero operational syndicate alliance.",0,NEG_BIDIRECTIONAL_DISPUTE,VAL
ADV-PAIR-0930,PERSON-0232,PERSON-0711,CONTACTED,CASE-0706,"Heated civil dispute confrontation; adversary relationship, zero operational syndicate alliance.",0,NEG_BIDIRECTIONAL_DISPUTE,VAL
ADV-PAIR-0931,PERSON-0320,PERSON-0133,CONTACTED,CASE-0211,"Heated civil dispute confrontation; adversary relationship, zero operational syndicate alliance.",0,NEG_BIDIRECTIONAL_DISPUTE,TEST
ADV-PAIR-0932,PERSON-0393,PERSON-0516,CONTACTED,CASE-1206,"Heated civil dispute confrontation; adversary relationship, zero operational syndicate alliance.",0,NEG_BIDIRECTIONAL_DISPUTE,TRAIN
ADV-PAIR-0933,PERSON-0314,PERSON-0172,CONTACTED,CASE-0134,"Heated civil dispute confrontation; adversary relationship, zero operational syndicate alliance.",0,NEG_BIDIRECTIONAL_DISPUTE,TRAIN
ADV-PAIR-0934,PERSON-0844,PERSON-0047,CONTACTED,CASE-0611,"Heated civil dispute confrontation; adversary relationship, zero operational syndicate alliance.",0,NEG_BIDIRECTIONAL_DISPUTE,TRAIN
ADV-PAIR-0935,PERSON-0972,PERSON-0298,CONTACTED,CASE-0934,"Heated civil dispute confrontation; adversary relationship, zero operational syndicate alliance.",0,NEG_BIDIRECTIONAL_DISPUTE,TRAIN
ADV-PAIR-0936,PERSON-0746,PERSON-0533,CONTACTED,CASE-1222,"Heated civil dispute confrontation; adversary relationship, zero operational syndicate alliance.",0,NEG_BIDIRECTIONAL_DISPUTE,TRAIN
ADV-PAIR-0937,PERSON-0537,PERSON-0346,CONTACTED,CASE-0889,"Heated civil dispute confrontation; adversary relationship, zero operational syndicate alliance.",0,NEG_BIDIRECTIONAL_DISPUTE,TRAIN
ADV-PAIR-0938,PERSON-0910,PERSON-0704,CONTACTED,CASE-0275,"Heated civil dispute confrontation; adversary relationship, zero operational syndicate alliance.",0,NEG_BIDIRECTIONAL_DISPUTE,VAL
ADV-PAIR-0939,PERSON-0351,PERSON-0924,CONTACTED,CASE-1004,"Heated civil dispute confrontation; adversary relationship, zero operational syndicate alliance.",0,NEG_BIDIRECTIONAL_DISPUTE,TEST
ADV-PAIR-0940,PERSON-0368,PERSON-0769,CONTACTED,CASE-0386,"Heated civil dispute confrontation; adversary relationship, zero operational syndicate alliance.",0,NEG_BIDIRECTIONAL_DISPUTE,VAL
ADV-PAIR-0941,PERSON-0169,PERSON-0971,CONTACTED,CASE-0827,"Heated civil dispute confrontation; adversary relationship, zero operational syndicate alliance.",0,NEG_BIDIRECTIONAL_DISPUTE,TRAIN
ADV-PAIR-0942,PERSON-0020,PERSON-0234,CONTACTED,CASE-0460,"Heated civil dispute confrontation; adversary relationship, zero operational syndicate alliance.",0,NEG_BIDIRECTIONAL_DISPUTE,TEST
ADV-PAIR-0943,PERSON-0745,PERSON-0135,CONTACTED,CASE-0433,"Heated civil dispute confrontation; adversary relationship, zero operational syndicate alliance.",0,NEG_BIDIRECTIONAL_DISPUTE,TRAIN
ADV-PAIR-0944,PERSON-0752,PERSON-0023,CONTACTED,CASE-1208,"Heated civil dispute confrontation; adversary relationship, zero operational syndicate alliance.",0,NEG_BIDIRECTIONAL_DISPUTE,VAL
ADV-PAIR-0945,PERSON-0517,PERSON-0174,CONTACTED,CASE-0253,"Heated civil dispute confrontation; adversary relationship, zero operational syndicate alliance.",0,NEG_BIDIRECTIONAL_DISPUTE,TRAIN
ADV-PAIR-0946,PERSON-0376,PERSON-0729,CONTACTED,CASE-0077,"Heated civil dispute confrontation; adversary relationship, zero operational syndicate alliance.",0,NEG_BIDIRECTIONAL_DISPUTE,VAL
ADV-PAIR-0947,PERSON-0385,PERSON-0898,CONTACTED,CASE-0524,"Heated civil dispute confrontation; adversary relationship, zero operational syndicate alliance.",0,NEG_BIDIRECTIONAL_DISPUTE,VAL
ADV-PAIR-0948,PERSON-0790,PERSON-0548,CONTACTED,CASE-0100,"Heated civil dispute confrontation; adversary relationship, zero operational syndicate alliance.",0,NEG_BIDIRECTIONAL_DISPUTE,TRAIN
ADV-PAIR-0949,PERSON-0609,PERSON-0050,CONTACTED,CASE-0222,"Heated civil dispute confrontation; adversary relationship, zero operational syndicate alliance.",0,NEG_BIDIRECTIONAL_DISPUTE,VAL
ADV-PAIR-0950,PERSON-0670,PERSON-0857,CONTACTED,CASE-0041,"Heated civil dispute confrontation; adversary relationship, zero operational syndicate alliance.",0,NEG_BIDIRECTIONAL_DISPUTE,VAL
ADV-PAIR-0951,PERSON-0050,PERSON-0707,CONTACTED,CASE-0238,"Heated civil dispute confrontation; adversary relationship, zero operational syndicate alliance.",0,NEG_BIDIRECTIONAL_DISPUTE,TRAIN
ADV-PAIR-0952,PERSON-0427,PERSON-0455,CONTACTED,CASE-0779,"Heated civil dispute confrontation; adversary relationship, zero operational syndicate alliance.",0,NEG_BIDIRECTIONAL_DISPUTE,TEST
ADV-PAIR-0953,PERSON-0127,PERSON-0561,CONTACTED,CASE-0518,"Heated civil dispute confrontation; adversary relationship, zero operational syndicate alliance.",0,NEG_BIDIRECTIONAL_DISPUTE,TRAIN
ADV-PAIR-0954,PERSON-0486,PERSON-0719,CONTACTED,CASE-0314,"Heated civil dispute confrontation; adversary relationship, zero operational syndicate alliance.",0,NEG_BIDIRECTIONAL_DISPUTE,TRAIN
ADV-PAIR-0955,PERSON-0211,PERSON-0712,CONTACTED,CASE-0020,"Heated civil dispute confrontation; adversary relationship, zero operational syndicate alliance.",0,NEG_BIDIRECTIONAL_DISPUTE,VAL
ADV-PAIR-0956,PERSON-0309,PERSON-0431,CONTACTED,CASE-0207,"Heated civil dispute confrontation; adversary relationship, zero operational syndicate alliance.",0,NEG_BIDIRECTIONAL_DISPUTE,TRAIN
ADV-PAIR-0957,PERSON-0679,PERSON-0533,CONTACTED,CASE-0553,"Heated civil dispute confrontation; adversary relationship, zero operational syndicate alliance.",0,NEG_BIDIRECTIONAL_DISPUTE,TRAIN
ADV-PAIR-0958,PERSON-0638,PERSON-0621,CONTACTED,CASE-0281,"Heated civil dispute confrontation; adversary relationship, zero operational syndicate alliance.",0,NEG_BIDIRECTIONAL_DISPUTE,VAL
ADV-PAIR-0959,PERSON-0429,PERSON-0851,CONTACTED,CASE-0215,"Heated civil dispute confrontation; adversary relationship, zero operational syndicate alliance.",0,NEG_BIDIRECTIONAL_DISPUTE,TRAIN
ADV-PAIR-0960,PERSON-0524,PERSON-0737,CONTACTED,CASE-0242,"Heated civil dispute confrontation; adversary relationship, zero operational syndicate alliance.",0,NEG_BIDIRECTIONAL_DISPUTE,TRAIN
ADV-PAIR-0961,PERSON-0290,PERSON-0117,CONTACTED,CASE-0218,"Heated civil dispute confrontation; adversary relationship, zero operational syndicate alliance.",0,NEG_BIDIRECTIONAL_DISPUTE,TRAIN
ADV-PAIR-0962,PERSON-0510,PERSON-0204,CONTACTED,CASE-1248,"Heated civil dispute confrontation; adversary relationship, zero operational syndicate alliance.",0,NEG_BIDIRECTIONAL_DISPUTE,TRAIN
ADV-PAIR-0963,PERSON-0205,PERSON-0797,CONTACTED,CASE-0539,"Heated civil dispute confrontation; adversary relationship, zero operational syndicate alliance.",0,NEG_BIDIRECTIONAL_DISPUTE,TRAIN
ADV-PAIR-0964,PERSON-0852,PERSON-0536,CONTACTED,CASE-0414,"Heated civil dispute confrontation; adversary relationship, zero operational syndicate alliance.",0,NEG_BIDIRECTIONAL_DISPUTE,TRAIN
ADV-PAIR-0965,PERSON-0367,PERSON-0721,CONTACTED,CASE-0840,"Heated civil dispute confrontation; adversary relationship, zero operational syndicate alliance.",0,NEG_BIDIRECTIONAL_DISPUTE,TRAIN
ADV-PAIR-0966,PERSON-0303,PERSON-0165,CONTACTED,CASE-0081,"Heated civil dispute confrontation; adversary relationship, zero operational syndicate alliance.",0,NEG_BIDIRECTIONAL_DISPUTE,TRAIN
ADV-PAIR-0967,PERSON-0562,PERSON-0509,CONTACTED,CASE-0426,"Heated civil dispute confrontation; adversary relationship, zero operational syndicate alliance.",0,NEG_BIDIRECTIONAL_DISPUTE,VAL
ADV-PAIR-0968,PERSON-0705,PERSON-0956,CONTACTED,CASE-0985,"Heated civil dispute confrontation; adversary relationship, zero operational syndicate alliance.",0,NEG_BIDIRECTIONAL_DISPUTE,TRAIN
ADV-PAIR-0969,PERSON-0339,PERSON-0241,CONTACTED,CASE-0006,"Heated civil dispute confrontation; adversary relationship, zero operational syndicate alliance.",0,NEG_BIDIRECTIONAL_DISPUTE,TRAIN
ADV-PAIR-0970,PERSON-0014,PERSON-0688,CONTACTED,CASE-0183,"Heated civil dispute confrontation; adversary relationship, zero operational syndicate alliance.",0,NEG_BIDIRECTIONAL_DISPUTE,TEST
ADV-PAIR-0971,PERSON-0929,PERSON-0114,CONTACTED,CASE-1176,"Heated civil dispute confrontation; adversary relationship, zero operational syndicate alliance.",0,NEG_BIDIRECTIONAL_DISPUTE,TRAIN
ADV-PAIR-0972,PERSON-0686,PERSON-0506,CONTACTED,CASE-0306,"Heated civil dispute confrontation; adversary relationship, zero operational syndicate alliance.",0,NEG_BIDIRECTIONAL_DISPUTE,TRAIN
ADV-PAIR-0973,PERSON-0973,PERSON-0093,CONTACTED,CASE-1048,"Heated civil dispute confrontation; adversary relationship, zero operational syndicate alliance.",0,NEG_BIDIRECTIONAL_DISPUTE,TRAIN
ADV-PAIR-0974,PERSON-0077,PERSON-0741,CONTACTED,CASE-0208,"Heated civil dispute confrontation; adversary relationship, zero operational syndicate alliance.",0,NEG_BIDIRECTIONAL_DISPUTE,TEST
ADV-PAIR-0975,PERSON-0927,PERSON-0263,CONTACTED,CASE-0474,"Heated civil dispute confrontation; adversary relationship, zero operational syndicate alliance.",0,NEG_BIDIRECTIONAL_DISPUTE,TRAIN
ADV-PAIR-0976,PERSON-0001,PERSON-0031,CONTACTED,CASE-0936,Residents sharing surname Chatterjee in municipal rolls; unrelated.,0,NEG_SHARED_SURNAME_LOCALITY,TRAIN
ADV-PAIR-0977,PERSON-0002,PERSON-0028,CONTACTED,CASE-0607,Residents sharing surname Singh in municipal rolls; unrelated.,0,NEG_SHARED_SURNAME_LOCALITY,TRAIN
ADV-PAIR-0978,PERSON-0003,PERSON-0037,CONTACTED,CASE-0541,Residents sharing surname Banerjee in municipal rolls; unrelated.,0,NEG_SHARED_SURNAME_LOCALITY,TRAIN
ADV-PAIR-0979,PERSON-0004,PERSON-0029,CONTACTED,CASE-0951,Residents sharing surname Shukla in municipal rolls; unrelated.,0,NEG_SHARED_SURNAME_LOCALITY,TRAIN
ADV-PAIR-0980,PERSON-0005,PERSON-0084,CONTACTED,CASE-0103,Residents sharing surname Garg in municipal rolls; unrelated.,0,NEG_SHARED_SURNAME_LOCALITY,TEST
ADV-PAIR-0981,PERSON-0006,PERSON-0080,CONTACTED,CASE-0205,Residents sharing surname Joshi in municipal rolls; unrelated.,0,NEG_SHARED_SURNAME_LOCALITY,TRAIN
ADV-PAIR-0982,PERSON-0007,PERSON-0011,CONTACTED,CASE-0358,Residents sharing surname Das in municipal rolls; unrelated.,0,NEG_SHARED_SURNAME_LOCALITY,TRAIN
ADV-PAIR-0983,PERSON-0008,PERSON-0115,CONTACTED,CASE-0081,Residents sharing surname Jain in municipal rolls; unrelated.,0,NEG_SHARED_SURNAME_LOCALITY,TRAIN
ADV-PAIR-0984,PERSON-0009,PERSON-0026,CONTACTED,CASE-0596,Residents sharing surname Qureshi in municipal rolls; unrelated.,0,NEG_SHARED_SURNAME_LOCALITY,TRAIN
ADV-PAIR-0985,PERSON-0010,PERSON-0096,CONTACTED,CASE-0738,Residents sharing surname Tiwari in municipal rolls; unrelated.,0,NEG_SHARED_SURNAME_LOCALITY,TRAIN
ADV-PAIR-0986,PERSON-0012,PERSON-0043,CONTACTED,CASE-0641,Residents sharing surname Khan in municipal rolls; unrelated.,0,NEG_SHARED_SURNAME_LOCALITY,TRAIN
ADV-PAIR-0987,PERSON-0013,PERSON-0020,CONTACTED,CASE-0873,Residents sharing surname Roy in municipal rolls; unrelated.,0,NEG_SHARED_SURNAME_LOCALITY,TRAIN
ADV-PAIR-0988,PERSON-0014,PERSON-0019,CONTACTED,CASE-0238,Residents sharing surname Mittal in municipal rolls; unrelated.,0,NEG_SHARED_SURNAME_LOCALITY,TRAIN
ADV-PAIR-0989,PERSON-0015,PERSON-0024,CONTACTED,CASE-0195,Residents sharing surname Bhattacharya in municipal rolls; unrelated.,0,NEG_SHARED_SURNAME_LOCALITY,TRAIN
ADV-PAIR-0990,PERSON-0016,PERSON-0069,CONTACTED,CASE-0094,Residents sharing surname Yadav in municipal rolls; unrelated.,0,NEG_SHARED_SURNAME_LOCALITY,TRAIN
ADV-PAIR-0991,PERSON-0017,PERSON-0151,CONTACTED,CASE-0020,Residents sharing surname Ansari in municipal rolls; unrelated.,0,NEG_SHARED_SURNAME_LOCALITY,VAL
ADV-PAIR-0992,PERSON-0018,PERSON-0049,CONTACTED,CASE-0284,Residents sharing surname Ahmed in municipal rolls; unrelated.,0,NEG_SHARED_SURNAME_LOCALITY,TEST
ADV-PAIR-0993,PERSON-0021,PERSON-0041,CONTACTED,CASE-0350,Residents sharing surname Verma in municipal rolls; unrelated.,0,NEG_SHARED_SURNAME_LOCALITY,TEST
ADV-PAIR-0994,PERSON-0022,PERSON-0064,CONTACTED,CASE-0674,Residents sharing surname Mukherjee in municipal rolls; unrelated.,0,NEG_SHARED_SURNAME_LOCALITY,TEST
ADV-PAIR-0995,PERSON-0023,PERSON-0142,CONTACTED,CASE-0733,Residents sharing surname Kaur in municipal rolls; unrelated.,0,NEG_SHARED_SURNAME_LOCALITY,TRAIN
ADV-PAIR-0996,PERSON-0025,PERSON-0236,CONTACTED,CASE-0897,Residents sharing surname Hussain in municipal rolls; unrelated.,0,NEG_SHARED_SURNAME_LOCALITY,TRAIN
ADV-PAIR-0997,PERSON-0030,PERSON-0073,CONTACTED,CASE-0550,Residents sharing surname Bose in municipal rolls; unrelated.,0,NEG_SHARED_SURNAME_LOCALITY,TRAIN
ADV-PAIR-0998,PERSON-0032,PERSON-0042,CONTACTED,CASE-0191,Residents sharing surname Gupta in municipal rolls; unrelated.,0,NEG_SHARED_SURNAME_LOCALITY,TRAIN
ADV-PAIR-0999,PERSON-0033,PERSON-0098,CONTACTED,CASE-0764,Residents sharing surname Sen in municipal rolls; unrelated.,0,NEG_SHARED_SURNAME_LOCALITY,TRAIN
ADV-PAIR-1000,PERSON-0034,PERSON-0071,CONTACTED,CASE-0702,Residents sharing surname Kumar in municipal rolls; unrelated.,0,NEG_SHARED_SURNAME_LOCALITY,TRAIN
ADV-PAIR-1001,PERSON-0035,PERSON-0072,CONTACTED,CASE-0375,Residents sharing surname Pandey in municipal rolls; unrelated.,0,NEG_SHARED_SURNAME_LOCALITY,TRAIN
ADV-PAIR-1002,PERSON-0036,PERSON-0038,CONTACTED,CASE-0234,Residents sharing surname Chakraborty in municipal rolls; unrelated.,0,NEG_SHARED_SURNAME_LOCALITY,TEST
ADV-PAIR-1003,PERSON-0039,PERSON-0103,CONTACTED,CASE-0821,Residents sharing surname Goyal in municipal rolls; unrelated.,0,NEG_SHARED_SURNAME_LOCALITY,VAL
ADV-PAIR-1004,PERSON-0040,PERSON-0047,CONTACTED,CASE-0820,Residents sharing surname Dutta in municipal rolls; unrelated.,0,NEG_SHARED_SURNAME_LOCALITY,TRAIN
ADV-PAIR-1005,PERSON-0045,PERSON-0046,CONTACTED,CASE-0935,Residents sharing surname Ali in municipal rolls; unrelated.,0,NEG_SHARED_SURNAME_LOCALITY,TEST
ADV-PAIR-1006,PERSON-0048,PERSON-0076,CONTACTED,CASE-0557,Residents sharing surname Singhal in municipal rolls; unrelated.,0,NEG_SHARED_SURNAME_LOCALITY,TRAIN
ADV-PAIR-1007,PERSON-0050,PERSON-0052,CONTACTED,CASE-0790,Residents sharing surname Patel in municipal rolls; unrelated.,0,NEG_SHARED_SURNAME_LOCALITY,TRAIN
ADV-PAIR-1008,PERSON-0051,PERSON-0065,CONTACTED,CASE-0980,Residents sharing surname Agarwal in municipal rolls; unrelated.,0,NEG_SHARED_SURNAME_LOCALITY,TEST
ADV-PAIR-1009,PERSON-0054,PERSON-0104,CONTACTED,CASE-0864,Residents sharing surname Mishra in municipal rolls; unrelated.,0,NEG_SHARED_SURNAME_LOCALITY,TEST
ADV-PAIR-1010,PERSON-0059,PERSON-0111,CONTACTED,CASE-0342,Residents sharing surname Sharma in municipal rolls; unrelated.,0,NEG_SHARED_SURNAME_LOCALITY,TRAIN
ADV-PAIR-1011,PERSON-0060,PERSON-0068,CONTACTED,CASE-0232,Residents sharing surname Sarkar in municipal rolls; unrelated.,0,NEG_SHARED_SURNAME_LOCALITY,TRAIN
ADV-PAIR-1012,PERSON-0062,PERSON-0070,CONTACTED,CASE-0272,Residents sharing surname Bansal in municipal rolls; unrelated.,0,NEG_SHARED_SURNAME_LOCALITY,VAL
ADV-PAIR-1013,PERSON-0063,PERSON-0107,CONTACTED,CASE-0121,Residents sharing surname Mehta in municipal rolls; unrelated.,0,NEG_SHARED_SURNAME_LOCALITY,TRAIN
ADV-PAIR-1014,PERSON-0109,PERSON-0114,CONTACTED,CASE-0327,Residents sharing surname Siddiqui in municipal rolls; unrelated.,0,NEG_SHARED_SURNAME_LOCALITY,TRAIN
ADV-PAIR-1015,PERSON-0181,PERSON-0195,CONTACTED,CASE-0213,Residents sharing surname Ghosh in municipal rolls; unrelated.,0,NEG_SHARED_SURNAME_LOCALITY,TRAIN
ADV-PAIR-1016,PERSON-0974,PERSON-0055,RELATED_TO,CASE-0853,Civilian family member (SPOUSE); strictly non-operational.,0,NEG_CIVILIAN_KINSHIP,TRAIN
ADV-PAIR-1017,PERSON-0055,PERSON-0974,RELATED_TO,CASE-1210,Civilian family member (SPOUSE); strictly non-operational.,0,NEG_CIVILIAN_KINSHIP,TRAIN
ADV-PAIR-1018,PERSON-0176,PERSON-0217,RELATED_TO,CASE-0989,Civilian family member (FATHER); strictly non-operational.,0,NEG_CIVILIAN_KINSHIP,TRAIN
ADV-PAIR-1019,PERSON-0217,PERSON-0176,RELATED_TO,CASE-1166,Civilian family member (DAUGHTER); strictly non-operational.,0,NEG_CIVILIAN_KINSHIP,TRAIN
ADV-PAIR-1020,PERSON-0286,PERSON-0868,RELATED_TO,CASE-0898,Civilian family member (SPOUSE); strictly non-operational.,0,NEG_CIVILIAN_KINSHIP,TEST
ADV-PAIR-1021,PERSON-0868,PERSON-0286,RELATED_TO,CASE-0372,Civilian family member (SPOUSE); strictly non-operational.,0,NEG_CIVILIAN_KINSHIP,TRAIN
ADV-PAIR-1022,PERSON-0182,PERSON-0516,RELATED_TO,CASE-0778,Civilian family member (FATHER); strictly non-operational.,0,NEG_CIVILIAN_KINSHIP,TEST
ADV-PAIR-1023,PERSON-0516,PERSON-0182,RELATED_TO,CASE-0735,Civilian family member (DAUGHTER); strictly non-operational.,0,NEG_CIVILIAN_KINSHIP,VAL
ADV-PAIR-1024,PERSON-0942,PERSON-0574,RELATED_TO,CASE-0060,Civilian family member (SISTER); strictly non-operational.,0,NEG_CIVILIAN_KINSHIP,TEST
ADV-PAIR-1025,PERSON-0574,PERSON-0942,RELATED_TO,CASE-0268,Civilian family member (BROTHER); strictly non-operational.,0,NEG_CIVILIAN_KINSHIP,TRAIN
ADV-PAIR-1026,PERSON-0909,PERSON-0739,RELATED_TO,CASE-0990,Civilian family member (BROTHER); strictly non-operational.,0,NEG_CIVILIAN_KINSHIP,TRAIN
ADV-PAIR-1027,PERSON-0739,PERSON-0909,RELATED_TO,CASE-1000,Civilian family member (BROTHER); strictly non-operational.,0,NEG_CIVILIAN_KINSHIP,TRAIN
ADV-PAIR-1028,PERSON-0006,PERSON-0060,RELATED_TO,CASE-0232,Civilian family member (MOTHER); strictly non-operational.,0,NEG_CIVILIAN_KINSHIP,TRAIN
ADV-PAIR-1029,PERSON-0060,PERSON-0006,RELATED_TO,CASE-0843,Civilian family member (SON); strictly non-operational.,0,NEG_CIVILIAN_KINSHIP,TRAIN
ADV-PAIR-1030,PERSON-0498,PERSON-0533,RELATED_TO,CASE-0903,Civilian family member (FATHER); strictly non-operational.,0,NEG_CIVILIAN_KINSHIP,TRAIN
ADV-PAIR-1031,PERSON-0533,PERSON-0498,RELATED_TO,CASE-0095,Civilian family member (DAUGHTER); strictly non-operational.,0,NEG_CIVILIAN_KINSHIP,TRAIN
ADV-PAIR-1032,PERSON-0165,PERSON-0706,RELATED_TO,CASE-0130,Civilian family member (BROTHER); strictly non-operational.,0,NEG_CIVILIAN_KINSHIP,TEST
ADV-PAIR-1033,PERSON-0706,PERSON-0165,RELATED_TO,CASE-0536,Civilian family member (BROTHER); strictly non-operational.,0,NEG_CIVILIAN_KINSHIP,TRAIN
ADV-PAIR-1034,PERSON-0735,PERSON-0464,RELATED_TO,CASE-0644,Civilian family member (MOTHER); strictly non-operational.,0,NEG_CIVILIAN_KINSHIP,VAL
ADV-PAIR-1035,PERSON-0464,PERSON-0735,RELATED_TO,CASE-0026,Civilian family member (DAUGHTER); strictly non-operational.,0,NEG_CIVILIAN_KINSHIP,TRAIN
ADV-PAIR-1036,PERSON-0093,PERSON-0140,RELATED_TO,CASE-1075,Civilian family member (SISTER); strictly non-operational.,0,NEG_CIVILIAN_KINSHIP,TRAIN
ADV-PAIR-1037,PERSON-0140,PERSON-0093,RELATED_TO,CASE-1181,Civilian family member (SISTER); strictly non-operational.,0,NEG_CIVILIAN_KINSHIP,TRAIN
ADV-PAIR-1038,PERSON-0075,PERSON-0399,RELATED_TO,CASE-1158,Civilian family member (SISTER); strictly non-operational.,0,NEG_CIVILIAN_KINSHIP,TRAIN
ADV-PAIR-1039,PERSON-0399,PERSON-0075,RELATED_TO,CASE-0459,Civilian family member (BROTHER); strictly non-operational.,0,NEG_CIVILIAN_KINSHIP,TRAIN
ADV-PAIR-1040,PERSON-0007,PERSON-0494,RELATED_TO,CASE-0693,Civilian family member (MOTHER); strictly non-operational.,0,NEG_CIVILIAN_KINSHIP,VAL
ADV-PAIR-1041,PERSON-0494,PERSON-0007,RELATED_TO,CASE-1064,Civilian family member (SON); strictly non-operational.,0,NEG_CIVILIAN_KINSHIP,TRAIN
ADV-PAIR-1042,PERSON-0061,PERSON-0806,RELATED_TO,CASE-1072,Civilian family member (SISTER); strictly non-operational.,0,NEG_CIVILIAN_KINSHIP,VAL
ADV-PAIR-1043,PERSON-0806,PERSON-0061,RELATED_TO,CASE-0196,Civilian family member (BROTHER); strictly non-operational.,0,NEG_CIVILIAN_KINSHIP,TRAIN
ADV-PAIR-1044,PERSON-0966,PERSON-0576,RELATED_TO,CASE-0887,Civilian family member (FATHER); strictly non-operational.,0,NEG_CIVILIAN_KINSHIP,TRAIN
ADV-PAIR-1045,PERSON-0576,PERSON-0966,RELATED_TO,CASE-0510,Civilian family member (SON); strictly non-operational.,0,NEG_CIVILIAN_KINSHIP,VAL
ADV-PAIR-1046,PERSON-0094,PERSON-0119,RELATED_TO,CASE-0987,Civilian family member (SISTER); strictly non-operational.,0,NEG_CIVILIAN_KINSHIP,TRAIN
ADV-PAIR-1047,PERSON-0119,PERSON-0094,RELATED_TO,CASE-0709,Civilian family member (BROTHER); strictly non-operational.,0,NEG_CIVILIAN_KINSHIP,TEST
ADV-PAIR-1048,PERSON-0999,PERSON-0002,RELATED_TO,CASE-0789,Civilian family member (FATHER); strictly non-operational.,0,NEG_CIVILIAN_KINSHIP,TRAIN
ADV-PAIR-1049,PERSON-0002,PERSON-0999,RELATED_TO,CASE-0305,Civilian family member (DAUGHTER); strictly non-operational.,0,NEG_CIVILIAN_KINSHIP,TRAIN
ADV-PAIR-1050,PERSON-0865,PERSON-0475,RELATED_TO,CASE-1144,Civilian family member (MOTHER); strictly non-operational.,0,NEG_CIVILIAN_KINSHIP,TRAIN
ADV-PAIR-1051,PERSON-0475,PERSON-0865,RELATED_TO,CASE-0112,Civilian family member (SON); strictly non-operational.,0,NEG_CIVILIAN_KINSHIP,VAL
ADV-PAIR-1052,PERSON-0836,PERSON-0673,RELATED_TO,CASE-0024,Civilian family member (MOTHER); strictly non-operational.,0,NEG_CIVILIAN_KINSHIP,TRAIN
ADV-PAIR-1053,PERSON-0673,PERSON-0836,RELATED_TO,CASE-0322,Civilian family member (SON); strictly non-operational.,0,NEG_CIVILIAN_KINSHIP,TRAIN
ADV-PAIR-1054,PERSON-0323,PERSON-0191,RELATED_TO,CASE-1036,Civilian family member (SISTER); strictly non-operational.,0,NEG_CIVILIAN_KINSHIP,TRAIN
ADV-PAIR-1055,PERSON-0191,PERSON-0323,RELATED_TO,CASE-0962,Civilian family member (SISTER); strictly non-operational.,0,NEG_CIVILIAN_KINSHIP,TRAIN
ADV-PAIR-1056,PERSON-0083,PERSON-0766,RELATED_TO,CASE-1016,Civilian family member (FATHER); strictly non-operational.,0,NEG_CIVILIAN_KINSHIP,TRAIN
ADV-PAIR-1057,PERSON-0766,PERSON-0083,RELATED_TO,CASE-0339,Civilian family member (SON); strictly non-operational.,0,NEG_CIVILIAN_KINSHIP,TRAIN
ADV-PAIR-1058,PERSON-0762,PERSON-0372,RELATED_TO,CASE-0154,Civilian family member (MOTHER); strictly non-operational.,0,NEG_CIVILIAN_KINSHIP,TEST
ADV-PAIR-1059,PERSON-0372,PERSON-0762,RELATED_TO,CASE-1007,Civilian family member (DAUGHTER); strictly non-operational.,0,NEG_CIVILIAN_KINSHIP,TRAIN
ADV-PAIR-1060,PERSON-0970,PERSON-0837,RELATED_TO,CASE-0657,Civilian family member (SPOUSE); strictly non-operational.,0,NEG_CIVILIAN_KINSHIP,VAL
ADV-PAIR-1061,PERSON-0837,PERSON-0970,RELATED_TO,CASE-0494,Civilian family member (SPOUSE); strictly non-operational.,0,NEG_CIVILIAN_KINSHIP,TRAIN
ADV-PAIR-1062,PERSON-0055,PERSON-0841,RELATED_TO,CASE-0678,Civilian family member (FATHER); strictly non-operational.,0,NEG_CIVILIAN_KINSHIP,TRAIN
ADV-PAIR-1063,PERSON-0841,PERSON-0055,RELATED_TO,CASE-0570,Civilian family member (DAUGHTER); strictly non-operational.,0,NEG_CIVILIAN_KINSHIP,TRAIN
ADV-PAIR-1064,PERSON-0205,PERSON-0045,RELATED_TO,CASE-0104,Civilian family member (FATHER); strictly non-operational.,0,NEG_CIVILIAN_KINSHIP,TRAIN
ADV-PAIR-1065,PERSON-0045,PERSON-0205,RELATED_TO,CASE-1039,Civilian family member (SON); strictly non-operational.,0,NEG_CIVILIAN_KINSHIP,TRAIN
ADV-PAIR-1066,PERSON-0229,PERSON-0564,TRANSFERRED_TO,CASE-0776,Cab fare digital transaction; non-operational commercial ride.,0,NEG_COMMERCIAL_TAXI_RETAIL,TRAIN
ADV-PAIR-1067,PERSON-0413,PERSON-0837,TRANSFERRED_TO,CASE-0482,Cab fare digital transaction; non-operational commercial ride.,0,NEG_COMMERCIAL_TAXI_RETAIL,TRAIN
ADV-PAIR-1068,PERSON-0081,PERSON-0471,TRANSFERRED_TO,CASE-0910,Cab fare digital transaction; non-operational commercial ride.,0,NEG_COMMERCIAL_TAXI_RETAIL,TRAIN
ADV-PAIR-1069,PERSON-0821,PERSON-0587,TRANSFERRED_TO,CASE-0918,Cab fare digital transaction; non-operational commercial ride.,0,NEG_COMMERCIAL_TAXI_RETAIL,VAL
ADV-PAIR-1070,PERSON-0091,PERSON-0878,TRANSFERRED_TO,CASE-1021,Cab fare digital transaction; non-operational commercial ride.,0,NEG_COMMERCIAL_TAXI_RETAIL,TRAIN
ADV-PAIR-1071,PERSON-0458,PERSON-0324,TRANSFERRED_TO,CASE-0244,Cab fare digital transaction; non-operational commercial ride.,0,NEG_COMMERCIAL_TAXI_RETAIL,TRAIN
ADV-PAIR-1072,PERSON-0510,PERSON-0764,TRANSFERRED_TO,CASE-0037,Cab fare digital transaction; non-operational commercial ride.,0,NEG_COMMERCIAL_TAXI_RETAIL,TRAIN
ADV-PAIR-1073,PERSON-0106,PERSON-0414,TRANSFERRED_TO,CASE-0845,Cab fare digital transaction; non-operational commercial ride.,0,NEG_COMMERCIAL_TAXI_RETAIL,TRAIN
ADV-PAIR-1074,PERSON-0037,PERSON-0571,TRANSFERRED_TO,CASE-1125,Cab fare digital transaction; non-operational commercial ride.,0,NEG_COMMERCIAL_TAXI_RETAIL,TEST
ADV-PAIR-1075,PERSON-0001,PERSON-0846,TRANSFERRED_TO,CASE-0187,Cab fare digital transaction; non-operational commercial ride.,0,NEG_COMMERCIAL_TAXI_RETAIL,TRAIN
ADV-PAIR-1076,PERSON-0811,PERSON-0619,TRANSFERRED_TO,CASE-0624,Cab fare digital transaction; non-operational commercial ride.,0,NEG_COMMERCIAL_TAXI_RETAIL,VAL
ADV-PAIR-1077,PERSON-0912,PERSON-0521,TRANSFERRED_TO,CASE-1152,Cab fare digital transaction; non-operational commercial ride.,0,NEG_COMMERCIAL_TAXI_RETAIL,TRAIN
ADV-PAIR-1078,PERSON-0212,PERSON-0671,TRANSFERRED_TO,CASE-0935,Cab fare digital transaction; non-operational commercial ride.,0,NEG_COMMERCIAL_TAXI_RETAIL,TEST
ADV-PAIR-1079,PERSON-0974,PERSON-0350,TRANSFERRED_TO,CASE-0745,Cab fare digital transaction; non-operational commercial ride.,0,NEG_COMMERCIAL_TAXI_RETAIL,TRAIN
ADV-PAIR-1080,PERSON-0846,PERSON-0056,TRANSFERRED_TO,CASE-0457,Cab fare digital transaction; non-operational commercial ride.,0,NEG_COMMERCIAL_TAXI_RETAIL,TEST
ADV-PAIR-1081,PERSON-0865,PERSON-0466,TRANSFERRED_TO,CASE-0680,Cab fare digital transaction; non-operational commercial ride.,0,NEG_COMMERCIAL_TAXI_RETAIL,TRAIN
ADV-PAIR-1082,PERSON-0574,PERSON-0786,TRANSFERRED_TO,CASE-1229,Cab fare digital transaction; non-operational commercial ride.,0,NEG_COMMERCIAL_TAXI_RETAIL,TEST
ADV-PAIR-1083,PERSON-0485,PERSON-0734,TRANSFERRED_TO,CASE-0745,Cab fare digital transaction; non-operational commercial ride.,0,NEG_COMMERCIAL_TAXI_RETAIL,TRAIN
ADV-PAIR-1084,PERSON-0734,PERSON-0464,TRANSFERRED_TO,CASE-0234,Cab fare digital transaction; non-operational commercial ride.,0,NEG_COMMERCIAL_TAXI_RETAIL,TEST
ADV-PAIR-1085,PERSON-0100,PERSON-0778,TRANSFERRED_TO,CASE-0455,Cab fare digital transaction; non-operational commercial ride.,0,NEG_COMMERCIAL_TAXI_RETAIL,TRAIN
ADV-PAIR-1086,PERSON-0003,PERSON-0350,TRANSFERRED_TO,CASE-0728,Cab fare digital transaction; non-operational commercial ride.,0,NEG_COMMERCIAL_TAXI_RETAIL,TRAIN
ADV-PAIR-1087,PERSON-0850,PERSON-0649,TRANSFERRED_TO,CASE-0598,Cab fare digital transaction; non-operational commercial ride.,0,NEG_COMMERCIAL_TAXI_RETAIL,TRAIN
ADV-PAIR-1088,PERSON-0561,PERSON-0535,TRANSFERRED_TO,CASE-0766,Cab fare digital transaction; non-operational commercial ride.,0,NEG_COMMERCIAL_TAXI_RETAIL,TRAIN
ADV-PAIR-1089,PERSON-0719,PERSON-0109,TRANSFERRED_TO,CASE-0094,Cab fare digital transaction; non-operational commercial ride.,0,NEG_COMMERCIAL_TAXI_RETAIL,TRAIN
ADV-PAIR-1090,PERSON-0919,PERSON-0169,TRANSFERRED_TO,CASE-1009,Cab fare digital transaction; non-operational commercial ride.,0,NEG_COMMERCIAL_TAXI_RETAIL,TRAIN
ADV-PAIR-1091,PERSON-0144,PERSON-0842,TRANSFERRED_TO,CASE-0839,Cab fare digital transaction; non-operational commercial ride.,0,NEG_COMMERCIAL_TAXI_RETAIL,TRAIN
ADV-PAIR-1092,PERSON-0110,PERSON-0261,TRANSFERRED_TO,CASE-0402,Cab fare digital transaction; non-operational commercial ride.,0,NEG_COMMERCIAL_TAXI_RETAIL,TRAIN
ADV-PAIR-1093,PERSON-0193,PERSON-0124,TRANSFERRED_TO,CASE-0805,Cab fare digital transaction; non-operational commercial ride.,0,NEG_COMMERCIAL_TAXI_RETAIL,TRAIN
ADV-PAIR-1094,PERSON-0221,PERSON-0469,TRANSFERRED_TO,CASE-0391,Cab fare digital transaction; non-operational commercial ride.,0,NEG_COMMERCIAL_TAXI_RETAIL,TRAIN
ADV-PAIR-1095,PERSON-0734,PERSON-0347,TRANSFERRED_TO,CASE-0221,Cab fare digital transaction; non-operational commercial ride.,0,NEG_COMMERCIAL_TAXI_RETAIL,TRAIN
ADV-PAIR-1096,PERSON-0776,PERSON-0425,TRANSFERRED_TO,CASE-0096,Cab fare digital transaction; non-operational commercial ride.,0,NEG_COMMERCIAL_TAXI_RETAIL,TRAIN
ADV-PAIR-1097,PERSON-0949,PERSON-0649,TRANSFERRED_TO,CASE-1206,Cab fare digital transaction; non-operational commercial ride.,0,NEG_COMMERCIAL_TAXI_RETAIL,TRAIN
ADV-PAIR-1098,PERSON-0127,PERSON-0791,TRANSFERRED_TO,CASE-0923,Cab fare digital transaction; non-operational commercial ride.,0,NEG_COMMERCIAL_TAXI_RETAIL,VAL
ADV-PAIR-1099,PERSON-0469,PERSON-0675,TRANSFERRED_TO,CASE-1207,Cab fare digital transaction; non-operational commercial ride.,0,NEG_COMMERCIAL_TAXI_RETAIL,VAL
ADV-PAIR-1100,PERSON-0980,PERSON-0517,TRANSFERRED_TO,CASE-0276,Cab fare digital transaction; non-operational commercial ride.,0,NEG_COMMERCIAL_TAXI_RETAIL,TRAIN
ADV-PAIR-1101,PERSON-0987,PERSON-0511,TRANSFERRED_TO,CASE-0009,Cab fare digital transaction; non-operational commercial ride.,0,NEG_COMMERCIAL_TAXI_RETAIL,TEST
ADV-PAIR-1102,PERSON-0544,PERSON-0754,TRANSFERRED_TO,CASE-0100,Cab fare digital transaction; non-operational commercial ride.,0,NEG_COMMERCIAL_TAXI_RETAIL,TRAIN
ADV-PAIR-1103,PERSON-0567,PERSON-0958,TRANSFERRED_TO,CASE-0887,Cab fare digital transaction; non-operational commercial ride.,0,NEG_COMMERCIAL_TAXI_RETAIL,TRAIN
ADV-PAIR-1104,PERSON-0859,PERSON-0600,TRANSFERRED_TO,CASE-0990,Cab fare digital transaction; non-operational commercial ride.,0,NEG_COMMERCIAL_TAXI_RETAIL,TRAIN
ADV-PAIR-1105,PERSON-0947,PERSON-0521,TRANSFERRED_TO,CASE-0363,Cab fare digital transaction; non-operational commercial ride.,0,NEG_COMMERCIAL_TAXI_RETAIL,TRAIN
ADV-PAIR-1106,PERSON-0709,PERSON-0593,TRANSFERRED_TO,CASE-0356,Cab fare digital transaction; non-operational commercial ride.,0,NEG_COMMERCIAL_TAXI_RETAIL,TRAIN
ADV-PAIR-1107,PERSON-0749,PERSON-0835,TRANSFERRED_TO,CASE-0263,Cab fare digital transaction; non-operational commercial ride.,0,NEG_COMMERCIAL_TAXI_RETAIL,TRAIN
ADV-PAIR-1108,PERSON-0107,PERSON-0397,TRANSFERRED_TO,CASE-1230,Cab fare digital transaction; non-operational commercial ride.,0,NEG_COMMERCIAL_TAXI_RETAIL,TRAIN
ADV-PAIR-1109,PERSON-0621,PERSON-0904,TRANSFERRED_TO,CASE-0660,Cab fare digital transaction; non-operational commercial ride.,0,NEG_COMMERCIAL_TAXI_RETAIL,TRAIN
ADV-PAIR-1110,PERSON-0517,PERSON-0903,TRANSFERRED_TO,CASE-0788,Cab fare digital transaction; non-operational commercial ride.,0,NEG_COMMERCIAL_TAXI_RETAIL,TRAIN
ADV-PAIR-1111,PERSON-0429,PERSON-0624,TRANSFERRED_TO,CASE-0509,Cab fare digital transaction; non-operational commercial ride.,0,NEG_COMMERCIAL_TAXI_RETAIL,TRAIN
ADV-PAIR-1112,PERSON-0281,PERSON-0408,TRANSFERRED_TO,CASE-0703,Cab fare digital transaction; non-operational commercial ride.,0,NEG_COMMERCIAL_TAXI_RETAIL,TEST
ADV-PAIR-1113,PERSON-0994,PERSON-0302,TRANSFERRED_TO,CASE-0928,Cab fare digital transaction; non-operational commercial ride.,0,NEG_COMMERCIAL_TAXI_RETAIL,TRAIN
ADV-PAIR-1114,PERSON-0825,PERSON-0137,TRANSFERRED_TO,CASE-0283,Cab fare digital transaction; non-operational commercial ride.,0,NEG_COMMERCIAL_TAXI_RETAIL,TRAIN
ADV-PAIR-1115,PERSON-0423,PERSON-0617,TRANSFERRED_TO,CASE-1050,Cab fare digital transaction; non-operational commercial ride.,0,NEG_COMMERCIAL_TAXI_RETAIL,TEST
ADV-PAIR-1116,PERSON-0307,PERSON-0864,TRANSFERRED_TO,CASE-1122,Cab fare digital transaction; non-operational commercial ride.,0,NEG_COMMERCIAL_TAXI_RETAIL,TRAIN
ADV-PAIR-1117,PERSON-0882,PERSON-0322,TRANSFERRED_TO,CASE-1134,Cab fare digital transaction; non-operational commercial ride.,0,NEG_COMMERCIAL_TAXI_RETAIL,TEST
ADV-PAIR-1118,PERSON-0648,PERSON-0223,TRANSFERRED_TO,CASE-0412,Cab fare digital transaction; non-operational commercial ride.,0,NEG_COMMERCIAL_TAXI_RETAIL,TRAIN
ADV-PAIR-1119,PERSON-0215,PERSON-0640,TRANSFERRED_TO,CASE-0596,Cab fare digital transaction; non-operational commercial ride.,0,NEG_COMMERCIAL_TAXI_RETAIL,TRAIN
ADV-PAIR-1120,PERSON-0704,PERSON-0354,TRANSFERRED_TO,CASE-0272,Cab fare digital transaction; non-operational commercial ride.,0,NEG_COMMERCIAL_TAXI_RETAIL,VAL
ADV-PAIR-1121,PERSON-0728,PERSON-0666,TRANSFERRED_TO,CASE-0365,Cab fare digital transaction; non-operational commercial ride.,0,NEG_COMMERCIAL_TAXI_RETAIL,TEST
ADV-PAIR-1122,PERSON-0516,PERSON-0556,TRANSFERRED_TO,CASE-0661,Cab fare digital transaction; non-operational commercial ride.,0,NEG_COMMERCIAL_TAXI_RETAIL,TRAIN
ADV-PAIR-1123,PERSON-0728,PERSON-0119,TRANSFERRED_TO,CASE-0722,Cab fare digital transaction; non-operational commercial ride.,0,NEG_COMMERCIAL_TAXI_RETAIL,VAL
ADV-PAIR-1124,PERSON-0576,PERSON-0492,TRANSFERRED_TO,CASE-1194,Cab fare digital transaction; non-operational commercial ride.,0,NEG_COMMERCIAL_TAXI_RETAIL,TRAIN
ADV-PAIR-1125,PERSON-0585,PERSON-0966,TRANSFERRED_TO,CASE-0855,Cab fare digital transaction; non-operational commercial ride.,0,NEG_COMMERCIAL_TAXI_RETAIL,TRAIN
ADV-PAIR-1126,PERSON-0691,PERSON-0766,TRANSFERRED_TO,CASE-1094,Cab fare digital transaction; non-operational commercial ride.,0,NEG_COMMERCIAL_TAXI_RETAIL,TRAIN
ADV-PAIR-1127,PERSON-0293,PERSON-0899,TRANSFERRED_TO,CASE-0866,Cab fare digital transaction; non-operational commercial ride.,0,NEG_COMMERCIAL_TAXI_RETAIL,TRAIN
ADV-PAIR-1128,PERSON-0828,PERSON-0014,TRANSFERRED_TO,CASE-1071,Cab fare digital transaction; non-operational commercial ride.,0,NEG_COMMERCIAL_TAXI_RETAIL,TRAIN
ADV-PAIR-1129,PERSON-0110,PERSON-0026,TRANSFERRED_TO,CASE-0781,Cab fare digital transaction; non-operational commercial ride.,0,NEG_COMMERCIAL_TAXI_RETAIL,TEST
ADV-PAIR-1130,PERSON-0149,PERSON-0055,TRANSFERRED_TO,CASE-0116,Cab fare digital transaction; non-operational commercial ride.,0,NEG_COMMERCIAL_TAXI_RETAIL,TRAIN
ADV-PAIR-1131,PERSON-0205,PERSON-0274,TRANSFERRED_TO,CASE-0330,Cab fare digital transaction; non-operational commercial ride.,0,NEG_COMMERCIAL_TAXI_RETAIL,TRAIN
ADV-PAIR-1132,PERSON-0294,PERSON-0700,TRANSFERRED_TO,CASE-0514,Cab fare digital transaction; non-operational commercial ride.,0,NEG_COMMERCIAL_TAXI_RETAIL,TRAIN
ADV-PAIR-1133,PERSON-0150,PERSON-0860,TRANSFERRED_TO,CASE-0128,Cab fare digital transaction; non-operational commercial ride.,0,NEG_COMMERCIAL_TAXI_RETAIL,VAL
ADV-PAIR-1134,PERSON-0708,PERSON-0804,TRANSFERRED_TO,CASE-0605,Cab fare digital transaction; non-operational commercial ride.,0,NEG_COMMERCIAL_TAXI_RETAIL,VAL
ADV-PAIR-1135,PERSON-0209,PERSON-0772,TRANSFERRED_TO,CASE-1109,Cab fare digital transaction; non-operational commercial ride.,0,NEG_COMMERCIAL_TAXI_RETAIL,TRAIN
ADV-PAIR-1136,PERSON-0034,PERSON-0368,TRANSFERRED_TO,CASE-0927,Cab fare digital transaction; non-operational commercial ride.,0,NEG_COMMERCIAL_TAXI_RETAIL,TRAIN
ADV-PAIR-1137,PERSON-0105,PERSON-0631,TRANSFERRED_TO,CASE-1151,Cab fare digital transaction; non-operational commercial ride.,0,NEG_COMMERCIAL_TAXI_RETAIL,TRAIN
ADV-PAIR-1138,PERSON-0886,PERSON-0230,TRANSFERRED_TO,CASE-1150,Cab fare digital transaction; non-operational commercial ride.,0,NEG_COMMERCIAL_TAXI_RETAIL,TRAIN
ADV-PAIR-1139,PERSON-0399,PERSON-0244,TRANSFERRED_TO,CASE-1047,Cab fare digital transaction; non-operational commercial ride.,0,NEG_COMMERCIAL_TAXI_RETAIL,TRAIN
ADV-PAIR-1140,PERSON-0804,PERSON-0816,TRANSFERRED_TO,CASE-0590,Cab fare digital transaction; non-operational commercial ride.,0,NEG_COMMERCIAL_TAXI_RETAIL,TEST
ADV-PAIR-1141,PERSON-0710,PERSON-0681,TRANSFERRED_TO,CASE-0097,Cab fare digital transaction; non-operational commercial ride.,0,NEG_COMMERCIAL_TAXI_RETAIL,TRAIN
ADV-PAIR-1142,PERSON-0949,PERSON-0391,TRANSFERRED_TO,CASE-0794,Cab fare digital transaction; non-operational commercial ride.,0,NEG_COMMERCIAL_TAXI_RETAIL,TRAIN
ADV-PAIR-1143,PERSON-0427,PERSON-0980,TRANSFERRED_TO,CASE-0641,Cab fare digital transaction; non-operational commercial ride.,0,NEG_COMMERCIAL_TAXI_RETAIL,TRAIN
ADV-PAIR-1144,PERSON-0990,PERSON-0566,TRANSFERRED_TO,CASE-0111,Cab fare digital transaction; non-operational commercial ride.,0,NEG_COMMERCIAL_TAXI_RETAIL,TEST
ADV-PAIR-1145,PERSON-0014,PERSON-0762,TRANSFERRED_TO,CASE-0515,Cab fare digital transaction; non-operational commercial ride.,0,NEG_COMMERCIAL_TAXI_RETAIL,TRAIN
ADV-PAIR-1146,PERSON-0208,PERSON-0636,TRANSFERRED_TO,CASE-0908,Cab fare digital transaction; non-operational commercial ride.,0,NEG_COMMERCIAL_TAXI_RETAIL,TRAIN
ADV-PAIR-1147,PERSON-0850,PERSON-0231,TRANSFERRED_TO,CASE-0754,Cab fare digital transaction; non-operational commercial ride.,0,NEG_COMMERCIAL_TAXI_RETAIL,TRAIN
ADV-PAIR-1148,PERSON-0774,PERSON-0603,TRANSFERRED_TO,CASE-1120,Cab fare digital transaction; non-operational commercial ride.,0,NEG_COMMERCIAL_TAXI_RETAIL,TRAIN
ADV-PAIR-1149,PERSON-0757,PERSON-0618,TRANSFERRED_TO,CASE-0403,Cab fare digital transaction; non-operational commercial ride.,0,NEG_COMMERCIAL_TAXI_RETAIL,TRAIN
ADV-PAIR-1150,PERSON-0795,PERSON-0743,TRANSFERRED_TO,CASE-0397,Cab fare digital transaction; non-operational commercial ride.,0,NEG_COMMERCIAL_TAXI_RETAIL,TRAIN
ADV-PAIR-1151,PERSON-0302,PERSON-0460,TRANSFERRED_TO,CASE-0364,Cab fare digital transaction; non-operational commercial ride.,0,NEG_COMMERCIAL_TAXI_RETAIL,TRAIN
ADV-PAIR-1152,PERSON-0700,PERSON-0077,TRANSFERRED_TO,CASE-0383,Cab fare digital transaction; non-operational commercial ride.,0,NEG_COMMERCIAL_TAXI_RETAIL,TRAIN
ADV-PAIR-1153,PERSON-0986,PERSON-0178,TRANSFERRED_TO,CASE-1053,Cab fare digital transaction; non-operational commercial ride.,0,NEG_COMMERCIAL_TAXI_RETAIL,TEST
ADV-PAIR-1154,PERSON-0123,PERSON-0387,TRANSFERRED_TO,CASE-0084,Cab fare digital transaction; non-operational commercial ride.,0,NEG_COMMERCIAL_TAXI_RETAIL,TRAIN
ADV-PAIR-1155,PERSON-0439,PERSON-0286,TRANSFERRED_TO,CASE-1140,Cab fare digital transaction; non-operational commercial ride.,0,NEG_COMMERCIAL_TAXI_RETAIL,TRAIN
ADV-PAIR-1156,PERSON-0271,PERSON-0134,TRANSFERRED_TO,CASE-0330,Cab fare digital transaction; non-operational commercial ride.,0,NEG_COMMERCIAL_TAXI_RETAIL,TRAIN
ADV-PAIR-1157,PERSON-0599,PERSON-0867,TRANSFERRED_TO,CASE-0523,Cab fare digital transaction; non-operational commercial ride.,0,NEG_COMMERCIAL_TAXI_RETAIL,TRAIN
ADV-PAIR-1158,PERSON-0006,PERSON-0339,TRANSFERRED_TO,CASE-0956,Cab fare digital transaction; non-operational commercial ride.,0,NEG_COMMERCIAL_TAXI_RETAIL,TEST
ADV-PAIR-1159,PERSON-0727,PERSON-0960,TRANSFERRED_TO,CASE-0318,Cab fare digital transaction; non-operational commercial ride.,0,NEG_COMMERCIAL_TAXI_RETAIL,TRAIN
ADV-PAIR-1160,PERSON-0041,PERSON-0158,TRANSFERRED_TO,CASE-0661,Cab fare digital transaction; non-operational commercial ride.,0,NEG_COMMERCIAL_TAXI_RETAIL,TRAIN
ADV-PAIR-1161,PERSON-0612,PERSON-0053,TRANSFERRED_TO,CASE-0617,Cab fare digital transaction; non-operational commercial ride.,0,NEG_COMMERCIAL_TAXI_RETAIL,TRAIN
ADV-PAIR-1162,PERSON-0503,PERSON-0809,TRANSFERRED_TO,CASE-1173,Cab fare digital transaction; non-operational commercial ride.,0,NEG_COMMERCIAL_TAXI_RETAIL,TRAIN
ADV-PAIR-1163,PERSON-0564,PERSON-0367,TRANSFERRED_TO,CASE-0150,Cab fare digital transaction; non-operational commercial ride.,0,NEG_COMMERCIAL_TAXI_RETAIL,VAL
ADV-PAIR-1164,PERSON-0803,PERSON-0725,TRANSFERRED_TO,CASE-0651,Cab fare digital transaction; non-operational commercial ride.,0,NEG_COMMERCIAL_TAXI_RETAIL,TRAIN
ADV-PAIR-1165,PERSON-0539,PERSON-0226,TRANSFERRED_TO,CASE-0377,Cab fare digital transaction; non-operational commercial ride.,0,NEG_COMMERCIAL_TAXI_RETAIL,TRAIN
ADV-PAIR-1166,PERSON-0534,PERSON-0070,TRANSFERRED_TO,CASE-1035,Cab fare digital transaction; non-operational commercial ride.,0,NEG_COMMERCIAL_TAXI_RETAIL,VAL
ADV-PAIR-1167,PERSON-0164,PERSON-0426,TRANSFERRED_TO,CASE-1113,Cab fare digital transaction; non-operational commercial ride.,0,NEG_COMMERCIAL_TAXI_RETAIL,TRAIN
ADV-PAIR-1168,PERSON-0550,PERSON-0414,TRANSFERRED_TO,CASE-0189,Cab fare digital transaction; non-operational commercial ride.,0,NEG_COMMERCIAL_TAXI_RETAIL,TRAIN
ADV-PAIR-1169,PERSON-0358,PERSON-0227,TRANSFERRED_TO,CASE-0437,Cab fare digital transaction; non-operational commercial ride.,0,NEG_COMMERCIAL_TAXI_RETAIL,TRAIN
ADV-PAIR-1170,PERSON-0680,PERSON-0340,TRANSFERRED_TO,CASE-0679,Cab fare digital transaction; non-operational commercial ride.,0,NEG_COMMERCIAL_TAXI_RETAIL,TRAIN
ADV-PAIR-1171,PERSON-0370,PERSON-0301,TRANSFERRED_TO,CASE-0448,Cab fare digital transaction; non-operational commercial ride.,0,NEG_COMMERCIAL_TAXI_RETAIL,TRAIN
ADV-PAIR-1172,PERSON-0974,PERSON-0771,TRANSFERRED_TO,CASE-1087,Cab fare digital transaction; non-operational commercial ride.,0,NEG_COMMERCIAL_TAXI_RETAIL,TRAIN
ADV-PAIR-1173,PERSON-0487,PERSON-0575,TRANSFERRED_TO,CASE-0019,Cab fare digital transaction; non-operational commercial ride.,0,NEG_COMMERCIAL_TAXI_RETAIL,TRAIN
ADV-PAIR-1174,PERSON-0118,PERSON-0685,TRANSFERRED_TO,CASE-0709,Cab fare digital transaction; non-operational commercial ride.,0,NEG_COMMERCIAL_TAXI_RETAIL,TEST
ADV-PAIR-1175,PERSON-0457,PERSON-0247,TRANSFERRED_TO,CASE-0500,Cab fare digital transaction; non-operational commercial ride.,0,NEG_COMMERCIAL_TAXI_RETAIL,TRAIN
ADV-PAIR-1176,PERSON-0982,PERSON-0041,TRANSFERRED_TO,CASE-0658,Cab fare digital transaction; non-operational commercial ride.,0,NEG_COMMERCIAL_TAXI_RETAIL,TRAIN
ADV-PAIR-1177,PERSON-0391,PERSON-0938,TRANSFERRED_TO,CASE-0233,Cab fare digital transaction; non-operational commercial ride.,0,NEG_COMMERCIAL_TAXI_RETAIL,TRAIN
ADV-PAIR-1178,PERSON-0396,PERSON-0263,TRANSFERRED_TO,CASE-1107,Cab fare digital transaction; non-operational commercial ride.,0,NEG_COMMERCIAL_TAXI_RETAIL,TRAIN
ADV-PAIR-1179,PERSON-0742,PERSON-0290,TRANSFERRED_TO,CASE-0051,Cab fare digital transaction; non-operational commercial ride.,0,NEG_COMMERCIAL_TAXI_RETAIL,TEST
ADV-PAIR-1180,PERSON-0934,PERSON-0530,TRANSFERRED_TO,CASE-0768,Cab fare digital transaction; non-operational commercial ride.,0,NEG_COMMERCIAL_TAXI_RETAIL,VAL
ADV-PAIR-1181,PERSON-0527,PERSON-0823,TRANSFERRED_TO,CASE-1042,Cab fare digital transaction; non-operational commercial ride.,0,NEG_COMMERCIAL_TAXI_RETAIL,TEST
ADV-PAIR-1182,PERSON-0457,PERSON-0499,TRANSFERRED_TO,CASE-0090,Cab fare digital transaction; non-operational commercial ride.,0,NEG_COMMERCIAL_TAXI_RETAIL,VAL
ADV-PAIR-1183,PERSON-0304,PERSON-0920,TRANSFERRED_TO,CASE-0395,Cab fare digital transaction; non-operational commercial ride.,0,NEG_COMMERCIAL_TAXI_RETAIL,VAL
ADV-PAIR-1184,PERSON-0329,PERSON-0527,TRANSFERRED_TO,CASE-0169,Cab fare digital transaction; non-operational commercial ride.,0,NEG_COMMERCIAL_TAXI_RETAIL,VAL
ADV-PAIR-1185,PERSON-0971,PERSON-0099,TRANSFERRED_TO,CASE-0343,Cab fare digital transaction; non-operational commercial ride.,0,NEG_COMMERCIAL_TAXI_RETAIL,TEST
ADV-PAIR-1186,PERSON-0995,PERSON-0980,TRANSFERRED_TO,CASE-1102,Cab fare digital transaction; non-operational commercial ride.,0,NEG_COMMERCIAL_TAXI_RETAIL,TRAIN
ADV-PAIR-1187,PERSON-0547,PERSON-0008,TRANSFERRED_TO,CASE-0135,Cab fare digital transaction; non-operational commercial ride.,0,NEG_COMMERCIAL_TAXI_RETAIL,TEST
ADV-PAIR-1188,PERSON-0216,PERSON-0687,TRANSFERRED_TO,CASE-0437,Cab fare digital transaction; non-operational commercial ride.,0,NEG_COMMERCIAL_TAXI_RETAIL,TRAIN
ADV-PAIR-1189,PERSON-0886,PERSON-0702,TRANSFERRED_TO,CASE-0869,Cab fare digital transaction; non-operational commercial ride.,0,NEG_COMMERCIAL_TAXI_RETAIL,TRAIN
ADV-PAIR-1190,PERSON-0856,PERSON-0107,TRANSFERRED_TO,CASE-0422,Cab fare digital transaction; non-operational commercial ride.,0,NEG_COMMERCIAL_TAXI_RETAIL,TRAIN
ADV-PAIR-1191,PERSON-0551,PERSON-0849,TRANSFERRED_TO,CASE-0892,Cab fare digital transaction; non-operational commercial ride.,0,NEG_COMMERCIAL_TAXI_RETAIL,TRAIN
ADV-PAIR-1192,PERSON-0663,PERSON-0837,TRANSFERRED_TO,CASE-0148,Cab fare digital transaction; non-operational commercial ride.,0,NEG_COMMERCIAL_TAXI_RETAIL,TEST
ADV-PAIR-1193,PERSON-0765,PERSON-0703,TRANSFERRED_TO,CASE-0315,Cab fare digital transaction; non-operational commercial ride.,0,NEG_COMMERCIAL_TAXI_RETAIL,TRAIN
ADV-PAIR-1194,PERSON-0025,PERSON-0471,TRANSFERRED_TO,CASE-0680,Cab fare digital transaction; non-operational commercial ride.,0,NEG_COMMERCIAL_TAXI_RETAIL,TRAIN
ADV-PAIR-1195,PERSON-0039,PERSON-0090,TRANSFERRED_TO,CASE-0151,Cab fare digital transaction; non-operational commercial ride.,0,NEG_COMMERCIAL_TAXI_RETAIL,TRAIN
ADV-PAIR-1196,PERSON-0056,PERSON-0183,TRANSFERRED_TO,CASE-0516,Cab fare digital transaction; non-operational commercial ride.,0,NEG_COMMERCIAL_TAXI_RETAIL,TEST
ADV-PAIR-1197,PERSON-0572,PERSON-0073,TRANSFERRED_TO,CASE-1178,Cab fare digital transaction; non-operational commercial ride.,0,NEG_COMMERCIAL_TAXI_RETAIL,TRAIN
ADV-PAIR-1198,PERSON-0842,PERSON-0234,TRANSFERRED_TO,CASE-0530,Cab fare digital transaction; non-operational commercial ride.,0,NEG_COMMERCIAL_TAXI_RETAIL,TRAIN
ADV-PAIR-1199,PERSON-0418,PERSON-0398,TRANSFERRED_TO,CASE-0924,Cab fare digital transaction; non-operational commercial ride.,0,NEG_COMMERCIAL_TAXI_RETAIL,TEST
ADV-PAIR-1200,PERSON-0646,PERSON-0415,TRANSFERRED_TO,CASE-0887,Cab fare digital transaction; non-operational commercial ride.,0,NEG_COMMERCIAL_TAXI_RETAIL,TRAIN
