cp_id,case_id,person_id,role,narrative
CP-0001,CASE-0915,PERSON-0001,PERSON_OF_INTEREST,Santosh Chatterjee identified as an analytical lead in connection with Kidnapping and Extortion Case at Varanasi.
CP-0002,CASE-0783,PERSON-0001,ASSOCIATE,Santosh Chatterjee identified as an analytical lead in connection with Forged Documentation and Property Fraud in Raipur.
CP-0003,CASE-1138,PERSON-0001,ASSOCIATE,Santosh Chatterjee identified as an analytical lead in connection with Physical Assault and Grievous Hurt Case at Delhi.
CP-0004,CASE-0322,PERSON-0001,SUSPECT,Santosh Chatterjee identified as an analytical lead in connection with Serial Asset and Vehicle Theft in Surat.
CP-0005,CASE-0934,PERSON-0002,ASSOCIATE,Rohit Singh identified as an analytical lead in connection with Threat and Extortion Racket in Durg.
CP-0006,CASE-0566,PERSON-0002,SUSPECT,Rohit Singh identified as an analytical lead in connection with Threat and Extortion Racket in Pune.
CP-0007,CASE-0406,PERSON-0002,PERSON_OF_INTEREST,Rohit Singh identified as an analytical lead in connection with Forged Documentation and Property Fraud in Lucknow.
CP-0008,CASE-1243,PERSON-0002,SUSPECT,Rohit Singh identified as an analytical lead in connection with Nocturnal Commercial Burglary in Chennai.
CP-0009,CASE-0929,PERSON-0002,ASSOCIATE,Rohit Singh identified as an analytical lead in connection with Commercial Fraud and Embezzlement Syndicate at Siliguri.
CP-0010,CASE-0254,PERSON-0003,PERSON_OF_INTEREST,Vijay Banerjee identified as an analytical lead in connection with Targeted Homicide Investigation in Bilaspur.
CP-0011,CASE-0108,PERSON-0003,ASSOCIATE,Vijay Banerjee identified as an analytical lead in connection with Targeted Homicide Investigation in Delhi.
CP-0012,CASE-0669,PERSON-0003,ASSOCIATE,Vijay Banerjee identified as an analytical lead in connection with Serial Asset and Vehicle Theft in Lucknow.
CP-0013,CASE-0646,PERSON-0004,PERSON_OF_INTEREST,Ashok Shukla identified as an analytical lead in connection with Kidnapping and Extortion Case at Varanasi.
CP-0014,CASE-0769,PERSON-0004,ASSOCIATE,Ashok Shukla identified as an analytical lead in connection with Forged Documentation and Property Fraud in Delhi.
CP-0015,CASE-1127,PERSON-0004,PERSON_OF_INTEREST,Ashok Shukla identified as an analytical lead in connection with Digital Identity Theft and Financial Scam at Delhi.
CP-0016,CASE-0053,PERSON-0004,ASSOCIATE,Ashok Shukla identified as an analytical lead in connection with Physical Assault and Grievous Hurt Case at Lucknow.
CP-0017,CASE-0365,PERSON-0005,PERSON_OF_INTEREST,Ashok Garg identified as an analytical lead in connection with Kidnapping and Extortion Case at Ahmedabad.
CP-0018,CASE-0669,PERSON-0005,SUSPECT,Ashok Garg identified as an analytical lead in connection with Serial Asset and Vehicle Theft in Lucknow.
CP-0019,CASE-0071,PERSON-0005,PERSON_OF_INTEREST,Ashok Garg identified as an analytical lead in connection with Targeted Homicide Investigation in Delhi.
CP-0020,CASE-0580,PERSON-0005,SUSPECT,Ashok Garg identified as an analytical lead in connection with Commercial Fraud and Embezzlement Syndicate at Pune.
CP-0021,CASE-0664,PERSON-0005,PERSON_OF_INTEREST,Ashok Garg identified as an analytical lead in connection with Digital Identity Theft and Financial Scam at Mumbai.
CP-0022,CASE-1159,PERSON-0005,PERSON_OF_INTEREST,Ashok Garg identified as an analytical lead in connection with Threat and Extortion Racket in Kolkata.
CP-0023,CASE-1018,PERSON-0006,SUSPECT,Santosh Joshi identified as an analytical lead in connection with Forged Documentation and Property Fraud in Durg.
CP-0024,CASE-0131,PERSON-0006,SUSPECT,Santosh Joshi identified as an analytical lead in connection with Armed Robbery Incident at Nagpur.
CP-0025,CASE-0140,PERSON-0006,PERSON_OF_INTEREST,Santosh Joshi identified as an analytical lead in connection with Armed Robbery Incident at Kolkata.
CP-0026,CASE-0287,PERSON-0006,SUSPECT,Santosh Joshi identified as an analytical lead in connection with Commercial Fraud and Embezzlement Syndicate at Delhi.
CP-0027,CASE-0189,PERSON-0007,SUSPECT,Sangeeta Das identified as an analytical lead in connection with Physical Assault and Grievous Hurt Case at Delhi.
CP-0028,CASE-0738,PERSON-0007,ASSOCIATE,Sangeeta Das identified as an analytical lead in connection with Serial Asset and Vehicle Theft in Nagpur.
CP-0029,CASE-0732,PERSON-0007,ASSOCIATE,Sangeeta Das identified as an analytical lead in connection with Targeted Homicide Investigation in Howrah.
CP-0030,CASE-0693,PERSON-0007,SUSPECT,Sangeeta Das identified as an analytical lead in connection with Kidnapping and Extortion Case at Kolkata.
CP-0031,CASE-0821,PERSON-0008,PERSON_OF_INTEREST,Sanjay Jain identified as an analytical lead in connection with Physical Assault and Grievous Hurt Case at Kolkata.
CP-0032,CASE-1117,PERSON-0008,SUSPECT,Sanjay Jain identified as an analytical lead in connection with Kidnapping and Extortion Case at Varanasi.
CP-0033,CASE-0128,PERSON-0008,PERSON_OF_INTEREST,Sanjay Jain identified as an analytical lead in connection with Nocturnal Commercial Burglary in Kolkata.
CP-0034,CASE-1075,PERSON-0008,SUSPECT,Sanjay Jain identified as an analytical lead in connection with Nocturnal Commercial Burglary in Kolkata.
CP-0035,CASE-0853,PERSON-0008,SUSPECT,Sanjay Jain identified as an analytical lead in connection with Serial Asset and Vehicle Theft in Nagpur.
CP-0036,CASE-0811,PERSON-0008,ASSOCIATE,Sanjay Jain identified as an analytical lead in connection with Commercial Fraud and Embezzlement Syndicate at Nagpur.
CP-0037,CASE-0237,PERSON-0009,SUSPECT,Sunil Qureshi identified as an analytical lead in connection with Threat and Extortion Racket in Nagpur.
CP-0038,CASE-0535,PERSON-0009,PERSON_OF_INTEREST,Sunil Qureshi identified as an analytical lead in connection with Threat and Extortion Racket in Nagpur.
CP-0039,CASE-0466,PERSON-0009,PERSON_OF_INTEREST,Sunil Qureshi identified as an analytical lead in connection with Targeted Homicide Investigation in Pune.
CP-0040,CASE-0491,PERSON-0009,PERSON_OF_INTEREST,Sunil Qureshi identified as an analytical lead in connection with Forged Documentation and Property Fraud in Lucknow.
CP-0041,CASE-0108,PERSON-0010,SUSPECT,Manoj Tiwari identified as an analytical lead in connection with Targeted Homicide Investigation in Delhi.
CP-0042,CASE-0462,PERSON-0010,SUSPECT,Manoj Tiwari identified as an analytical lead in connection with Kidnapping and Extortion Case at Mumbai.
CP-0043,CASE-0981,PERSON-0010,SUSPECT,Manoj Tiwari identified as an analytical lead in connection with Threat and Extortion Racket in Kolkata.
CP-0044,CASE-0313,PERSON-0011,ASSOCIATE,Kusum Das identified as an analytical lead in connection with Kidnapping and Extortion Case at Raipur.
CP-0045,CASE-0282,PERSON-0011,ASSOCIATE,Kusum Das identified as an analytical lead in connection with Forged Documentation and Property Fraud in Bilaspur.
CP-0046,CASE-1026,PERSON-0011,PERSON_OF_INTEREST,Kusum Das identified as an analytical lead in connection with Digital Identity Theft and Financial Scam at Pune.
CP-0047,CASE-0655,PERSON-0011,PERSON_OF_INTEREST,Kusum Das identified as an analytical lead in connection with Nocturnal Commercial Burglary in Kolkata.
CP-0048,CASE-0040,PERSON-0012,PERSON_OF_INTEREST,Mukesh Khan identified as an analytical lead in connection with Commercial Fraud and Embezzlement Syndicate at Bilaspur.
CP-0049,CASE-1045,PERSON-0012,SUSPECT,Mukesh Khan identified as an analytical lead in connection with Digital Identity Theft and Financial Scam at Raipur.
CP-0050,CASE-0594,PERSON-0012,SUSPECT,Mukesh Khan identified as an analytical lead in connection with Nocturnal Commercial Burglary in Mumbai.
CP-0051,CASE-1009,PERSON-0012,SUSPECT,Mukesh Khan identified as an analytical lead in connection with Intimidation and Witness Tampering at Chennai.
CP-0052,CASE-0049,PERSON-0012,PERSON_OF_INTEREST,Mukesh Khan identified as an analytical lead in connection with Physical Assault and Grievous Hurt Case at Mumbai.
CP-0053,CASE-0850,PERSON-0012,SUSPECT,Mukesh Khan identified as an analytical lead in connection with Digital Identity Theft and Financial Scam at Pune.
CP-0054,CASE-0471,PERSON-0013,ASSOCIATE,Ajay Roy identified as an analytical lead in connection with Nocturnal Commercial Burglary in Raipur.
CP-0055,CASE-1194,PERSON-0013,PERSON_OF_INTEREST,Ajay Roy identified as an analytical lead in connection with Intimidation and Witness Tampering at Lucknow.
CP-0056,CASE-1007,PERSON-0013,SUSPECT,Ajay Roy identified as an analytical lead in connection with Serial Asset and Vehicle Theft in Raipur.
CP-0057,CASE-0015,PERSON-0013,PERSON_OF_INTEREST,Ajay Roy identified as an analytical lead in connection with Threat and Extortion Racket in Kolkata.
CP-0058,CASE-1043,PERSON-0014,PERSON_OF_INTEREST,Santosh Mittal identified as an analytical lead in connection with Threat and Extortion Racket in Varanasi.
CP-0059,CASE-0337,PERSON-0014,SUSPECT,Santosh Mittal identified as an analytical lead in connection with Forged Documentation and Property Fraud in Mumbai.
CP-0060,CASE-0814,PERSON-0014,PERSON_OF_INTEREST,Santosh Mittal identified as an analytical lead in connection with Nocturnal Commercial Burglary in Raipur.
CP-0061,CASE-0436,PERSON-0014,PERSON_OF_INTEREST,Santosh Mittal identified as an analytical lead in connection with Serial Asset and Vehicle Theft in Nagpur.
CP-0062,CASE-0312,PERSON-0014,PERSON_OF_INTEREST,Santosh Mittal identified as an analytical lead in connection with Digital Identity Theft and Financial Scam at Kolkata.
CP-0063,CASE-0545,PERSON-0015,SUSPECT,Harish Bhattacharya identified as an analytical lead in connection with Intimidation and Witness Tampering at Kolkata.
CP-0064,CASE-1140,PERSON-0015,SUSPECT,Harish Bhattacharya identified as an analytical lead in connection with Physical Assault and Grievous Hurt Case at Delhi.
CP-0065,CASE-0767,PERSON-0015,PERSON_OF_INTEREST,Harish Bhattacharya identified as an analytical lead in connection with Threat and Extortion Racket in Lucknow.
CP-0066,CASE-1047,PERSON-0015,ASSOCIATE,Harish Bhattacharya identified as an analytical lead in connection with Armed Robbery Incident at Lucknow.
CP-0067,CASE-0796,PERSON-0015,ASSOCIATE,Harish Bhattacharya identified as an analytical lead in connection with Threat and Extortion Racket in Siliguri.
CP-0068,CASE-0670,PERSON-0016,PERSON_OF_INTEREST,Abhishek Yadav identified as an analytical lead in connection with Intimidation and Witness Tampering at Surat.
CP-0069,CASE-0534,PERSON-0016,ASSOCIATE,Abhishek Yadav identified as an analytical lead in connection with Threat and Extortion Racket in Siliguri.
CP-0070,CASE-0805,PERSON-0016,ASSOCIATE,Abhishek Yadav identified as an analytical lead in connection with Serial Asset and Vehicle Theft in Lucknow.
CP-0071,CASE-0245,PERSON-0016,SUSPECT,Abhishek Yadav identified as an analytical lead in connection with Intimidation and Witness Tampering at Kolkata.
CP-0072,CASE-1236,PERSON-0017,SUSPECT,Suresh Ansari identified as an analytical lead in connection with Nocturnal Commercial Burglary in Kolkata.
CP-0073,CASE-1049,PERSON-0017,ASSOCIATE,Suresh Ansari identified as an analytical lead in connection with Digital Identity Theft and Financial Scam at Howrah.
CP-0074,CASE-0831,PERSON-0017,SUSPECT,Suresh Ansari identified as an analytical lead in connection with Threat and Extortion Racket in Delhi.
CP-0075,CASE-0420,PERSON-0017,PERSON_OF_INTEREST,Suresh Ansari identified as an analytical lead in connection with Targeted Homicide Investigation in Varanasi.
CP-0076,CASE-0379,PERSON-0017,SUSPECT,Suresh Ansari identified as an analytical lead in connection with Targeted Homicide Investigation in Delhi.
CP-0077,CASE-0231,PERSON-0017,SUSPECT,Suresh Ansari identified as an analytical lead in connection with Targeted Homicide Investigation in Chennai.
CP-0078,CASE-0439,PERSON-0018,SUSPECT,Hemant Ahmed identified as an analytical lead in connection with Physical Assault and Grievous Hurt Case at Bilaspur.
CP-0079,CASE-1215,PERSON-0018,PERSON_OF_INTEREST,Hemant Ahmed identified as an analytical lead in connection with Serial Asset and Vehicle Theft in Delhi.
CP-0080,CASE-0622,PERSON-0018,PERSON_OF_INTEREST,Hemant Ahmed identified as an analytical lead in connection with Physical Assault and Grievous Hurt Case at Lucknow.
CP-0081,CASE-0740,PERSON-0018,SUSPECT,Hemant Ahmed identified as an analytical lead in connection with Threat and Extortion Racket in Pune.
CP-0082,CASE-0950,PERSON-0018,PERSON_OF_INTEREST,Hemant Ahmed identified as an analytical lead in connection with Digital Identity Theft and Financial Scam at Howrah.
CP-0083,CASE-0445,PERSON-0019,SUSPECT,Geeta Mittal identified as an analytical lead in connection with Forged Documentation and Property Fraud in Siliguri.
CP-0084,CASE-1047,PERSON-0019,SUSPECT,Geeta Mittal identified as an analytical lead in connection with Armed Robbery Incident at Lucknow.
CP-0085,CASE-0049,PERSON-0019,ASSOCIATE,Geeta Mittal identified as an analytical lead in connection with Physical Assault and Grievous Hurt Case at Mumbai.
CP-0086,CASE-0635,PERSON-0019,SUSPECT,Geeta Mittal identified as an analytical lead in connection with Commercial Fraud and Embezzlement Syndicate at Howrah.
CP-0087,CASE-0026,PERSON-0019,ASSOCIATE,Geeta Mittal identified as an analytical lead in connection with Serial Asset and Vehicle Theft in Lucknow.
CP-0088,CASE-0671,PERSON-0020,ASSOCIATE,Pradeep Roy identified as an analytical lead in connection with Intimidation and Witness Tampering at Raipur.
CP-0089,CASE-0938,PERSON-0020,PERSON_OF_INTEREST,Pradeep Roy identified as an analytical lead in connection with Digital Identity Theft and Financial Scam at Lucknow.
CP-0090,CASE-0801,PERSON-0020,PERSON_OF_INTEREST,Pradeep Roy identified as an analytical lead in connection with Nocturnal Commercial Burglary in Durg.
CP-0091,CASE-1233,PERSON-0020,ASSOCIATE,Pradeep Roy identified as an analytical lead in connection with Physical Assault and Grievous Hurt Case at Pune.
CP-0092,CASE-0339,PERSON-0020,PERSON_OF_INTEREST,Pradeep Roy identified as an analytical lead in connection with Kidnapping and Extortion Case at Kolkata.
CP-0093,CASE-1007,PERSON-0020,SUSPECT,Pradeep Roy identified as an analytical lead in connection with Serial Asset and Vehicle Theft in Raipur.
CP-0094,CASE-0220,PERSON-0021,PERSON_OF_INTEREST,Manish Verma identified as an analytical lead in connection with Commercial Fraud and Embezzlement Syndicate at Kolkata.
CP-0095,CASE-0001,PERSON-0021,SUSPECT,Manish Verma identified as an analytical lead in connection with Nocturnal Commercial Burglary in Mumbai.
CP-0096,CASE-0064,PERSON-0021,SUSPECT,Manish Verma identified as an analytical lead in connection with Digital Identity Theft and Financial Scam at Kolkata.
CP-0097,CASE-0001,PERSON-0022,SUSPECT,Ashok Mukherjee identified as an analytical lead in connection with Nocturnal Commercial Burglary in Mumbai.
CP-0098,CASE-0622,PERSON-0022,SUSPECT,Ashok Mukherjee identified as an analytical lead in connection with Physical Assault and Grievous Hurt Case at Lucknow.
CP-0099,CASE-0912,PERSON-0022,SUSPECT,Ashok Mukherjee identified as an analytical lead in connection with Commercial Fraud and Embezzlement Syndicate at Pune.
CP-0100,CASE-0782,PERSON-0022,ASSOCIATE,Ashok Mukherjee identified as an analytical lead in connection with Forged Documentation and Property Fraud in Raipur.
CP-0101,CASE-1164,PERSON-0022,SUSPECT,Ashok Mukherjee identified as an analytical lead in connection with Threat and Extortion Racket in Nagpur.
CP-0102,CASE-0867,PERSON-0023,ASSOCIATE,Manish Kaur identified as an analytical lead in connection with Threat and Extortion Racket in Pune.
CP-0103,CASE-0764,PERSON-0023,PERSON_OF_INTEREST,Manish Kaur identified as an analytical lead in connection with Kidnapping and Extortion Case at Mumbai.
CP-0104,CASE-0156,PERSON-0023,SUSPECT,Manish Kaur identified as an analytical lead in connection with Armed Robbery Incident at Kolkata.
CP-0105,CASE-0574,PERSON-0023,ASSOCIATE,Manish Kaur identified as an analytical lead in connection with Kidnapping and Extortion Case at Durg.
CP-0106,CASE-0246,PERSON-0024,ASSOCIATE,Pankaj Bhattacharya identified as an analytical lead in connection with Kidnapping and Extortion Case at Surat.
CP-0107,CASE-0619,PERSON-0024,ASSOCIATE,Pankaj Bhattacharya identified as an analytical lead in connection with Armed Robbery Incident at Mumbai.
CP-0108,CASE-0291,PERSON-0024,SUSPECT,Pankaj Bhattacharya identified as an analytical lead in connection with Intimidation and Witness Tampering at Mumbai.
CP-0109,CASE-0063,PERSON-0025,SUSPECT,Sangeeta Hussain identified as an analytical lead in connection with Intimidation and Witness Tampering at Delhi.
CP-0110,CASE-0976,PERSON-0025,SUSPECT,Sangeeta Hussain identified as an analytical lead in connection with Nocturnal Commercial Burglary in Mumbai.
CP-0111,CASE-0358,PERSON-0025,SUSPECT,Sangeeta Hussain identified as an analytical lead in connection with Nocturnal Commercial Burglary in Surat.
CP-0112,CASE-0933,PERSON-0026,ASSOCIATE,Seema Qureshi identified as an analytical lead in connection with Threat and Extortion Racket in Delhi.
CP-0113,CASE-1188,PERSON-0026,SUSPECT,Seema Qureshi identified as an analytical lead in connection with Threat and Extortion Racket in Varanasi.
CP-0114,CASE-1142,PERSON-0026,PERSON_OF_INTEREST,Seema Qureshi identified as an analytical lead in connection with Serial Asset and Vehicle Theft in Chennai.
CP-0115,CASE-0560,PERSON-0026,PERSON_OF_INTEREST,Seema Qureshi identified as an analytical lead in connection with Nocturnal Commercial Burglary in Delhi.
CP-0116,CASE-0130,PERSON-0027,SUSPECT,Nitin Qureshi identified as an analytical lead in connection with Armed Robbery Incident at Surat.
CP-0117,CASE-0314,PERSON-0027,SUSPECT,Nitin Qureshi identified as an analytical lead in connection with Digital Identity Theft and Financial Scam at Kolkata.
CP-0118,CASE-0442,PERSON-0027,ASSOCIATE,Nitin Qureshi identified as an analytical lead in connection with Forged Documentation and Property Fraud in Surat.
CP-0119,CASE-0134,PERSON-0027,ASSOCIATE,Nitin Qureshi identified as an analytical lead in connection with Armed Robbery Incident at Ahmedabad.
CP-0120,CASE-0815,PERSON-0027,ASSOCIATE,Nitin Qureshi identified as an analytical lead in connection with Armed Robbery Incident at Kolkata.
CP-0121,CASE-0773,PERSON-0027,ASSOCIATE,Nitin Qureshi identified as an analytical lead in connection with Nocturnal Commercial Burglary in Raipur.
CP-0122,CASE-0028,PERSON-0028,ASSOCIATE,Santosh Singh identified as an analytical lead in connection with Threat and Extortion Racket in Siliguri.
CP-0123,CASE-1182,PERSON-0028,PERSON_OF_INTEREST,Santosh Singh identified as an analytical lead in connection with Threat and Extortion Racket in Kolkata.
CP-0124,CASE-0091,PERSON-0028,ASSOCIATE,Santosh Singh identified as an analytical lead in connection with Nocturnal Commercial Burglary in Delhi.
CP-0125,CASE-0130,PERSON-0028,PERSON_OF_INTEREST,Santosh Singh identified as an analytical lead in connection with Armed Robbery Incident at Surat.
CP-0126,CASE-0416,PERSON-0029,PERSON_OF_INTEREST,Reena Shukla identified as an analytical lead in connection with Commercial Fraud and Embezzlement Syndicate at Kolkata.
CP-0127,CASE-0548,PERSON-0029,ASSOCIATE,Reena Shukla identified as an analytical lead in connection with Intimidation and Witness Tampering at Lucknow.
CP-0128,CASE-0050,PERSON-0029,SUSPECT,Reena Shukla identified as an analytical lead in connection with Targeted Homicide Investigation in Mumbai.
CP-0129,CASE-0557,PERSON-0029,PERSON_OF_INTEREST,Reena Shukla identified as an analytical lead in connection with Intimidation and Witness Tampering at Durg.
CP-0130,CASE-0386,PERSON-0029,SUSPECT,Reena Shukla identified as an analytical lead in connection with Digital Identity Theft and Financial Scam at Mumbai.
CP-0131,CASE-0481,PERSON-0029,PERSON_OF_INTEREST,Reena Shukla identified as an analytical lead in connection with Serial Asset and Vehicle Theft in Lucknow.
CP-0132,CASE-1145,PERSON-0030,SUSPECT,Naveen Bose identified as an analytical lead in connection with Digital Identity Theft and Financial Scam at Mumbai.
CP-0133,CASE-1001,PERSON-0030,PERSON_OF_INTEREST,Naveen Bose identified as an analytical lead in connection with Serial Asset and Vehicle Theft in Raipur.
CP-0134,CASE-0475,PERSON-0030,ASSOCIATE,Naveen Bose identified as an analytical lead in connection with Kidnapping and Extortion Case at Raipur.
CP-0135,CASE-0097,PERSON-0030,ASSOCIATE,Naveen Bose identified as an analytical lead in connection with Forged Documentation and Property Fraud in Nagpur.
CP-0136,CASE-0587,PERSON-0030,ASSOCIATE,Naveen Bose identified as an analytical lead in connection with Threat and Extortion Racket in Delhi.
CP-0137,CASE-0746,PERSON-0030,PERSON_OF_INTEREST,Naveen Bose identified as an analytical lead in connection with Digital Identity Theft and Financial Scam at Mumbai.
CP-0138,CASE-0336,PERSON-0413,REPORTING_PERSON,Subject of enquiry in Threat and Extortion Racket in Mumbai under IPC 384/386.
CP-0139,CASE-0761,PERSON-0774,WITNESS,Subject of enquiry in Serial Asset and Vehicle Theft in Delhi under IPC 379.
CP-0140,CASE-1108,PERSON-0180,ACCUSED,Subject of enquiry in Serial Asset and Vehicle Theft in Kolkata under IPC 379.
CP-0141,CASE-0711,PERSON-0447,ASSOCIATE,Subject of enquiry in Armed Robbery Incident at Siliguri under IPC 392/397.
CP-0142,CASE-1189,PERSON-0442,ACCUSED,Subject of enquiry in Digital Identity Theft and Financial Scam at Bilaspur under IT Act 66D / IPC 420.
CP-0143,CASE-0958,PERSON-0386,ACCUSED,Subject of enquiry in Serial Asset and Vehicle Theft in Chennai under IPC 379.
CP-0144,CASE-0303,PERSON-0864,REPORTING_PERSON,Subject of enquiry in Kidnapping and Extortion Case at Kolkata under IPC 363/364A.
CP-0145,CASE-1013,PERSON-0722,WITNESS,Subject of enquiry in Serial Asset and Vehicle Theft in Chennai under IPC 379.
CP-0146,CASE-0836,PERSON-0399,PERSON_OF_INTEREST,Subject of enquiry in Commercial Fraud and Embezzlement Syndicate at Delhi under IPC 420/406.
CP-0147,CASE-0178,PERSON-0647,ACCUSED,Subject of enquiry in Serial Asset and Vehicle Theft in Kolkata under IPC 379.
CP-0148,CASE-0282,PERSON-0371,ACCUSED,Subject of enquiry in Forged Documentation and Property Fraud in Bilaspur under IPC 467/468/471.
CP-0149,CASE-0956,PERSON-0492,WITNESS,Subject of enquiry in Serial Asset and Vehicle Theft in Surat under IPC 379.
CP-0150,CASE-0337,PERSON-0942,SUSPECT,Subject of enquiry in Forged Documentation and Property Fraud in Mumbai under IPC 467/468/471.
CP-0151,CASE-0704,PERSON-0549,REPORTING_PERSON,Subject of enquiry in Intimidation and Witness Tampering at Delhi under IPC 506.
CP-0152,CASE-0298,PERSON-0644,ACCUSED,Subject of enquiry in Serial Asset and Vehicle Theft in Howrah under IPC 379.
CP-0153,CASE-1107,PERSON-0678,REPORTING_PERSON,Subject of enquiry in Kidnapping and Extortion Case at Surat under IPC 363/364A.
CP-0154,CASE-0327,PERSON-0902,WITNESS,Subject of enquiry in Commercial Fraud and Embezzlement Syndicate at Chennai under IPC 420/406.
CP-0155,CASE-0286,PERSON-0866,ASSOCIATE,Subject of enquiry in Physical Assault and Grievous Hurt Case at Surat under IPC 323/325.
CP-0156,CASE-0812,PERSON-0114,PERSON_OF_INTEREST,Subject of enquiry in Digital Identity Theft and Financial Scam at Nagpur under IT Act 66D / IPC 420.
CP-0157,CASE-0230,PERSON-0544,WITNESS,Subject of enquiry in Serial Asset and Vehicle Theft in Nagpur under IPC 379.
CP-0158,CASE-0086,PERSON-0563,SUSPECT,Subject of enquiry in Commercial Fraud and Embezzlement Syndicate at Kolkata under IPC 420/406.
CP-0159,CASE-1179,PERSON-0035,ACCUSED,Subject of enquiry in Digital Identity Theft and Financial Scam at Nagpur under IT Act 66D / IPC 420.
CP-0160,CASE-1128,PERSON-0711,ASSOCIATE,Subject of enquiry in Commercial Fraud and Embezzlement Syndicate at Raipur under IPC 420/406.
CP-0161,CASE-0465,PERSON-0731,REPORTING_PERSON,Subject of enquiry in Intimidation and Witness Tampering at Mumbai under IPC 506.
CP-0162,CASE-0686,PERSON-0531,SUSPECT,Subject of enquiry in Commercial Fraud and Embezzlement Syndicate at Nagpur under IPC 420/406.
CP-0163,CASE-0667,PERSON-0780,ACCUSED,Subject of enquiry in Commercial Fraud and Embezzlement Syndicate at Bilaspur under IPC 420/406.
CP-0164,CASE-1124,PERSON-0990,PERSON_OF_INTEREST,Subject of enquiry in Armed Robbery Incident at Delhi under IPC 392/397.
CP-0165,CASE-1072,PERSON-0703,PERSON_OF_INTEREST,Subject of enquiry in Intimidation and Witness Tampering at Bilaspur under IPC 506.
CP-0166,CASE-0449,PERSON-0621,ACCUSED,Subject of enquiry in Kidnapping and Extortion Case at Mumbai under IPC 363/364A.
CP-0167,CASE-0836,PERSON-0735,SUSPECT,Subject of enquiry in Commercial Fraud and Embezzlement Syndicate at Delhi under IPC 420/406.
CP-0168,CASE-0463,PERSON-0686,REPORTING_PERSON,Subject of enquiry in Forged Documentation and Property Fraud in Chennai under IPC 467/468/471.
CP-0169,CASE-0930,PERSON-0190,REPORTING_PERSON,Subject of enquiry in Serial Asset and Vehicle Theft in Varanasi under IPC 379.
CP-0170,CASE-0386,PERSON-0764,SUSPECT,Subject of enquiry in Digital Identity Theft and Financial Scam at Mumbai under IT Act 66D / IPC 420.
CP-0171,CASE-1034,PERSON-0850,SUSPECT,Subject of enquiry in Kidnapping and Extortion Case at Nagpur under IPC 363/364A.
CP-0172,CASE-1015,PERSON-0178,SUSPECT,Subject of enquiry in Threat and Extortion Racket in Pune under IPC 384/386.
CP-0173,CASE-0628,PERSON-0278,PERSON_OF_INTEREST,Subject of enquiry in Kidnapping and Extortion Case at Siliguri under IPC 363/364A.
CP-0174,CASE-0621,PERSON-0876,ASSOCIATE,Subject of enquiry in Commercial Fraud and Embezzlement Syndicate at Lucknow under IPC 420/406.
CP-0175,CASE-1110,PERSON-0684,SUSPECT,Subject of enquiry in Forged Documentation and Property Fraud in Kolkata under IPC 467/468/471.
CP-0176,CASE-0392,PERSON-0055,SUSPECT,Subject of enquiry in Nocturnal Commercial Burglary in Ahmedabad under IPC 457/380.
CP-0177,CASE-0064,PERSON-0333,SUSPECT,Subject of enquiry in Digital Identity Theft and Financial Scam at Kolkata under IT Act 66D / IPC 420.
CP-0178,CASE-0425,PERSON-0221,REPORTING_PERSON,Subject of enquiry in Forged Documentation and Property Fraud in Kolkata under IPC 467/468/471.
CP-0179,CASE-0147,PERSON-0099,ACCUSED,Subject of enquiry in Nocturnal Commercial Burglary in Mumbai under IPC 457/380.
CP-0180,CASE-0927,PERSON-0152,PERSON_OF_INTEREST,Subject of enquiry in Armed Robbery Incident at Chennai under IPC 392/397.
CP-0181,CASE-0733,PERSON-0708,PERSON_OF_INTEREST,Subject of enquiry in Physical Assault and Grievous Hurt Case at Delhi under IPC 323/325.
CP-0182,CASE-0022,PERSON-0745,WITNESS,Subject of enquiry in Commercial Fraud and Embezzlement Syndicate at Varanasi under IPC 420/406.
CP-0183,CASE-0615,PERSON-0382,PERSON_OF_INTEREST,Subject of enquiry in Kidnapping and Extortion Case at Varanasi under IPC 363/364A.
CP-0184,CASE-0768,PERSON-0244,ACCUSED,Subject of enquiry in Digital Identity Theft and Financial Scam at Delhi under IT Act 66D / IPC 420.
CP-0185,CASE-0878,PERSON-0665,WITNESS,Subject of enquiry in Physical Assault and Grievous Hurt Case at Kolkata under IPC 323/325.
CP-0186,CASE-0980,PERSON-0681,WITNESS,Subject of enquiry in Digital Identity Theft and Financial Scam at Ahmedabad under IT Act 66D / IPC 420.
CP-0187,CASE-1216,PERSON-0073,REPORTING_PERSON,Subject of enquiry in Kidnapping and Extortion Case at Delhi under IPC 363/364A.
CP-0188,CASE-1007,PERSON-0063,PERSON_OF_INTEREST,Subject of enquiry in Serial Asset and Vehicle Theft in Raipur under IPC 379.
CP-0189,CASE-0655,PERSON-0390,SUSPECT,Subject of enquiry in Nocturnal Commercial Burglary in Kolkata under IPC 457/380.
CP-0190,CASE-0524,PERSON-0748,PERSON_OF_INTEREST,Subject of enquiry in Commercial Fraud and Embezzlement Syndicate at Raipur under IPC 420/406.
CP-0191,CASE-0786,PERSON-0801,WITNESS,Subject of enquiry in Intimidation and Witness Tampering at Varanasi under IPC 506.
CP-0192,CASE-0201,PERSON-0463,REPORTING_PERSON,Subject of enquiry in Nocturnal Commercial Burglary in Delhi under IPC 457/380.
CP-0193,CASE-1203,PERSON-0666,ACCUSED,Subject of enquiry in Intimidation and Witness Tampering at Mumbai under IPC 506.
CP-0194,CASE-1005,PERSON-0058,PERSON_OF_INTEREST,Subject of enquiry in Armed Robbery Incident at Bilaspur under IPC 392/397.
CP-0195,CASE-0080,PERSON-0530,SUSPECT,Subject of enquiry in Commercial Fraud and Embezzlement Syndicate at Nagpur under IPC 420/406.
CP-0196,CASE-0973,PERSON-0289,WITNESS,Subject of enquiry in Intimidation and Witness Tampering at Mumbai under IPC 506.
CP-0197,CASE-0189,PERSON-0115,ASSOCIATE,Subject of enquiry in Physical Assault and Grievous Hurt Case at Delhi under IPC 323/325.
CP-0198,CASE-0193,PERSON-0496,PERSON_OF_INTEREST,Subject of enquiry in Targeted Homicide Investigation in Howrah under IPC 302/120B.
CP-0199,CASE-0691,PERSON-0278,WITNESS,Subject of enquiry in Targeted Homicide Investigation in Surat under IPC 302/120B.
CP-0200,CASE-0962,PERSON-0066,ACCUSED,Subject of enquiry in Commercial Fraud and Embezzlement Syndicate at Kolkata under IPC 420/406.
CP-0201,CASE-0635,PERSON-0596,REPORTING_PERSON,Subject of enquiry in Commercial Fraud and Embezzlement Syndicate at Howrah under IPC 420/406.
CP-0202,CASE-0925,PERSON-0252,WITNESS,Subject of enquiry in Kidnapping and Extortion Case at Nagpur under IPC 363/364A.
CP-0203,CASE-0841,PERSON-0128,SUSPECT,Subject of enquiry in Digital Identity Theft and Financial Scam at Ahmedabad under IT Act 66D / IPC 420.
CP-0204,CASE-0263,PERSON-0638,REPORTING_PERSON,Subject of enquiry in Armed Robbery Incident at Kolkata under IPC 392/397.
CP-0205,CASE-0058,PERSON-0988,WITNESS,Subject of enquiry in Threat and Extortion Racket in Ahmedabad under IPC 384/386.
CP-0206,CASE-0911,PERSON-0101,WITNESS,Subject of enquiry in Threat and Extortion Racket in Delhi under IPC 384/386.
CP-0207,CASE-0372,PERSON-0505,ACCUSED,Subject of enquiry in Intimidation and Witness Tampering at Kolkata under IPC 506.
CP-0208,CASE-1158,PERSON-0428,WITNESS,Subject of enquiry in Forged Documentation and Property Fraud in Howrah under IPC 467/468/471.
CP-0209,CASE-0100,PERSON-0290,WITNESS,Subject of enquiry in Digital Identity Theft and Financial Scam at Mumbai under IT Act 66D / IPC 420.
CP-0210,CASE-0241,PERSON-0745,WITNESS,Subject of enquiry in Targeted Homicide Investigation in Mumbai under IPC 302/120B.
CP-0211,CASE-1006,PERSON-0209,PERSON_OF_INTEREST,Subject of enquiry in Nocturnal Commercial Burglary in Nagpur under IPC 457/380.
CP-0212,CASE-0601,PERSON-0905,ASSOCIATE,Subject of enquiry in Kidnapping and Extortion Case at Raipur under IPC 363/364A.
CP-0213,CASE-0082,PERSON-0328,WITNESS,Subject of enquiry in Targeted Homicide Investigation in Siliguri under IPC 302/120B.
CP-0214,CASE-0679,PERSON-0467,SUSPECT,Subject of enquiry in Armed Robbery Incident at Lucknow under IPC 392/397.
CP-0215,CASE-0318,PERSON-0888,SUSPECT,Subject of enquiry in Digital Identity Theft and Financial Scam at Siliguri under IT Act 66D / IPC 420.
CP-0216,CASE-0408,PERSON-0524,PERSON_OF_INTEREST,Subject of enquiry in Nocturnal Commercial Burglary in Delhi under IPC 457/380.
CP-0217,CASE-0511,PERSON-0036,PERSON_OF_INTEREST,Subject of enquiry in Serial Asset and Vehicle Theft in Lucknow under IPC 379.
CP-0218,CASE-0362,PERSON-0822,PERSON_OF_INTEREST,Subject of enquiry in Kidnapping and Extortion Case at Howrah under IPC 363/364A.
CP-0219,CASE-0090,PERSON-0340,ASSOCIATE,Subject of enquiry in Digital Identity Theft and Financial Scam at Raipur under IT Act 66D / IPC 420.
CP-0220,CASE-0458,PERSON-0379,REPORTING_PERSON,Subject of enquiry in Kidnapping and Extortion Case at Howrah under IPC 363/364A.
CP-0221,CASE-1196,PERSON-0896,PERSON_OF_INTEREST,Subject of enquiry in Forged Documentation and Property Fraud in Mumbai under IPC 467/468/471.
CP-0222,CASE-0469,PERSON-0761,PERSON_OF_INTEREST,Subject of enquiry in Physical Assault and Grievous Hurt Case at Bilaspur under IPC 323/325.
CP-0223,CASE-0238,PERSON-0134,ASSOCIATE,Subject of enquiry in Nocturnal Commercial Burglary in Delhi under IPC 457/380.
CP-0224,CASE-0286,PERSON-0166,REPORTING_PERSON,Subject of enquiry in Physical Assault and Grievous Hurt Case at Surat under IPC 323/325.
CP-0225,CASE-1240,PERSON-0607,SUSPECT,Subject of enquiry in Forged Documentation and Property Fraud in Mumbai under IPC 467/468/471.
CP-0226,CASE-0898,PERSON-0539,ACCUSED,Subject of enquiry in Forged Documentation and Property Fraud in Nagpur under IPC 467/468/471.
CP-0227,CASE-0881,PERSON-0052,REPORTING_PERSON,Subject of enquiry in Threat and Extortion Racket in Lucknow under IPC 384/386.
CP-0228,CASE-1076,PERSON-0950,REPORTING_PERSON,Subject of enquiry in Physical Assault and Grievous Hurt Case at Ahmedabad under IPC 323/325.
CP-0229,CASE-0755,PERSON-0681,WITNESS,Subject of enquiry in Serial Asset and Vehicle Theft in Nagpur under IPC 379.
CP-0230,CASE-0218,PERSON-0459,PERSON_OF_INTEREST,Subject of enquiry in Intimidation and Witness Tampering at Durg under IPC 506.
CP-0231,CASE-0069,PERSON-0316,PERSON_OF_INTEREST,Subject of enquiry in Threat and Extortion Racket in Chennai under IPC 384/386.
CP-0232,CASE-1142,PERSON-0749,PERSON_OF_INTEREST,Subject of enquiry in Serial Asset and Vehicle Theft in Chennai under IPC 379.
CP-0233,CASE-0138,PERSON-0097,SUSPECT,Subject of enquiry in Physical Assault and Grievous Hurt Case at Surat under IPC 323/325.
CP-0234,CASE-0539,PERSON-0929,REPORTING_PERSON,Subject of enquiry in Kidnapping and Extortion Case at Delhi under IPC 363/364A.
CP-0235,CASE-0733,PERSON-0517,PERSON_OF_INTEREST,Subject of enquiry in Physical Assault and Grievous Hurt Case at Delhi under IPC 323/325.
CP-0236,CASE-1039,PERSON-0972,ASSOCIATE,Subject of enquiry in Commercial Fraud and Embezzlement Syndicate at Chennai under IPC 420/406.
CP-0237,CASE-0282,PERSON-0154,SUSPECT,Subject of enquiry in Forged Documentation and Property Fraud in Bilaspur under IPC 467/468/471.
CP-0238,CASE-0332,PERSON-0119,WITNESS,Subject of enquiry in Nocturnal Commercial Burglary in Lucknow under IPC 457/380.
CP-0239,CASE-0383,PERSON-0711,ASSOCIATE,Subject of enquiry in Serial Asset and Vehicle Theft in Surat under IPC 379.
CP-0240,CASE-0914,PERSON-0706,WITNESS,Subject of enquiry in Digital Identity Theft and Financial Scam at Siliguri under IT Act 66D / IPC 420.
CP-0241,CASE-0765,PERSON-0601,ACCUSED,Subject of enquiry in Armed Robbery Incident at Chennai under IPC 392/397.
CP-0242,CASE-0979,PERSON-0099,REPORTING_PERSON,Subject of enquiry in Commercial Fraud and Embezzlement Syndicate at Howrah under IPC 420/406.
CP-0243,CASE-0380,PERSON-0627,PERSON_OF_INTEREST,Subject of enquiry in Kidnapping and Extortion Case at Varanasi under IPC 363/364A.
CP-0244,CASE-0238,PERSON-0604,SUSPECT,Subject of enquiry in Nocturnal Commercial Burglary in Delhi under IPC 457/380.
CP-0245,CASE-0476,PERSON-0238,ASSOCIATE,Subject of enquiry in Kidnapping and Extortion Case at Chennai under IPC 363/364A.
CP-0246,CASE-0616,PERSON-0167,REPORTING_PERSON,Subject of enquiry in Threat and Extortion Racket in Nagpur under IPC 384/386.
CP-0247,CASE-0801,PERSON-0042,ACCUSED,Subject of enquiry in Nocturnal Commercial Burglary in Durg under IPC 457/380.
CP-0248,CASE-0123,PERSON-0553,SUSPECT,Subject of enquiry in Serial Asset and Vehicle Theft in Kolkata under IPC 379.
CP-0249,CASE-0231,PERSON-0568,REPORTING_PERSON,Subject of enquiry in Targeted Homicide Investigation in Chennai under IPC 302/120B.
CP-0250,CASE-0545,PERSON-0630,WITNESS,Subject of enquiry in Intimidation and Witness Tampering at Kolkata under IPC 506.
CP-0251,CASE-0019,PERSON-0341,ASSOCIATE,Subject of enquiry in Serial Asset and Vehicle Theft in Delhi under IPC 379.
CP-0252,CASE-0655,PERSON-0973,ASSOCIATE,Subject of enquiry in Nocturnal Commercial Burglary in Kolkata under IPC 457/380.
CP-0253,CASE-0984,PERSON-0851,ASSOCIATE,Subject of enquiry in Commercial Fraud and Embezzlement Syndicate at Mumbai under IPC 420/406.
CP-0254,CASE-0387,PERSON-0710,PERSON_OF_INTEREST,Subject of enquiry in Threat and Extortion Racket in Ahmedabad under IPC 384/386.
CP-0255,CASE-0980,PERSON-0521,ASSOCIATE,Subject of enquiry in Digital Identity Theft and Financial Scam at Ahmedabad under IT Act 66D / IPC 420.
CP-0256,CASE-0203,PERSON-0207,PERSON_OF_INTEREST,Subject of enquiry in Intimidation and Witness Tampering at Mumbai under IPC 506.
CP-0257,CASE-1133,PERSON-0679,REPORTING_PERSON,Subject of enquiry in Armed Robbery Incident at Delhi under IPC 392/397.
CP-0258,CASE-1109,PERSON-0910,SUSPECT,Subject of enquiry in Serial Asset and Vehicle Theft in Mumbai under IPC 379.
CP-0259,CASE-0300,PERSON-0714,ASSOCIATE,Subject of enquiry in Digital Identity Theft and Financial Scam at Varanasi under IT Act 66D / IPC 420.
CP-0260,CASE-1045,PERSON-0179,SUSPECT,Subject of enquiry in Digital Identity Theft and Financial Scam at Raipur under IT Act 66D / IPC 420.
CP-0261,CASE-0979,PERSON-0556,SUSPECT,Subject of enquiry in Commercial Fraud and Embezzlement Syndicate at Howrah under IPC 420/406.
CP-0262,CASE-1160,PERSON-0199,ASSOCIATE,Subject of enquiry in Nocturnal Commercial Burglary in Delhi under IPC 457/380.
CP-0263,CASE-0847,PERSON-0890,REPORTING_PERSON,Subject of enquiry in Commercial Fraud and Embezzlement Syndicate at Varanasi under IPC 420/406.
CP-0264,CASE-0741,PERSON-0991,ASSOCIATE,Subject of enquiry in Kidnapping and Extortion Case at Raipur under IPC 363/364A.
CP-0265,CASE-0538,PERSON-0447,SUSPECT,Subject of enquiry in Physical Assault and Grievous Hurt Case at Kolkata under IPC 323/325.
CP-0266,CASE-0885,PERSON-0074,ACCUSED,Subject of enquiry in Nocturnal Commercial Burglary in Delhi under IPC 457/380.
CP-0267,CASE-0809,PERSON-0059,ASSOCIATE,Subject of enquiry in Commercial Fraud and Embezzlement Syndicate at Durg under IPC 420/406.
CP-0268,CASE-0766,PERSON-0431,PERSON_OF_INTEREST,Subject of enquiry in Threat and Extortion Racket in Howrah under IPC 384/386.
CP-0269,CASE-1242,PERSON-0887,ASSOCIATE,Subject of enquiry in Kidnapping and Extortion Case at Pune under IPC 363/364A.
CP-0270,CASE-0261,PERSON-0521,WITNESS,Subject of enquiry in Kidnapping and Extortion Case at Mumbai under IPC 363/364A.
CP-0271,CASE-1044,PERSON-0941,PERSON_OF_INTEREST,Subject of enquiry in Digital Identity Theft and Financial Scam at Bilaspur under IT Act 66D / IPC 420.
CP-0272,CASE-0323,PERSON-0278,WITNESS,Subject of enquiry in Intimidation and Witness Tampering at Surat under IPC 506.
CP-0273,CASE-1068,PERSON-0325,PERSON_OF_INTEREST,Subject of enquiry in Serial Asset and Vehicle Theft in Siliguri under IPC 379.
CP-0274,CASE-0154,PERSON-0474,WITNESS,Subject of enquiry in Forged Documentation and Property Fraud in Chennai under IPC 467/468/471.
CP-0275,CASE-0064,PERSON-0458,SUSPECT,Subject of enquiry in Digital Identity Theft and Financial Scam at Kolkata under IT Act 66D / IPC 420.
CP-0276,CASE-1151,PERSON-0117,REPORTING_PERSON,Subject of enquiry in Serial Asset and Vehicle Theft in Bilaspur under IPC 379.
CP-0277,CASE-0299,PERSON-0822,REPORTING_PERSON,Subject of enquiry in Armed Robbery Incident at Bilaspur under IPC 392/397.
CP-0278,CASE-0082,PERSON-0409,ACCUSED,Subject of enquiry in Targeted Homicide Investigation in Siliguri under IPC 302/120B.
CP-0279,CASE-0806,PERSON-0318,PERSON_OF_INTEREST,Subject of enquiry in Commercial Fraud and Embezzlement Syndicate at Raipur under IPC 420/406.
CP-0280,CASE-0700,PERSON-0341,WITNESS,Subject of enquiry in Intimidation and Witness Tampering at Delhi under IPC 506.
CP-0281,CASE-1240,PERSON-0365,ACCUSED,Subject of enquiry in Forged Documentation and Property Fraud in Mumbai under IPC 467/468/471.
CP-0282,CASE-0963,PERSON-0554,PERSON_OF_INTEREST,Subject of enquiry in Physical Assault and Grievous Hurt Case at Delhi under IPC 323/325.
CP-0283,CASE-0791,PERSON-0806,REPORTING_PERSON,Subject of enquiry in Threat and Extortion Racket in Delhi under IPC 384/386.
CP-0284,CASE-1208,PERSON-0742,WITNESS,Subject of enquiry in Serial Asset and Vehicle Theft in Delhi under IPC 379.
CP-0285,CASE-1240,PERSON-0644,REPORTING_PERSON,Subject of enquiry in Forged Documentation and Property Fraud in Mumbai under IPC 467/468/471.
CP-0286,CASE-1176,PERSON-0171,PERSON_OF_INTEREST,Subject of enquiry in Nocturnal Commercial Burglary in Delhi under IPC 457/380.
CP-0287,CASE-0691,PERSON-0124,REPORTING_PERSON,Subject of enquiry in Targeted Homicide Investigation in Surat under IPC 302/120B.
CP-0288,CASE-1003,PERSON-0381,WITNESS,Subject of enquiry in Commercial Fraud and Embezzlement Syndicate at Howrah under IPC 420/406.
CP-0289,CASE-1059,PERSON-0662,REPORTING_PERSON,Subject of enquiry in Forged Documentation and Property Fraud in Nagpur under IPC 467/468/471.
CP-0290,CASE-0129,PERSON-0288,REPORTING_PERSON,Subject of enquiry in Commercial Fraud and Embezzlement Syndicate at Kolkata under IPC 420/406.
CP-0291,CASE-0550,PERSON-0987,ACCUSED,Subject of enquiry in Forged Documentation and Property Fraud in Mumbai under IPC 467/468/471.
CP-0292,CASE-0592,PERSON-0639,WITNESS,Subject of enquiry in Threat and Extortion Racket in Siliguri under IPC 384/386.
CP-0293,CASE-0467,PERSON-0351,ACCUSED,Subject of enquiry in Nocturnal Commercial Burglary in Delhi under IPC 457/380.
CP-0294,CASE-0491,PERSON-0610,ASSOCIATE,Subject of enquiry in Forged Documentation and Property Fraud in Lucknow under IPC 467/468/471.
CP-0295,CASE-0714,PERSON-0344,ASSOCIATE,Subject of enquiry in Physical Assault and Grievous Hurt Case at Howrah under IPC 323/325.
CP-0296,CASE-0687,PERSON-0561,REPORTING_PERSON,Subject of enquiry in Armed Robbery Incident at Mumbai under IPC 392/397.
CP-0297,CASE-0843,PERSON-0316,ACCUSED,Subject of enquiry in Threat and Extortion Racket in Delhi under IPC 384/386.
CP-0298,CASE-1225,PERSON-0465,REPORTING_PERSON,Subject of enquiry in Nocturnal Commercial Burglary in Bilaspur under IPC 457/380.
CP-0299,CASE-0386,PERSON-0817,WITNESS,Subject of enquiry in Digital Identity Theft and Financial Scam at Mumbai under IT Act 66D / IPC 420.
CP-0300,CASE-0286,PERSON-0852,REPORTING_PERSON,Subject of enquiry in Physical Assault and Grievous Hurt Case at Surat under IPC 323/325.
CP-0301,CASE-0605,PERSON-0225,REPORTING_PERSON,Subject of enquiry in Threat and Extortion Racket in Delhi under IPC 384/386.
CP-0302,CASE-0741,PERSON-0760,WITNESS,Subject of enquiry in Kidnapping and Extortion Case at Raipur under IPC 363/364A.
CP-0303,CASE-1133,PERSON-0359,ASSOCIATE,Subject of enquiry in Armed Robbery Incident at Delhi under IPC 392/397.
CP-0304,CASE-0948,PERSON-0626,WITNESS,Subject of enquiry in Intimidation and Witness Tampering at Pune under IPC 506.
CP-0305,CASE-0356,PERSON-0151,REPORTING_PERSON,Subject of enquiry in Physical Assault and Grievous Hurt Case at Lucknow under IPC 323/325.
CP-0306,CASE-0597,PERSON-0684,ASSOCIATE,Subject of enquiry in Commercial Fraud and Embezzlement Syndicate at Bilaspur under IPC 420/406.
CP-0307,CASE-0422,PERSON-0643,REPORTING_PERSON,Subject of enquiry in Nocturnal Commercial Burglary in Siliguri under IPC 457/380.
CP-0308,CASE-0691,PERSON-0218,REPORTING_PERSON,Subject of enquiry in Targeted Homicide Investigation in Surat under IPC 302/120B.
CP-0309,CASE-1018,PERSON-0414,ASSOCIATE,Subject of enquiry in Forged Documentation and Property Fraud in Durg under IPC 467/468/471.
CP-0310,CASE-0803,PERSON-0526,REPORTING_PERSON,Subject of enquiry in Targeted Homicide Investigation in Mumbai under IPC 302/120B.
CP-0311,CASE-0555,PERSON-0985,WITNESS,Subject of enquiry in Serial Asset and Vehicle Theft in Howrah under IPC 379.
CP-0312,CASE-0941,PERSON-0581,ACCUSED,Subject of enquiry in Forged Documentation and Property Fraud in Raipur under IPC 467/468/471.
CP-0313,CASE-0300,PERSON-0291,WITNESS,Subject of enquiry in Digital Identity Theft and Financial Scam at Varanasi under IT Act 66D / IPC 420.
CP-0314,CASE-0148,PERSON-0289,SUSPECT,Subject of enquiry in Nocturnal Commercial Burglary in Siliguri under IPC 457/380.
CP-0315,CASE-0772,PERSON-0863,WITNESS,Subject of enquiry in Nocturnal Commercial Burglary in Delhi under IPC 457/380.
CP-0316,CASE-0806,PERSON-0034,SUSPECT,Subject of enquiry in Commercial Fraud and Embezzlement Syndicate at Raipur under IPC 420/406.
CP-0317,CASE-0387,PERSON-0862,ACCUSED,Subject of enquiry in Threat and Extortion Racket in Ahmedabad under IPC 384/386.
CP-0318,CASE-1014,PERSON-0496,WITNESS,Subject of enquiry in Armed Robbery Incident at Howrah under IPC 392/397.
CP-0319,CASE-1196,PERSON-0871,ACCUSED,Subject of enquiry in Forged Documentation and Property Fraud in Mumbai under IPC 467/468/471.
CP-0320,CASE-1047,PERSON-0612,PERSON_OF_INTEREST,Subject of enquiry in Armed Robbery Incident at Lucknow under IPC 392/397.
CP-0321,CASE-0408,PERSON-0303,SUSPECT,Subject of enquiry in Nocturnal Commercial Burglary in Delhi under IPC 457/380.
CP-0322,CASE-0876,PERSON-0674,PERSON_OF_INTEREST,Subject of enquiry in Kidnapping and Extortion Case at Siliguri under IPC 363/364A.
CP-0323,CASE-1220,PERSON-0141,PERSON_OF_INTEREST,Subject of enquiry in Physical Assault and Grievous Hurt Case at Mumbai under IPC 323/325.
CP-0324,CASE-0896,PERSON-0427,ACCUSED,Subject of enquiry in Serial Asset and Vehicle Theft in Durg under IPC 379.
CP-0325,CASE-0245,PERSON-0174,ASSOCIATE,Subject of enquiry in Intimidation and Witness Tampering at Kolkata under IPC 506.
CP-0326,CASE-0252,PERSON-0401,SUSPECT,Subject of enquiry in Kidnapping and Extortion Case at Pune under IPC 363/364A.
CP-0327,CASE-0085,PERSON-0898,SUSPECT,Subject of enquiry in Threat and Extortion Racket in Mumbai under IPC 384/386.
CP-0328,CASE-0569,PERSON-0141,WITNESS,Subject of enquiry in Physical Assault and Grievous Hurt Case at Delhi under IPC 323/325.
CP-0329,CASE-1097,PERSON-0305,ASSOCIATE,Subject of enquiry in Threat and Extortion Racket in Howrah under IPC 384/386.
CP-0330,CASE-0197,PERSON-0978,REPORTING_PERSON,Subject of enquiry in Physical Assault and Grievous Hurt Case at Lucknow under IPC 323/325.
CP-0331,CASE-0867,PERSON-0240,SUSPECT,Subject of enquiry in Threat and Extortion Racket in Pune under IPC 384/386.
CP-0332,CASE-1161,PERSON-0092,SUSPECT,Subject of enquiry in Kidnapping and Extortion Case at Lucknow under IPC 363/364A.
CP-0333,CASE-0229,PERSON-0376,WITNESS,Subject of enquiry in Intimidation and Witness Tampering at Lucknow under IPC 506.
CP-0334,CASE-0568,PERSON-0322,PERSON_OF_INTEREST,Subject of enquiry in Serial Asset and Vehicle Theft in Chennai under IPC 379.
CP-0335,CASE-0493,PERSON-0267,ASSOCIATE,Subject of enquiry in Intimidation and Witness Tampering at Surat under IPC 506.
CP-0336,CASE-1237,PERSON-0615,ACCUSED,Subject of enquiry in Threat and Extortion Racket in Delhi under IPC 384/386.
CP-0337,CASE-1132,PERSON-0393,ASSOCIATE,Subject of enquiry in Intimidation and Witness Tampering at Nagpur under IPC 506.
CP-0338,CASE-0311,PERSON-0054,WITNESS,Subject of enquiry in Digital Identity Theft and Financial Scam at Raipur under IT Act 66D / IPC 420.
CP-0339,CASE-1197,PERSON-0355,ASSOCIATE,Subject of enquiry in Targeted Homicide Investigation in Bilaspur under IPC 302/120B.
CP-0340,CASE-0352,PERSON-0856,PERSON_OF_INTEREST,Subject of enquiry in Armed Robbery Incident at Delhi under IPC 392/397.
CP-0341,CASE-0417,PERSON-0585,WITNESS,Subject of enquiry in Commercial Fraud and Embezzlement Syndicate at Bilaspur under IPC 420/406.
CP-0342,CASE-0036,PERSON-0195,SUSPECT,Subject of enquiry in Commercial Fraud and Embezzlement Syndicate at Siliguri under IPC 420/406.
CP-0343,CASE-1170,PERSON-0789,WITNESS,Subject of enquiry in Kidnapping and Extortion Case at Ahmedabad under IPC 363/364A.
CP-0344,CASE-0553,PERSON-0859,PERSON_OF_INTEREST,Subject of enquiry in Commercial Fraud and Embezzlement Syndicate at Delhi under IPC 420/406.
CP-0345,CASE-0256,PERSON-0128,ASSOCIATE,Subject of enquiry in Intimidation and Witness Tampering at Delhi under IPC 506.
CP-0346,CASE-0833,PERSON-0257,ASSOCIATE,Subject of enquiry in Commercial Fraud and Embezzlement Syndicate at Lucknow under IPC 420/406.
CP-0347,CASE-0942,PERSON-0655,ASSOCIATE,Subject of enquiry in Targeted Homicide Investigation in Ahmedabad under IPC 302/120B.
CP-0348,CASE-0356,PERSON-0970,ASSOCIATE,Subject of enquiry in Physical Assault and Grievous Hurt Case at Lucknow under IPC 323/325.
CP-0349,CASE-0573,PERSON-0140,SUSPECT,Subject of enquiry in Nocturnal Commercial Burglary in Kolkata under IPC 457/380.
CP-0350,CASE-0490,PERSON-0718,ACCUSED,Subject of enquiry in Digital Identity Theft and Financial Scam at Delhi under IT Act 66D / IPC 420.
CP-0351,CASE-0892,PERSON-0624,WITNESS,Subject of enquiry in Targeted Homicide Investigation in Siliguri under IPC 302/120B.
CP-0352,CASE-0792,PERSON-0487,ASSOCIATE,Subject of enquiry in Physical Assault and Grievous Hurt Case at Howrah under IPC 323/325.
CP-0353,CASE-0476,PERSON-0133,SUSPECT,Subject of enquiry in Kidnapping and Extortion Case at Chennai under IPC 363/364A.
CP-0354,CASE-0837,PERSON-0760,PERSON_OF_INTEREST,Subject of enquiry in Digital Identity Theft and Financial Scam at Pune under IT Act 66D / IPC 420.
CP-0355,CASE-0907,PERSON-0184,REPORTING_PERSON,Subject of enquiry in Physical Assault and Grievous Hurt Case at Howrah under IPC 323/325.
CP-0356,CASE-0788,PERSON-0902,WITNESS,Subject of enquiry in Serial Asset and Vehicle Theft in Raipur under IPC 379.
CP-0357,CASE-0779,PERSON-0054,WITNESS,Subject of enquiry in Armed Robbery Incident at Kolkata under IPC 392/397.
CP-0358,CASE-0557,PERSON-0241,REPORTING_PERSON,Subject of enquiry in Intimidation and Witness Tampering at Durg under IPC 506.
CP-0359,CASE-1007,PERSON-0478,WITNESS,Subject of enquiry in Serial Asset and Vehicle Theft in Raipur under IPC 379.
CP-0360,CASE-0702,PERSON-0360,SUSPECT,Subject of enquiry in Threat and Extortion Racket in Delhi under IPC 384/386.
CP-0361,CASE-1023,PERSON-0550,WITNESS,Subject of enquiry in Armed Robbery Incident at Mumbai under IPC 392/397.
CP-0362,CASE-0795,PERSON-0889,PERSON_OF_INTEREST,Subject of enquiry in Physical Assault and Grievous Hurt Case at Delhi under IPC 323/325.
CP-0363,CASE-1243,PERSON-0241,ACCUSED,Subject of enquiry in Nocturnal Commercial Burglary in Chennai under IPC 457/380.
CP-0364,CASE-0296,PERSON-0751,SUSPECT,Subject of enquiry in Forged Documentation and Property Fraud in Siliguri under IPC 467/468/471.
CP-0365,CASE-1231,PERSON-0888,REPORTING_PERSON,Subject of enquiry in Armed Robbery Incident at Durg under IPC 392/397.
CP-0366,CASE-0774,PERSON-0203,PERSON_OF_INTEREST,Subject of enquiry in Kidnapping and Extortion Case at Chennai under IPC 363/364A.
CP-0367,CASE-0425,PERSON-0254,ACCUSED,Subject of enquiry in Forged Documentation and Property Fraud in Kolkata under IPC 467/468/471.
CP-0368,CASE-0724,PERSON-0445,ACCUSED,Subject of enquiry in Targeted Homicide Investigation in Mumbai under IPC 302/120B.
CP-0369,CASE-0510,PERSON-0763,ACCUSED,Subject of enquiry in Forged Documentation and Property Fraud in Mumbai under IPC 467/468/471.
CP-0370,CASE-0473,PERSON-0419,WITNESS,Subject of enquiry in Intimidation and Witness Tampering at Raipur under IPC 506.
CP-0371,CASE-0962,PERSON-0055,REPORTING_PERSON,Subject of enquiry in Commercial Fraud and Embezzlement Syndicate at Kolkata under IPC 420/406.
CP-0372,CASE-1154,PERSON-0280,REPORTING_PERSON,Subject of enquiry in Digital Identity Theft and Financial Scam at Mumbai under IT Act 66D / IPC 420.
CP-0373,CASE-0133,PERSON-0494,REPORTING_PERSON,Subject of enquiry in Physical Assault and Grievous Hurt Case at Howrah under IPC 323/325.
CP-0374,CASE-0045,PERSON-0429,WITNESS,Subject of enquiry in Commercial Fraud and Embezzlement Syndicate at Kolkata under IPC 420/406.
CP-0375,CASE-0707,PERSON-0399,PERSON_OF_INTEREST,Subject of enquiry in Serial Asset and Vehicle Theft in Surat under IPC 379.
CP-0376,CASE-0042,PERSON-0533,PERSON_OF_INTEREST,Subject of enquiry in Physical Assault and Grievous Hurt Case at Delhi under IPC 323/325.
CP-0377,CASE-0913,PERSON-0962,PERSON_OF_INTEREST,Subject of enquiry in Forged Documentation and Property Fraud in Raipur under IPC 467/468/471.
CP-0378,CASE-0184,PERSON-0478,ACCUSED,Subject of enquiry in Forged Documentation and Property Fraud in Nagpur under IPC 467/468/471.
CP-0379,CASE-0714,PERSON-0265,ACCUSED,Subject of enquiry in Physical Assault and Grievous Hurt Case at Howrah under IPC 323/325.
CP-0380,CASE-0751,PERSON-0964,ACCUSED,Subject of enquiry in Kidnapping and Extortion Case at Pune under IPC 363/364A.
CP-0381,CASE-0981,PERSON-0192,ASSOCIATE,Subject of enquiry in Threat and Extortion Racket in Kolkata under IPC 384/386.
CP-0382,CASE-0449,PERSON-0905,WITNESS,Subject of enquiry in Kidnapping and Extortion Case at Mumbai under IPC 363/364A.
CP-0383,CASE-1060,PERSON-0644,WITNESS,Subject of enquiry in Digital Identity Theft and Financial Scam at Varanasi under IT Act 66D / IPC 420.
CP-0384,CASE-0401,PERSON-0897,SUSPECT,Subject of enquiry in Digital Identity Theft and Financial Scam at Delhi under IT Act 66D / IPC 420.
CP-0385,CASE-0782,PERSON-0404,SUSPECT,Subject of enquiry in Forged Documentation and Property Fraud in Raipur under IPC 467/468/471.
CP-0386,CASE-0469,PERSON-0123,REPORTING_PERSON,Subject of enquiry in Physical Assault and Grievous Hurt Case at Bilaspur under IPC 323/325.
CP-0387,CASE-0326,PERSON-0125,WITNESS,Subject of enquiry in Threat and Extortion Racket in Bilaspur under IPC 384/386.
CP-0388,CASE-1133,PERSON-0082,ACCUSED,Subject of enquiry in Armed Robbery Incident at Delhi under IPC 392/397.
CP-0389,CASE-0163,PERSON-0568,ACCUSED,Subject of enquiry in Physical Assault and Grievous Hurt Case at Siliguri under IPC 323/325.
CP-0390,CASE-0928,PERSON-0183,ACCUSED,Subject of enquiry in Targeted Homicide Investigation in Kolkata under IPC 302/120B.
CP-0391,CASE-0291,PERSON-0910,PERSON_OF_INTEREST,Subject of enquiry in Intimidation and Witness Tampering at Mumbai under IPC 506.
CP-0392,CASE-0571,PERSON-0922,ASSOCIATE,Subject of enquiry in Physical Assault and Grievous Hurt Case at Durg under IPC 323/325.
CP-0393,CASE-0470,PERSON-0450,ACCUSED,Subject of enquiry in Threat and Extortion Racket in Mumbai under IPC 384/386.
CP-0394,CASE-0342,PERSON-0564,SUSPECT,Subject of enquiry in Threat and Extortion Racket in Mumbai under IPC 384/386.
CP-0395,CASE-0475,PERSON-0923,SUSPECT,Subject of enquiry in Kidnapping and Extortion Case at Raipur under IPC 363/364A.
CP-0396,CASE-0107,PERSON-0617,REPORTING_PERSON,Subject of enquiry in Digital Identity Theft and Financial Scam at Kolkata under IT Act 66D / IPC 420.
CP-0397,CASE-0361,PERSON-0326,WITNESS,Subject of enquiry in Commercial Fraud and Embezzlement Syndicate at Lucknow under IPC 420/406.
CP-0398,CASE-0964,PERSON-0995,PERSON_OF_INTEREST,Subject of enquiry in Digital Identity Theft and Financial Scam at Mumbai under IT Act 66D / IPC 420.
CP-0399,CASE-0344,PERSON-0272,SUSPECT,Subject of enquiry in Threat and Extortion Racket in Mumbai under IPC 384/386.
CP-0400,CASE-0401,PERSON-0648,REPORTING_PERSON,Subject of enquiry in Digital Identity Theft and Financial Scam at Delhi under IT Act 66D / IPC 420.
CP-0401,CASE-0158,PERSON-0099,SUSPECT,Subject of enquiry in Intimidation and Witness Tampering at Chennai under IPC 506.
CP-0402,CASE-0552,PERSON-0867,ASSOCIATE,Subject of enquiry in Commercial Fraud and Embezzlement Syndicate at Howrah under IPC 420/406.
CP-0403,CASE-1094,PERSON-0158,PERSON_OF_INTEREST,Subject of enquiry in Forged Documentation and Property Fraud in Ahmedabad under IPC 467/468/471.
CP-0404,CASE-1134,PERSON-0810,ACCUSED,Subject of enquiry in Nocturnal Commercial Burglary in Delhi under IPC 457/380.
CP-0405,CASE-0367,PERSON-0187,WITNESS,Subject of enquiry in Forged Documentation and Property Fraud in Bilaspur under IPC 467/468/471.
CP-0406,CASE-0383,PERSON-0282,SUSPECT,Subject of enquiry in Serial Asset and Vehicle Theft in Surat under IPC 379.
CP-0407,CASE-0667,PERSON-0906,ASSOCIATE,Subject of enquiry in Commercial Fraud and Embezzlement Syndicate at Bilaspur under IPC 420/406.
CP-0408,CASE-0558,PERSON-0556,SUSPECT,Subject of enquiry in Physical Assault and Grievous Hurt Case at Bilaspur under IPC 323/325.
CP-0409,CASE-1026,PERSON-0547,SUSPECT,Subject of enquiry in Digital Identity Theft and Financial Scam at Pune under IT Act 66D / IPC 420.
CP-0410,CASE-0807,PERSON-0169,ASSOCIATE,Subject of enquiry in Nocturnal Commercial Burglary in Mumbai under IPC 457/380.
CP-0411,CASE-0100,PERSON-0511,ASSOCIATE,Subject of enquiry in Digital Identity Theft and Financial Scam at Mumbai under IT Act 66D / IPC 420.
CP-0412,CASE-0271,PERSON-0278,WITNESS,Subject of enquiry in Armed Robbery Incident at Durg under IPC 392/397.
CP-0413,CASE-0753,PERSON-0618,ACCUSED,Subject of enquiry in Intimidation and Witness Tampering at Varanasi under IPC 506.
CP-0414,CASE-0948,PERSON-0282,PERSON_OF_INTEREST,Subject of enquiry in Intimidation and Witness Tampering at Pune under IPC 506.
CP-0415,CASE-0359,PERSON-0758,SUSPECT,Subject of enquiry in Threat and Extortion Racket in Kolkata under IPC 384/386.
CP-0416,CASE-0509,PERSON-0196,REPORTING_PERSON,Subject of enquiry in Serial Asset and Vehicle Theft in Siliguri under IPC 379.
CP-0417,CASE-1242,PERSON-0803,SUSPECT,Subject of enquiry in Kidnapping and Extortion Case at Pune under IPC 363/364A.
CP-0418,CASE-0138,PERSON-0417,ASSOCIATE,Subject of enquiry in Physical Assault and Grievous Hurt Case at Surat under IPC 323/325.
CP-0419,CASE-0002,PERSON-0325,PERSON_OF_INTEREST,Subject of enquiry in Physical Assault and Grievous Hurt Case at Ahmedabad under IPC 323/325.
CP-0420,CASE-1084,PERSON-0849,PERSON_OF_INTEREST,Subject of enquiry in Digital Identity Theft and Financial Scam at Durg under IT Act 66D / IPC 420.
CP-0421,CASE-0809,PERSON-0594,WITNESS,Subject of enquiry in Commercial Fraud and Embezzlement Syndicate at Durg under IPC 420/406.
CP-0422,CASE-0828,PERSON-0941,WITNESS,Subject of enquiry in Kidnapping and Extortion Case at Bilaspur under IPC 363/364A.
CP-0423,CASE-0956,PERSON-0693,WITNESS,Subject of enquiry in Serial Asset and Vehicle Theft in Surat under IPC 379.
CP-0424,CASE-0725,PERSON-0836,WITNESS,Subject of enquiry in Targeted Homicide Investigation in Delhi under IPC 302/120B.
CP-0425,CASE-1183,PERSON-0766,REPORTING_PERSON,Subject of enquiry in Threat and Extortion Racket in Durg under IPC 384/386.
CP-0426,CASE-0830,PERSON-0800,ACCUSED,Subject of enquiry in Kidnapping and Extortion Case at Pune under IPC 363/364A.
CP-0427,CASE-1073,PERSON-0990,PERSON_OF_INTEREST,Subject of enquiry in Nocturnal Commercial Burglary in Bilaspur under IPC 457/380.
CP-0428,CASE-0342,PERSON-0546,PERSON_OF_INTEREST,Subject of enquiry in Threat and Extortion Racket in Mumbai under IPC 384/386.
CP-0429,CASE-0259,PERSON-0855,SUSPECT,Subject of enquiry in Armed Robbery Incident at Howrah under IPC 392/397.
CP-0430,CASE-0424,PERSON-0106,WITNESS,Subject of enquiry in Intimidation and Witness Tampering at Nagpur under IPC 506.
CP-0431,CASE-0753,PERSON-0893,ACCUSED,Subject of enquiry in Intimidation and Witness Tampering at Varanasi under IPC 506.
CP-0432,CASE-0237,PERSON-0649,PERSON_OF_INTEREST,Subject of enquiry in Threat and Extortion Racket in Nagpur under IPC 384/386.
CP-0433,CASE-0784,PERSON-0415,ACCUSED,Subject of enquiry in Forged Documentation and Property Fraud in Pune under IPC 467/468/471.
CP-0434,CASE-0766,PERSON-0055,ACCUSED,Subject of enquiry in Threat and Extortion Racket in Howrah under IPC 384/386.
CP-0435,CASE-0998,PERSON-0234,SUSPECT,Subject of enquiry in Forged Documentation and Property Fraud in Mumbai under IPC 467/468/471.
CP-0436,CASE-0442,PERSON-0476,REPORTING_PERSON,Subject of enquiry in Forged Documentation and Property Fraud in Surat under IPC 467/468/471.
CP-0437,CASE-0302,PERSON-0491,WITNESS,Subject of enquiry in Kidnapping and Extortion Case at Durg under IPC 363/364A.
CP-0438,CASE-0287,PERSON-0695,ACCUSED,Subject of enquiry in Commercial Fraud and Embezzlement Syndicate at Delhi under IPC 420/406.
CP-0439,CASE-0812,PERSON-0281,ASSOCIATE,Subject of enquiry in Digital Identity Theft and Financial Scam at Nagpur under IT Act 66D / IPC 420.
CP-0440,CASE-0034,PERSON-0953,ASSOCIATE,Subject of enquiry in Threat and Extortion Racket in Delhi under IPC 384/386.
CP-0441,CASE-0900,PERSON-0289,PERSON_OF_INTEREST,Subject of enquiry in Forged Documentation and Property Fraud in Delhi under IPC 467/468/471.
CP-0442,CASE-0818,PERSON-0508,REPORTING_PERSON,Subject of enquiry in Nocturnal Commercial Burglary in Lucknow under IPC 457/380.
CP-0443,CASE-0953,PERSON-0411,ASSOCIATE,Subject of enquiry in Threat and Extortion Racket in Surat under IPC 384/386.
CP-0444,CASE-0949,PERSON-0164,PERSON_OF_INTEREST,Subject of enquiry in Serial Asset and Vehicle Theft in Delhi under IPC 379.
CP-0445,CASE-0106,PERSON-0282,ASSOCIATE,Subject of enquiry in Targeted Homicide Investigation in Raipur under IPC 302/120B.
CP-0446,CASE-0208,PERSON-0333,ACCUSED,Subject of enquiry in Armed Robbery Incident at Bilaspur under IPC 392/397.
CP-0447,CASE-0109,PERSON-0389,PERSON_OF_INTEREST,Subject of enquiry in Nocturnal Commercial Burglary in Siliguri under IPC 457/380.
CP-0448,CASE-0792,PERSON-0939,REPORTING_PERSON,Subject of enquiry in Physical Assault and Grievous Hurt Case at Howrah under IPC 323/325.
CP-0449,CASE-0888,PERSON-0110,WITNESS,Subject of enquiry in Kidnapping and Extortion Case at Varanasi under IPC 363/364A.
CP-0450,CASE-0603,PERSON-0394,WITNESS,Subject of enquiry in Nocturnal Commercial Burglary in Raipur under IPC 457/380.
CP-0451,CASE-1130,PERSON-0519,SUSPECT,Subject of enquiry in Commercial Fraud and Embezzlement Syndicate at Siliguri under IPC 420/406.
CP-0452,CASE-0982,PERSON-0100,ACCUSED,Subject of enquiry in Intimidation and Witness Tampering at Ahmedabad under IPC 506.
CP-0453,CASE-0679,PERSON-0229,ACCUSED,Subject of enquiry in Armed Robbery Incident at Lucknow under IPC 392/397.
CP-0454,CASE-1038,PERSON-0200,SUSPECT,Subject of enquiry in Digital Identity Theft and Financial Scam at Delhi under IT Act 66D / IPC 420.
CP-0455,CASE-0208,PERSON-0180,REPORTING_PERSON,Subject of enquiry in Armed Robbery Incident at Bilaspur under IPC 392/397.
CP-0456,CASE-1151,PERSON-0307,SUSPECT,Subject of enquiry in Serial Asset and Vehicle Theft in Bilaspur under IPC 379.
CP-0457,CASE-0051,PERSON-0552,ASSOCIATE,Subject of enquiry in Intimidation and Witness Tampering at Kolkata under IPC 506.
CP-0458,CASE-1068,PERSON-0411,SUSPECT,Subject of enquiry in Serial Asset and Vehicle Theft in Siliguri under IPC 379.
CP-0459,CASE-0919,PERSON-0444,ACCUSED,Subject of enquiry in Threat and Extortion Racket in Raipur under IPC 384/386.
CP-0460,CASE-0943,PERSON-0386,WITNESS,Subject of enquiry in Forged Documentation and Property Fraud in Lucknow under IPC 467/468/471.
CP-0461,CASE-0669,PERSON-0322,ACCUSED,Subject of enquiry in Serial Asset and Vehicle Theft in Lucknow under IPC 379.
CP-0462,CASE-0105,PERSON-0851,WITNESS,Subject of enquiry in Intimidation and Witness Tampering at Lucknow under IPC 506.
CP-0463,CASE-1200,PERSON-0157,PERSON_OF_INTEREST,Subject of enquiry in Targeted Homicide Investigation in Mumbai under IPC 302/120B.
CP-0464,CASE-0999,PERSON-0474,WITNESS,Subject of enquiry in Serial Asset and Vehicle Theft in Delhi under IPC 379.
CP-0465,CASE-0075,PERSON-0713,WITNESS,Subject of enquiry in Armed Robbery Incident at Siliguri under IPC 392/397.
CP-0466,CASE-1160,PERSON-0549,SUSPECT,Subject of enquiry in Nocturnal Commercial Burglary in Delhi under IPC 457/380.
CP-0467,CASE-0315,PERSON-0986,PERSON_OF_INTEREST,Subject of enquiry in Targeted Homicide Investigation in Kolkata under IPC 302/120B.
CP-0468,CASE-0677,PERSON-0707,REPORTING_PERSON,Subject of enquiry in Kidnapping and Extortion Case at Howrah under IPC 363/364A.
CP-0469,CASE-0901,PERSON-0780,REPORTING_PERSON,Subject of enquiry in Armed Robbery Incident at Bilaspur under IPC 392/397.
CP-0470,CASE-0548,PERSON-0178,ASSOCIATE,Subject of enquiry in Intimidation and Witness Tampering at Lucknow under IPC 506.
CP-0471,CASE-0403,PERSON-0126,WITNESS,Subject of enquiry in Digital Identity Theft and Financial Scam at Kolkata under IT Act 66D / IPC 420.
CP-0472,CASE-0787,PERSON-0313,PERSON_OF_INTEREST,Subject of enquiry in Digital Identity Theft and Financial Scam at Delhi under IT Act 66D / IPC 420.
CP-0473,CASE-0452,PERSON-0073,SUSPECT,Subject of enquiry in Armed Robbery Incident at Delhi under IPC 392/397.
CP-0474,CASE-0621,PERSON-0043,ASSOCIATE,Subject of enquiry in Commercial Fraud and Embezzlement Syndicate at Lucknow under IPC 420/406.
CP-0475,CASE-0399,PERSON-0459,WITNESS,Subject of enquiry in Targeted Homicide Investigation in Chennai under IPC 302/120B.
CP-0476,CASE-0397,PERSON-0458,ASSOCIATE,Subject of enquiry in Kidnapping and Extortion Case at Raipur under IPC 363/364A.
CP-0477,CASE-0875,PERSON-0591,WITNESS,Subject of enquiry in Intimidation and Witness Tampering at Mumbai under IPC 506.
CP-0478,CASE-0523,PERSON-0969,ASSOCIATE,Subject of enquiry in Targeted Homicide Investigation in Varanasi under IPC 302/120B.
CP-0479,CASE-0002,PERSON-0098,ASSOCIATE,Subject of enquiry in Physical Assault and Grievous Hurt Case at Ahmedabad under IPC 323/325.
CP-0480,CASE-0077,PERSON-0302,REPORTING_PERSON,Subject of enquiry in Serial Asset and Vehicle Theft in Mumbai under IPC 379.
CP-0481,CASE-0989,PERSON-0836,SUSPECT,Subject of enquiry in Intimidation and Witness Tampering at Delhi under IPC 506.
CP-0482,CASE-0449,PERSON-0510,ASSOCIATE,Subject of enquiry in Kidnapping and Extortion Case at Mumbai under IPC 363/364A.
CP-0483,CASE-1011,PERSON-0147,SUSPECT,Subject of enquiry in Threat and Extortion Racket in Bilaspur under IPC 384/386.
CP-0484,CASE-0942,PERSON-0862,ACCUSED,Subject of enquiry in Targeted Homicide Investigation in Ahmedabad under IPC 302/120B.
CP-0485,CASE-0763,PERSON-0902,PERSON_OF_INTEREST,Subject of enquiry in Targeted Homicide Investigation in Delhi under IPC 302/120B.
CP-0486,CASE-0529,PERSON-0621,WITNESS,Subject of enquiry in Kidnapping and Extortion Case at Chennai under IPC 363/364A.
CP-0487,CASE-1123,PERSON-0941,REPORTING_PERSON,Subject of enquiry in Intimidation and Witness Tampering at Delhi under IPC 506.
CP-0488,CASE-0678,PERSON-0677,REPORTING_PERSON,Subject of enquiry in Nocturnal Commercial Burglary in Lucknow under IPC 457/380.
CP-0489,CASE-0669,PERSON-0570,ASSOCIATE,Subject of enquiry in Serial Asset and Vehicle Theft in Lucknow under IPC 379.
CP-0490,CASE-1208,PERSON-0563,REPORTING_PERSON,Subject of enquiry in Serial Asset and Vehicle Theft in Delhi under IPC 379.
CP-0491,CASE-0572,PERSON-0856,WITNESS,Subject of enquiry in Kidnapping and Extortion Case at Surat under IPC 363/364A.
CP-0492,CASE-0503,PERSON-0262,SUSPECT,Subject of enquiry in Armed Robbery Incident at Delhi under IPC 392/397.
CP-0493,CASE-0889,PERSON-0525,ACCUSED,Subject of enquiry in Forged Documentation and Property Fraud in Pune under IPC 467/468/471.
CP-0494,CASE-0673,PERSON-0993,WITNESS,Subject of enquiry in Forged Documentation and Property Fraud in Delhi under IPC 467/468/471.
CP-0495,CASE-0616,PERSON-0541,REPORTING_PERSON,Subject of enquiry in Threat and Extortion Racket in Nagpur under IPC 384/386.
CP-0496,CASE-0829,PERSON-0083,WITNESS,Subject of enquiry in Targeted Homicide Investigation in Ahmedabad under IPC 302/120B.
CP-0497,CASE-0616,PERSON-0851,ACCUSED,Subject of enquiry in Threat and Extortion Racket in Nagpur under IPC 384/386.
CP-0498,CASE-0219,PERSON-0874,ASSOCIATE,Subject of enquiry in Forged Documentation and Property Fraud in Delhi under IPC 467/468/471.
CP-0499,CASE-1137,PERSON-0259,ASSOCIATE,Subject of enquiry in Targeted Homicide Investigation in Bilaspur under IPC 302/120B.
CP-0500,CASE-0510,PERSON-0506,ASSOCIATE,Subject of enquiry in Forged Documentation and Property Fraud in Mumbai under IPC 467/468/471.
CP-0501,CASE-0202,PERSON-0745,WITNESS,Subject of enquiry in Serial Asset and Vehicle Theft in Durg under IPC 379.
CP-0502,CASE-1036,PERSON-0402,PERSON_OF_INTEREST,Subject of enquiry in Commercial Fraud and Embezzlement Syndicate at Lucknow under IPC 420/406.
CP-0503,CASE-0819,PERSON-0460,WITNESS,Subject of enquiry in Physical Assault and Grievous Hurt Case at Durg under IPC 323/325.
CP-0504,CASE-0679,PERSON-0337,SUSPECT,Subject of enquiry in Armed Robbery Incident at Lucknow under IPC 392/397.
CP-0505,CASE-0497,PERSON-0197,WITNESS,Subject of enquiry in Armed Robbery Incident at Nagpur under IPC 392/397.
CP-0506,CASE-0986,PERSON-0981,REPORTING_PERSON,Subject of enquiry in Nocturnal Commercial Burglary in Durg under IPC 457/380.
CP-0507,CASE-0136,PERSON-0824,ACCUSED,Subject of enquiry in Threat and Extortion Racket in Durg under IPC 384/386.
CP-0508,CASE-0117,PERSON-0477,PERSON_OF_INTEREST,Subject of enquiry in Forged Documentation and Property Fraud in Delhi under IPC 467/468/471.
CP-0509,CASE-0886,PERSON-0188,PERSON_OF_INTEREST,Subject of enquiry in Threat and Extortion Racket in Raipur under IPC 384/386.
CP-0510,CASE-0970,PERSON-0062,ACCUSED,Subject of enquiry in Forged Documentation and Property Fraud in Nagpur under IPC 467/468/471.
CP-0511,CASE-0759,PERSON-0152,ACCUSED,Subject of enquiry in Serial Asset and Vehicle Theft in Kolkata under IPC 379.
CP-0512,CASE-0483,PERSON-0529,PERSON_OF_INTEREST,Subject of enquiry in Commercial Fraud and Embezzlement Syndicate at Siliguri under IPC 420/406.
CP-0513,CASE-0812,PERSON-0633,ASSOCIATE,Subject of enquiry in Digital Identity Theft and Financial Scam at Nagpur under IT Act 66D / IPC 420.
CP-0514,CASE-0831,PERSON-0471,ASSOCIATE,Subject of enquiry in Threat and Extortion Racket in Delhi under IPC 384/386.
CP-0515,CASE-0587,PERSON-0280,WITNESS,Subject of enquiry in Threat and Extortion Racket in Delhi under IPC 384/386.
CP-0516,CASE-0338,PERSON-0375,ASSOCIATE,Subject of enquiry in Commercial Fraud and Embezzlement Syndicate at Kolkata under IPC 420/406.
CP-0517,CASE-1225,PERSON-0365,WITNESS,Subject of enquiry in Nocturnal Commercial Burglary in Bilaspur under IPC 457/380.
CP-0518,CASE-0772,PERSON-0904,SUSPECT,Subject of enquiry in Nocturnal Commercial Burglary in Delhi under IPC 457/380.
CP-0519,CASE-0207,PERSON-0115,SUSPECT,Subject of enquiry in Targeted Homicide Investigation in Delhi under IPC 302/120B.
CP-0520,CASE-0018,PERSON-0184,WITNESS,Subject of enquiry in Commercial Fraud and Embezzlement Syndicate at Howrah under IPC 420/406.
CP-0521,CASE-0878,PERSON-0535,SUSPECT,Subject of enquiry in Physical Assault and Grievous Hurt Case at Kolkata under IPC 323/325.
CP-0522,CASE-0312,PERSON-0083,SUSPECT,Subject of enquiry in Digital Identity Theft and Financial Scam at Kolkata under IT Act 66D / IPC 420.
CP-0523,CASE-0966,PERSON-0212,SUSPECT,Subject of enquiry in Targeted Homicide Investigation in Varanasi under IPC 302/120B.
CP-0524,CASE-0274,PERSON-0329,ACCUSED,Subject of enquiry in Commercial Fraud and Embezzlement Syndicate at Kolkata under IPC 420/406.
CP-0525,CASE-0732,PERSON-0713,WITNESS,Subject of enquiry in Targeted Homicide Investigation in Howrah under IPC 302/120B.
CP-0526,CASE-0180,PERSON-0072,ASSOCIATE,Subject of enquiry in Intimidation and Witness Tampering at Delhi under IPC 506.
CP-0527,CASE-0635,PERSON-0369,SUSPECT,Subject of enquiry in Commercial Fraud and Embezzlement Syndicate at Howrah under IPC 420/406.
CP-0528,CASE-0080,PERSON-0627,SUSPECT,Subject of enquiry in Commercial Fraud and Embezzlement Syndicate at Nagpur under IPC 420/406.
CP-0529,CASE-0081,PERSON-0660,SUSPECT,Subject of enquiry in Threat and Extortion Racket in Nagpur under IPC 384/386.
CP-0530,CASE-0394,PERSON-0839,ASSOCIATE,Subject of enquiry in Armed Robbery Incident at Delhi under IPC 392/397.
CP-0531,CASE-0801,PERSON-0874,PERSON_OF_INTEREST,Subject of enquiry in Nocturnal Commercial Burglary in Durg under IPC 457/380.
CP-0532,CASE-0221,PERSON-0304,WITNESS,Subject of enquiry in Intimidation and Witness Tampering at Lucknow under IPC 506.
CP-0533,CASE-0597,PERSON-0661,WITNESS,Subject of enquiry in Commercial Fraud and Embezzlement Syndicate at Bilaspur under IPC 420/406.
CP-0534,CASE-0147,PERSON-0882,WITNESS,Subject of enquiry in Nocturnal Commercial Burglary in Mumbai under IPC 457/380.
CP-0535,CASE-0583,PERSON-0172,SUSPECT,Subject of enquiry in Armed Robbery Incident at Kolkata under IPC 392/397.
CP-0536,CASE-0947,PERSON-0651,ACCUSED,Subject of enquiry in Nocturnal Commercial Burglary in Chennai under IPC 457/380.
CP-0537,CASE-0323,PERSON-0689,REPORTING_PERSON,Subject of enquiry in Intimidation and Witness Tampering at Surat under IPC 506.
CP-0538,CASE-1055,PERSON-0129,PERSON_OF_INTEREST,Subject of enquiry in Threat and Extortion Racket in Raipur under IPC 384/386.
CP-0539,CASE-1243,PERSON-0260,REPORTING_PERSON,Subject of enquiry in Nocturnal Commercial Burglary in Chennai under IPC 457/380.
CP-0540,CASE-0582,PERSON-0063,PERSON_OF_INTEREST,Subject of enquiry in Threat and Extortion Racket in Mumbai under IPC 384/386.
CP-0541,CASE-0694,PERSON-0711,ASSOCIATE,Subject of enquiry in Digital Identity Theft and Financial Scam at Nagpur under IT Act 66D / IPC 420.
CP-0542,CASE-0969,PERSON-0860,PERSON_OF_INTEREST,Subject of enquiry in Intimidation and Witness Tampering at Delhi under IPC 506.
CP-0543,CASE-0735,PERSON-0552,ACCUSED,Subject of enquiry in Intimidation and Witness Tampering at Ahmedabad under IPC 506.
CP-0544,CASE-0602,PERSON-0700,REPORTING_PERSON,Subject of enquiry in Nocturnal Commercial Burglary in Howrah under IPC 457/380.
CP-0545,CASE-0822,PERSON-0459,ASSOCIATE,Subject of enquiry in Physical Assault and Grievous Hurt Case at Chennai under IPC 323/325.
CP-0546,CASE-0634,PERSON-0713,ACCUSED,Subject of enquiry in Armed Robbery Incident at Chennai under IPC 392/397.
CP-0547,CASE-0432,PERSON-0277,PERSON_OF_INTEREST,Subject of enquiry in Targeted Homicide Investigation in Kolkata under IPC 302/120B.
CP-0548,CASE-0305,PERSON-0751,ASSOCIATE,Subject of enquiry in Targeted Homicide Investigation in Delhi under IPC 302/120B.
CP-0549,CASE-0076,PERSON-0112,SUSPECT,Subject of enquiry in Kidnapping and Extortion Case at Durg under IPC 363/364A.
CP-0550,CASE-1204,PERSON-0927,SUSPECT,Subject of enquiry in Threat and Extortion Racket in Kolkata under IPC 384/386.
CP-0551,CASE-0303,PERSON-0141,PERSON_OF_INTEREST,Subject of enquiry in Kidnapping and Extortion Case at Kolkata under IPC 363/364A.
CP-0552,CASE-0259,PERSON-0183,REPORTING_PERSON,Subject of enquiry in Armed Robbery Incident at Howrah under IPC 392/397.
CP-0553,CASE-0151,PERSON-0320,ACCUSED,Subject of enquiry in Physical Assault and Grievous Hurt Case at Varanasi under IPC 323/325.
CP-0554,CASE-0656,PERSON-0624,ASSOCIATE,Subject of enquiry in Physical Assault and Grievous Hurt Case at Delhi under IPC 323/325.
CP-0555,CASE-0987,PERSON-0476,PERSON_OF_INTEREST,Subject of enquiry in Armed Robbery Incident at Mumbai under IPC 392/397.
CP-0556,CASE-0252,PERSON-0983,REPORTING_PERSON,Subject of enquiry in Kidnapping and Extortion Case at Pune under IPC 363/364A.
CP-0557,CASE-1131,PERSON-0777,WITNESS,Subject of enquiry in Physical Assault and Grievous Hurt Case at Durg under IPC 323/325.
CP-0558,CASE-0620,PERSON-0990,REPORTING_PERSON,Subject of enquiry in Digital Identity Theft and Financial Scam at Howrah under IT Act 66D / IPC 420.
CP-0559,CASE-0430,PERSON-0948,PERSON_OF_INTEREST,Subject of enquiry in Targeted Homicide Investigation in Nagpur under IPC 302/120B.
CP-0560,CASE-0070,PERSON-0403,ASSOCIATE,Subject of enquiry in Threat and Extortion Racket in Bilaspur under IPC 384/386.
CP-0561,CASE-0801,PERSON-0227,ACCUSED,Subject of enquiry in Nocturnal Commercial Burglary in Durg under IPC 457/380.
CP-0562,CASE-0136,PERSON-0081,SUSPECT,Subject of enquiry in Threat and Extortion Racket in Durg under IPC 384/386.
CP-0563,CASE-0517,PERSON-0429,ASSOCIATE,Subject of enquiry in Nocturnal Commercial Burglary in Delhi under IPC 457/380.
CP-0564,CASE-1020,PERSON-0505,REPORTING_PERSON,Subject of enquiry in Kidnapping and Extortion Case at Varanasi under IPC 363/364A.
CP-0565,CASE-0815,PERSON-0833,REPORTING_PERSON,Subject of enquiry in Armed Robbery Incident at Kolkata under IPC 392/397.
CP-0566,CASE-0663,PERSON-0491,ASSOCIATE,Subject of enquiry in Forged Documentation and Property Fraud in Mumbai under IPC 467/468/471.
CP-0567,CASE-0670,PERSON-0794,REPORTING_PERSON,Subject of enquiry in Intimidation and Witness Tampering at Surat under IPC 506.
CP-0568,CASE-0865,PERSON-0705,ACCUSED,Subject of enquiry in Kidnapping and Extortion Case at Pune under IPC 363/364A.
CP-0569,CASE-1161,PERSON-0919,REPORTING_PERSON,Subject of enquiry in Kidnapping and Extortion Case at Lucknow under IPC 363/364A.
CP-0570,CASE-0377,PERSON-0038,ASSOCIATE,Subject of enquiry in Threat and Extortion Racket in Delhi under IPC 384/386.
CP-0571,CASE-0514,PERSON-0456,SUSPECT,Subject of enquiry in Nocturnal Commercial Burglary in Siliguri under IPC 457/380.
CP-0572,CASE-0998,PERSON-0927,ACCUSED,Subject of enquiry in Forged Documentation and Property Fraud in Mumbai under IPC 467/468/471.
CP-0573,CASE-0304,PERSON-0074,ASSOCIATE,Subject of enquiry in Physical Assault and Grievous Hurt Case at Howrah under IPC 323/325.
CP-0574,CASE-0492,PERSON-0556,WITNESS,Subject of enquiry in Threat and Extortion Racket in Surat under IPC 384/386.
CP-0575,CASE-1015,PERSON-0315,ASSOCIATE,Subject of enquiry in Threat and Extortion Racket in Pune under IPC 384/386.
CP-0576,CASE-0370,PERSON-0458,SUSPECT,Subject of enquiry in Digital Identity Theft and Financial Scam at Durg under IT Act 66D / IPC 420.
CP-0577,CASE-0019,PERSON-0677,ACCUSED,Subject of enquiry in Serial Asset and Vehicle Theft in Delhi under IPC 379.
CP-0578,CASE-0703,PERSON-0850,WITNESS,Subject of enquiry in Digital Identity Theft and Financial Scam at Delhi under IT Act 66D / IPC 420.
CP-0579,CASE-0764,PERSON-0376,SUSPECT,Subject of enquiry in Kidnapping and Extortion Case at Mumbai under IPC 363/364A.
CP-0580,CASE-0215,PERSON-0525,WITNESS,Subject of enquiry in Kidnapping and Extortion Case at Lucknow under IPC 363/364A.
CP-0581,CASE-0414,PERSON-0247,ASSOCIATE,Subject of enquiry in Targeted Homicide Investigation in Durg under IPC 302/120B.
CP-0582,CASE-0681,PERSON-0727,REPORTING_PERSON,Subject of enquiry in Nocturnal Commercial Burglary in Pune under IPC 457/380.
CP-0583,CASE-1035,PERSON-0311,WITNESS,Subject of enquiry in Digital Identity Theft and Financial Scam at Kolkata under IT Act 66D / IPC 420.
CP-0584,CASE-0801,PERSON-0941,WITNESS,Subject of enquiry in Nocturnal Commercial Burglary in Durg under IPC 457/380.
CP-0585,CASE-1210,PERSON-0658,WITNESS,Subject of enquiry in Nocturnal Commercial Burglary in Pune under IPC 457/380.
CP-0586,CASE-0403,PERSON-0476,REPORTING_PERSON,Subject of enquiry in Digital Identity Theft and Financial Scam at Kolkata under IT Act 66D / IPC 420.
CP-0587,CASE-0081,PERSON-0496,REPORTING_PERSON,Subject of enquiry in Threat and Extortion Racket in Nagpur under IPC 384/386.
CP-0588,CASE-1211,PERSON-0591,ACCUSED,Subject of enquiry in Digital Identity Theft and Financial Scam at Kolkata under IT Act 66D / IPC 420.
CP-0589,CASE-1104,PERSON-0804,PERSON_OF_INTEREST,Subject of enquiry in Forged Documentation and Property Fraud in Kolkata under IPC 467/468/471.
CP-0590,CASE-0092,PERSON-0322,ACCUSED,Subject of enquiry in Armed Robbery Incident at Varanasi under IPC 392/397.
CP-0591,CASE-0037,PERSON-0448,WITNESS,Subject of enquiry in Targeted Homicide Investigation in Kolkata under IPC 302/120B.
CP-0592,CASE-0129,PERSON-0516,PERSON_OF_INTEREST,Subject of enquiry in Commercial Fraud and Embezzlement Syndicate at Kolkata under IPC 420/406.
CP-0593,CASE-0950,PERSON-0967,WITNESS,Subject of enquiry in Digital Identity Theft and Financial Scam at Howrah under IT Act 66D / IPC 420.
CP-0594,CASE-1172,PERSON-0267,ACCUSED,Subject of enquiry in Armed Robbery Incident at Pune under IPC 392/397.
CP-0595,CASE-1211,PERSON-0259,PERSON_OF_INTEREST,Subject of enquiry in Digital Identity Theft and Financial Scam at Kolkata under IT Act 66D / IPC 420.
CP-0596,CASE-0543,PERSON-0338,REPORTING_PERSON,Subject of enquiry in Commercial Fraud and Embezzlement Syndicate at Ahmedabad under IPC 420/406.
CP-0597,CASE-0080,PERSON-0867,ASSOCIATE,Subject of enquiry in Commercial Fraud and Embezzlement Syndicate at Nagpur under IPC 420/406.
CP-0598,CASE-1187,PERSON-0291,PERSON_OF_INTEREST,Subject of enquiry in Intimidation and Witness Tampering at Delhi under IPC 506.
CP-0599,CASE-0544,PERSON-0035,WITNESS,Subject of enquiry in Digital Identity Theft and Financial Scam at Ahmedabad under IT Act 66D / IPC 420.
CP-0600,CASE-0470,PERSON-0072,ASSOCIATE,Subject of enquiry in Threat and Extortion Racket in Mumbai under IPC 384/386.
CP-0601,CASE-0921,PERSON-0275,PERSON_OF_INTEREST,Subject of enquiry in Commercial Fraud and Embezzlement Syndicate at Varanasi under IPC 420/406.
CP-0602,CASE-0005,PERSON-0471,SUSPECT,Subject of enquiry in Physical Assault and Grievous Hurt Case at Kolkata under IPC 323/325.
CP-0603,CASE-0156,PERSON-0852,ACCUSED,Subject of enquiry in Armed Robbery Incident at Kolkata under IPC 392/397.
CP-0604,CASE-1097,PERSON-0864,WITNESS,Subject of enquiry in Threat and Extortion Racket in Howrah under IPC 384/386.
CP-0605,CASE-0854,PERSON-0047,WITNESS,Subject of enquiry in Armed Robbery Incident at Lucknow under IPC 392/397.
CP-0606,CASE-0628,PERSON-0818,WITNESS,Subject of enquiry in Kidnapping and Extortion Case at Siliguri under IPC 363/364A.
CP-0607,CASE-0105,PERSON-0539,WITNESS,Subject of enquiry in Intimidation and Witness Tampering at Lucknow under IPC 506.
CP-0608,CASE-0438,PERSON-0577,REPORTING_PERSON,Subject of enquiry in Threat and Extortion Racket in Kolkata under IPC 384/386.
CP-0609,CASE-1132,PERSON-0325,SUSPECT,Subject of enquiry in Intimidation and Witness Tampering at Nagpur under IPC 506.
CP-0610,CASE-0481,PERSON-0978,PERSON_OF_INTEREST,Subject of enquiry in Serial Asset and Vehicle Theft in Lucknow under IPC 379.
CP-0611,CASE-1149,PERSON-0774,ACCUSED,Subject of enquiry in Threat and Extortion Racket in Kolkata under IPC 384/386.
CP-0612,CASE-0363,PERSON-0589,REPORTING_PERSON,Subject of enquiry in Physical Assault and Grievous Hurt Case at Siliguri under IPC 323/325.
CP-0613,CASE-0411,PERSON-0045,REPORTING_PERSON,Subject of enquiry in Kidnapping and Extortion Case at Varanasi under IPC 363/364A.
CP-0614,CASE-0880,PERSON-0112,ACCUSED,Subject of enquiry in Nocturnal Commercial Burglary in Mumbai under IPC 457/380.
CP-0615,CASE-0503,PERSON-1000,PERSON_OF_INTEREST,Subject of enquiry in Armed Robbery Incident at Delhi under IPC 392/397.
CP-0616,CASE-0043,PERSON-0132,ASSOCIATE,Subject of enquiry in Forged Documentation and Property Fraud in Mumbai under IPC 467/468/471.
CP-0617,CASE-0529,PERSON-0204,REPORTING_PERSON,Subject of enquiry in Kidnapping and Extortion Case at Chennai under IPC 363/364A.
CP-0618,CASE-0599,PERSON-0718,ACCUSED,Subject of enquiry in Nocturnal Commercial Burglary in Surat under IPC 457/380.
CP-0619,CASE-0852,PERSON-0196,PERSON_OF_INTEREST,Subject of enquiry in Nocturnal Commercial Burglary in Mumbai under IPC 457/380.
CP-0620,CASE-0418,PERSON-0777,ASSOCIATE,Subject of enquiry in Kidnapping and Extortion Case at Siliguri under IPC 363/364A.
CP-0621,CASE-0741,PERSON-0130,ACCUSED,Subject of enquiry in Kidnapping and Extortion Case at Raipur under IPC 363/364A.
CP-0622,CASE-0634,PERSON-0586,REPORTING_PERSON,Subject of enquiry in Armed Robbery Incident at Chennai under IPC 392/397.
CP-0623,CASE-1124,PERSON-0685,SUSPECT,Subject of enquiry in Armed Robbery Incident at Delhi under IPC 392/397.
CP-0624,CASE-0157,PERSON-0190,SUSPECT,Subject of enquiry in Nocturnal Commercial Burglary in Kolkata under IPC 457/380.
CP-0625,CASE-0007,PERSON-0276,SUSPECT,Subject of enquiry in Commercial Fraud and Embezzlement Syndicate at Mumbai under IPC 420/406.
CP-0626,CASE-0554,PERSON-0214,SUSPECT,Subject of enquiry in Intimidation and Witness Tampering at Delhi under IPC 506.
CP-0627,CASE-0925,PERSON-0376,SUSPECT,Subject of enquiry in Kidnapping and Extortion Case at Nagpur under IPC 363/364A.
CP-0628,CASE-1025,PERSON-0815,WITNESS,Subject of enquiry in Forged Documentation and Property Fraud in Pune under IPC 467/468/471.
CP-0629,CASE-0953,PERSON-0554,SUSPECT,Subject of enquiry in Threat and Extortion Racket in Surat under IPC 384/386.
CP-0630,CASE-0986,PERSON-0715,WITNESS,Subject of enquiry in Nocturnal Commercial Burglary in Durg under IPC 457/380.
CP-0631,CASE-0570,PERSON-0835,SUSPECT,Subject of enquiry in Digital Identity Theft and Financial Scam at Nagpur under IT Act 66D / IPC 420.
CP-0632,CASE-0730,PERSON-0838,SUSPECT,Subject of enquiry in Digital Identity Theft and Financial Scam at Mumbai under IT Act 66D / IPC 420.
CP-0633,CASE-0724,PERSON-0211,PERSON_OF_INTEREST,Subject of enquiry in Targeted Homicide Investigation in Mumbai under IPC 302/120B.
CP-0634,CASE-0388,PERSON-0589,ACCUSED,Subject of enquiry in Targeted Homicide Investigation in Raipur under IPC 302/120B.
CP-0635,CASE-0038,PERSON-0963,WITNESS,Subject of enquiry in Armed Robbery Incident at Ahmedabad under IPC 392/397.
CP-0636,CASE-0177,PERSON-0095,ASSOCIATE,Subject of enquiry in Targeted Homicide Investigation in Varanasi under IPC 302/120B.
CP-0637,CASE-0299,PERSON-0381,ASSOCIATE,Subject of enquiry in Armed Robbery Incident at Bilaspur under IPC 392/397.
CP-0638,CASE-1070,PERSON-0865,REPORTING_PERSON,Subject of enquiry in Kidnapping and Extortion Case at Ahmedabad under IPC 363/364A.
CP-0639,CASE-1096,PERSON-0229,PERSON_OF_INTEREST,Subject of enquiry in Nocturnal Commercial Burglary in Siliguri under IPC 457/380.
CP-0640,CASE-0720,PERSON-0061,ACCUSED,Subject of enquiry in Threat and Extortion Racket in Varanasi under IPC 384/386.
CP-0641,CASE-0798,PERSON-0842,PERSON_OF_INTEREST,Subject of enquiry in Intimidation and Witness Tampering at Pune under IPC 506.
CP-0642,CASE-0213,PERSON-0857,WITNESS,Subject of enquiry in Armed Robbery Incident at Mumbai under IPC 392/397.
CP-0643,CASE-0825,PERSON-0248,ASSOCIATE,Subject of enquiry in Nocturnal Commercial Burglary in Raipur under IPC 457/380.
CP-0644,CASE-0390,PERSON-0666,REPORTING_PERSON,Subject of enquiry in Armed Robbery Incident at Kolkata under IPC 392/397.
CP-0645,CASE-0991,PERSON-0823,WITNESS,Subject of enquiry in Forged Documentation and Property Fraud in Nagpur under IPC 467/468/471.
CP-0646,CASE-0138,PERSON-0793,ASSOCIATE,Subject of enquiry in Physical Assault and Grievous Hurt Case at Surat under IPC 323/325.
CP-0647,CASE-1013,PERSON-0601,PERSON_OF_INTEREST,Subject of enquiry in Serial Asset and Vehicle Theft in Chennai under IPC 379.
CP-0648,CASE-0794,PERSON-0360,REPORTING_PERSON,Subject of enquiry in Kidnapping and Extortion Case at Nagpur under IPC 363/364A.
CP-0649,CASE-0756,PERSON-0234,SUSPECT,Subject of enquiry in Nocturnal Commercial Burglary in Bilaspur under IPC 457/380.
CP-0650,CASE-0075,PERSON-0494,ASSOCIATE,Subject of enquiry in Armed Robbery Incident at Siliguri under IPC 392/397.
CP-0651,CASE-0008,PERSON-0615,ACCUSED,Subject of enquiry in Armed Robbery Incident at Durg under IPC 392/397.
CP-0652,CASE-0036,PERSON-0711,ACCUSED,Subject of enquiry in Commercial Fraud and Embezzlement Syndicate at Siliguri under IPC 420/406.
CP-0653,CASE-0694,PERSON-0456,REPORTING_PERSON,Subject of enquiry in Digital Identity Theft and Financial Scam at Nagpur under IT Act 66D / IPC 420.
CP-0654,CASE-0016,PERSON-0353,PERSON_OF_INTEREST,Subject of enquiry in Commercial Fraud and Embezzlement Syndicate at Durg under IPC 420/406.
CP-0655,CASE-0175,PERSON-0168,SUSPECT,Subject of enquiry in Targeted Homicide Investigation in Delhi under IPC 302/120B.
CP-0656,CASE-1218,PERSON-0564,WITNESS,Subject of enquiry in Nocturnal Commercial Burglary in Siliguri under IPC 457/380.
CP-0657,CASE-0239,PERSON-0638,ASSOCIATE,Subject of enquiry in Commercial Fraud and Embezzlement Syndicate at Raipur under IPC 420/406.
CP-0658,CASE-0970,PERSON-0537,WITNESS,Subject of enquiry in Forged Documentation and Property Fraud in Nagpur under IPC 467/468/471.
CP-0659,CASE-1130,PERSON-0774,ACCUSED,Subject of enquiry in Commercial Fraud and Embezzlement Syndicate at Siliguri under IPC 420/406.
CP-0660,CASE-0246,PERSON-0670,SUSPECT,Subject of enquiry in Kidnapping and Extortion Case at Surat under IPC 363/364A.
CP-0661,CASE-0650,PERSON-0282,ACCUSED,Subject of enquiry in Commercial Fraud and Embezzlement Syndicate at Bilaspur under IPC 420/406.
CP-0662,CASE-1100,PERSON-0872,PERSON_OF_INTEREST,Subject of enquiry in Commercial Fraud and Embezzlement Syndicate at Mumbai under IPC 420/406.
CP-0663,CASE-0601,PERSON-0070,SUSPECT,Subject of enquiry in Kidnapping and Extortion Case at Raipur under IPC 363/364A.
CP-0664,CASE-0113,PERSON-0992,ACCUSED,Subject of enquiry in Armed Robbery Incident at Delhi under IPC 392/397.
CP-0665,CASE-0281,PERSON-0743,ACCUSED,Subject of enquiry in Commercial Fraud and Embezzlement Syndicate at Kolkata under IPC 420/406.
CP-0666,CASE-0778,PERSON-0187,ACCUSED,Subject of enquiry in Targeted Homicide Investigation in Surat under IPC 302/120B.
CP-0667,CASE-0697,PERSON-0901,PERSON_OF_INTEREST,Subject of enquiry in Forged Documentation and Property Fraud in Bilaspur under IPC 467/468/471.
CP-0668,CASE-0153,PERSON-0574,ACCUSED,Subject of enquiry in Intimidation and Witness Tampering at Kolkata under IPC 506.
CP-0669,CASE-0154,PERSON-0541,ACCUSED,Subject of enquiry in Forged Documentation and Property Fraud in Chennai under IPC 467/468/471.
CP-0670,CASE-0615,PERSON-0447,SUSPECT,Subject of enquiry in Kidnapping and Extortion Case at Varanasi under IPC 363/364A.
CP-0671,CASE-0054,PERSON-0322,ACCUSED,Subject of enquiry in Armed Robbery Incident at Mumbai under IPC 392/397.
CP-0672,CASE-0379,PERSON-0759,SUSPECT,Subject of enquiry in Targeted Homicide Investigation in Delhi under IPC 302/120B.
CP-0673,CASE-0282,PERSON-0984,WITNESS,Subject of enquiry in Forged Documentation and Property Fraud in Bilaspur under IPC 467/468/471.
CP-0674,CASE-1235,PERSON-0644,SUSPECT,Subject of enquiry in Targeted Homicide Investigation in Durg under IPC 302/120B.
CP-0675,CASE-0743,PERSON-0147,SUSPECT,Subject of enquiry in Targeted Homicide Investigation in Mumbai under IPC 302/120B.
CP-0676,CASE-0542,PERSON-0817,ACCUSED,Subject of enquiry in Targeted Homicide Investigation in Delhi under IPC 302/120B.
CP-0677,CASE-0652,PERSON-0940,SUSPECT,Subject of enquiry in Targeted Homicide Investigation in Nagpur under IPC 302/120B.
CP-0678,CASE-0375,PERSON-0621,ASSOCIATE,Subject of enquiry in Commercial Fraud and Embezzlement Syndicate at Howrah under IPC 420/406.
CP-0679,CASE-1193,PERSON-0850,SUSPECT,Subject of enquiry in Forged Documentation and Property Fraud in Ahmedabad under IPC 467/468/471.
CP-0680,CASE-0475,PERSON-0081,ACCUSED,Subject of enquiry in Kidnapping and Extortion Case at Raipur under IPC 363/364A.
CP-0681,CASE-0638,PERSON-0892,WITNESS,Subject of enquiry in Physical Assault and Grievous Hurt Case at Bilaspur under IPC 323/325.
CP-0682,CASE-1109,PERSON-0965,SUSPECT,Subject of enquiry in Serial Asset and Vehicle Theft in Mumbai under IPC 379.
CP-0683,CASE-1125,PERSON-0988,WITNESS,Subject of enquiry in Targeted Homicide Investigation in Mumbai under IPC 302/120B.
CP-0684,CASE-1119,PERSON-0335,WITNESS,Subject of enquiry in Threat and Extortion Racket in Durg under IPC 384/386.
CP-0685,CASE-0610,PERSON-0133,PERSON_OF_INTEREST,Subject of enquiry in Serial Asset and Vehicle Theft in Siliguri under IPC 379.
CP-0686,CASE-0084,PERSON-0350,PERSON_OF_INTEREST,Subject of enquiry in Digital Identity Theft and Financial Scam at Mumbai under IT Act 66D / IPC 420.
CP-0687,CASE-0191,PERSON-0704,ACCUSED,Subject of enquiry in Physical Assault and Grievous Hurt Case at Varanasi under IPC 323/325.
CP-0688,CASE-0552,PERSON-0789,SUSPECT,Subject of enquiry in Commercial Fraud and Embezzlement Syndicate at Howrah under IPC 420/406.
CP-0689,CASE-0281,PERSON-0101,SUSPECT,Subject of enquiry in Commercial Fraud and Embezzlement Syndicate at Kolkata under IPC 420/406.
CP-0690,CASE-1205,PERSON-0035,SUSPECT,Subject of enquiry in Kidnapping and Extortion Case at Varanasi under IPC 363/364A.
CP-0691,CASE-0977,PERSON-0074,PERSON_OF_INTEREST,Subject of enquiry in Targeted Homicide Investigation in Delhi under IPC 302/120B.
CP-0692,CASE-0740,PERSON-0446,WITNESS,Subject of enquiry in Threat and Extortion Racket in Pune under IPC 384/386.
CP-0693,CASE-0219,PERSON-0301,ASSOCIATE,Subject of enquiry in Forged Documentation and Property Fraud in Delhi under IPC 467/468/471.
CP-0694,CASE-1211,PERSON-0993,WITNESS,Subject of enquiry in Digital Identity Theft and Financial Scam at Kolkata under IT Act 66D / IPC 420.
CP-0695,CASE-0508,PERSON-0114,ACCUSED,Subject of enquiry in Threat and Extortion Racket in Siliguri under IPC 384/386.
CP-0696,CASE-0345,PERSON-0220,REPORTING_PERSON,Subject of enquiry in Digital Identity Theft and Financial Scam at Lucknow under IT Act 66D / IPC 420.
CP-0697,CASE-1166,PERSON-0748,SUSPECT,Subject of enquiry in Threat and Extortion Racket in Bilaspur under IPC 384/386.
CP-0698,CASE-0035,PERSON-0512,ASSOCIATE,Subject of enquiry in Physical Assault and Grievous Hurt Case at Surat under IPC 323/325.
CP-0699,CASE-0260,PERSON-0204,REPORTING_PERSON,Subject of enquiry in Targeted Homicide Investigation in Pune under IPC 302/120B.
CP-0700,CASE-1044,PERSON-0275,PERSON_OF_INTEREST,Subject of enquiry in Digital Identity Theft and Financial Scam at Bilaspur under IT Act 66D / IPC 420.
CP-0701,CASE-0011,PERSON-0728,WITNESS,Subject of enquiry in Threat and Extortion Racket in Surat under IPC 384/386.
CP-0702,CASE-0560,PERSON-0621,REPORTING_PERSON,Subject of enquiry in Nocturnal Commercial Burglary in Delhi under IPC 457/380.
CP-0703,CASE-0385,PERSON-0535,WITNESS,Subject of enquiry in Digital Identity Theft and Financial Scam at Nagpur under IT Act 66D / IPC 420.
CP-0704,CASE-0488,PERSON-0091,PERSON_OF_INTEREST,Subject of enquiry in Forged Documentation and Property Fraud in Pune under IPC 467/468/471.
CP-0705,CASE-0433,PERSON-0658,REPORTING_PERSON,Subject of enquiry in Physical Assault and Grievous Hurt Case at Lucknow under IPC 323/325.
CP-0706,CASE-0796,PERSON-0228,WITNESS,Subject of enquiry in Threat and Extortion Racket in Siliguri under IPC 384/386.
CP-0707,CASE-0600,PERSON-0383,ASSOCIATE,Subject of enquiry in Armed Robbery Incident at Kolkata under IPC 392/397.
CP-0708,CASE-0829,PERSON-0635,PERSON_OF_INTEREST,Subject of enquiry in Targeted Homicide Investigation in Ahmedabad under IPC 302/120B.
CP-0709,CASE-1185,PERSON-0325,ACCUSED,Subject of enquiry in Threat and Extortion Racket in Kolkata under IPC 384/386.
CP-0710,CASE-0511,PERSON-0662,SUSPECT,Subject of enquiry in Serial Asset and Vehicle Theft in Lucknow under IPC 379.
CP-0711,CASE-0861,PERSON-0292,REPORTING_PERSON,Subject of enquiry in Threat and Extortion Racket in Kolkata under IPC 384/386.
CP-0712,CASE-1240,PERSON-0540,SUSPECT,Subject of enquiry in Forged Documentation and Property Fraud in Mumbai under IPC 467/468/471.
CP-0713,CASE-0235,PERSON-0446,WITNESS,Subject of enquiry in Digital Identity Theft and Financial Scam at Durg under IT Act 66D / IPC 420.
CP-0714,CASE-0392,PERSON-0795,ACCUSED,Subject of enquiry in Nocturnal Commercial Burglary in Ahmedabad under IPC 457/380.
CP-0715,CASE-0263,PERSON-0621,ASSOCIATE,Subject of enquiry in Armed Robbery Incident at Kolkata under IPC 392/397.
CP-0716,CASE-1189,PERSON-0153,REPORTING_PERSON,Subject of enquiry in Digital Identity Theft and Financial Scam at Bilaspur under IT Act 66D / IPC 420.
CP-0717,CASE-0510,PERSON-0166,REPORTING_PERSON,Subject of enquiry in Forged Documentation and Property Fraud in Mumbai under IPC 467/468/471.
CP-0718,CASE-0083,PERSON-0267,ASSOCIATE,Subject of enquiry in Serial Asset and Vehicle Theft in Varanasi under IPC 379.
CP-0719,CASE-0096,PERSON-0779,SUSPECT,Subject of enquiry in Armed Robbery Incident at Surat under IPC 392/397.
CP-0720,CASE-0809,PERSON-0167,ASSOCIATE,Subject of enquiry in Commercial Fraud and Embezzlement Syndicate at Durg under IPC 420/406.
CP-0721,CASE-0567,PERSON-0146,WITNESS,Subject of enquiry in Physical Assault and Grievous Hurt Case at Kolkata under IPC 323/325.
CP-0722,CASE-0006,PERSON-0698,ASSOCIATE,Subject of enquiry in Serial Asset and Vehicle Theft in Delhi under IPC 379.
CP-0723,CASE-0227,PERSON-0880,REPORTING_PERSON,Subject of enquiry in Armed Robbery Incident at Pune under IPC 392/397.
CP-0724,CASE-0029,PERSON-0454,SUSPECT,Subject of enquiry in Intimidation and Witness Tampering at Bilaspur under IPC 506.
CP-0725,CASE-0700,PERSON-0242,PERSON_OF_INTEREST,Subject of enquiry in Intimidation and Witness Tampering at Delhi under IPC 506.
CP-0726,CASE-0296,PERSON-0181,REPORTING_PERSON,Subject of enquiry in Forged Documentation and Property Fraud in Siliguri under IPC 467/468/471.
CP-0727,CASE-0253,PERSON-0920,ACCUSED,Subject of enquiry in Serial Asset and Vehicle Theft in Durg under IPC 379.
CP-0728,CASE-0666,PERSON-0451,PERSON_OF_INTEREST,Subject of enquiry in Serial Asset and Vehicle Theft in Delhi under IPC 379.
CP-0729,CASE-1063,PERSON-0727,ACCUSED,Subject of enquiry in Threat and Extortion Racket in Mumbai under IPC 384/386.
CP-0730,CASE-0909,PERSON-0710,ASSOCIATE,Subject of enquiry in Threat and Extortion Racket in Nagpur under IPC 384/386.
CP-0731,CASE-0299,PERSON-0242,PERSON_OF_INTEREST,Subject of enquiry in Armed Robbery Incident at Bilaspur under IPC 392/397.
CP-0732,CASE-0724,PERSON-0223,REPORTING_PERSON,Subject of enquiry in Targeted Homicide Investigation in Mumbai under IPC 302/120B.
CP-0733,CASE-0498,PERSON-0532,PERSON_OF_INTEREST,Subject of enquiry in Physical Assault and Grievous Hurt Case at Kolkata under IPC 323/325.
CP-0734,CASE-0561,PERSON-0478,SUSPECT,Subject of enquiry in Kidnapping and Extortion Case at Mumbai under IPC 363/364A.
CP-0735,CASE-0517,PERSON-0034,PERSON_OF_INTEREST,Subject of enquiry in Nocturnal Commercial Burglary in Delhi under IPC 457/380.
CP-0736,CASE-0950,PERSON-0193,SUSPECT,Subject of enquiry in Digital Identity Theft and Financial Scam at Howrah under IT Act 66D / IPC 420.
CP-0737,CASE-0123,PERSON-0797,PERSON_OF_INTEREST,Subject of enquiry in Serial Asset and Vehicle Theft in Kolkata under IPC 379.
CP-0738,CASE-1074,PERSON-0327,ASSOCIATE,Subject of enquiry in Armed Robbery Incident at Delhi under IPC 392/397.
CP-0739,CASE-0847,PERSON-0144,ACCUSED,Subject of enquiry in Commercial Fraud and Embezzlement Syndicate at Varanasi under IPC 420/406.
CP-0740,CASE-0289,PERSON-0321,ACCUSED,Subject of enquiry in Armed Robbery Incident at Delhi under IPC 392/397.
CP-0741,CASE-0363,PERSON-0467,SUSPECT,Subject of enquiry in Physical Assault and Grievous Hurt Case at Siliguri under IPC 323/325.
CP-0742,CASE-0970,PERSON-0835,WITNESS,Subject of enquiry in Forged Documentation and Property Fraud in Nagpur under IPC 467/468/471.
CP-0743,CASE-0134,PERSON-0631,PERSON_OF_INTEREST,Subject of enquiry in Armed Robbery Incident at Ahmedabad under IPC 392/397.
CP-0744,CASE-0713,PERSON-0341,REPORTING_PERSON,Subject of enquiry in Armed Robbery Incident at Raipur under IPC 392/397.
CP-0745,CASE-0460,PERSON-0491,ASSOCIATE,Subject of enquiry in Targeted Homicide Investigation in Surat under IPC 302/120B.
CP-0746,CASE-0565,PERSON-0890,PERSON_OF_INTEREST,Subject of enquiry in Physical Assault and Grievous Hurt Case at Kolkata under IPC 323/325.
CP-0747,CASE-0800,PERSON-0307,ASSOCIATE,Subject of enquiry in Intimidation and Witness Tampering at Kolkata under IPC 506.
CP-0748,CASE-0984,PERSON-0256,PERSON_OF_INTEREST,Subject of enquiry in Commercial Fraud and Embezzlement Syndicate at Mumbai under IPC 420/406.
CP-0749,CASE-0274,PERSON-0048,ASSOCIATE,Subject of enquiry in Commercial Fraud and Embezzlement Syndicate at Kolkata under IPC 420/406.
CP-0750,CASE-0996,PERSON-0424,ASSOCIATE,Subject of enquiry in Armed Robbery Incident at Kolkata under IPC 392/397.
CP-0751,CASE-1130,PERSON-0552,REPORTING_PERSON,Subject of enquiry in Commercial Fraud and Embezzlement Syndicate at Siliguri under IPC 420/406.
CP-0752,CASE-0297,PERSON-0143,ACCUSED,Subject of enquiry in Physical Assault and Grievous Hurt Case at Pune under IPC 323/325.
CP-0753,CASE-0760,PERSON-0565,ACCUSED,Subject of enquiry in Physical Assault and Grievous Hurt Case at Nagpur under IPC 323/325.
CP-0754,CASE-0203,PERSON-0309,REPORTING_PERSON,Subject of enquiry in Intimidation and Witness Tampering at Mumbai under IPC 506.
CP-0755,CASE-1058,PERSON-0849,ACCUSED,Subject of enquiry in Digital Identity Theft and Financial Scam at Bilaspur under IT Act 66D / IPC 420.
CP-0756,CASE-0827,PERSON-0051,SUSPECT,Subject of enquiry in Forged Documentation and Property Fraud in Kolkata under IPC 467/468/471.
CP-0757,CASE-1162,PERSON-0937,SUSPECT,Subject of enquiry in Targeted Homicide Investigation in Lucknow under IPC 302/120B.
CP-0758,CASE-0495,PERSON-0951,ACCUSED,Subject of enquiry in Serial Asset and Vehicle Theft in Durg under IPC 379.
CP-0759,CASE-0517,PERSON-0860,ASSOCIATE,Subject of enquiry in Nocturnal Commercial Burglary in Delhi under IPC 457/380.
CP-0760,CASE-1139,PERSON-0907,WITNESS,Subject of enquiry in Forged Documentation and Property Fraud in Delhi under IPC 467/468/471.
CP-0761,CASE-1177,PERSON-0849,WITNESS,Subject of enquiry in Intimidation and Witness Tampering at Mumbai under IPC 506.
CP-0762,CASE-0375,PERSON-0673,PERSON_OF_INTEREST,Subject of enquiry in Commercial Fraud and Embezzlement Syndicate at Howrah under IPC 420/406.
CP-0763,CASE-1083,PERSON-0034,ASSOCIATE,Subject of enquiry in Kidnapping and Extortion Case at Bilaspur under IPC 363/364A.
CP-0764,CASE-0041,PERSON-0366,REPORTING_PERSON,Subject of enquiry in Targeted Homicide Investigation in Bilaspur under IPC 302/120B.
CP-0765,CASE-1135,PERSON-0460,WITNESS,Subject of enquiry in Serial Asset and Vehicle Theft in Delhi under IPC 379.
CP-0766,CASE-0699,PERSON-0032,PERSON_OF_INTEREST,Subject of enquiry in Digital Identity Theft and Financial Scam at Nagpur under IT Act 66D / IPC 420.
CP-0767,CASE-0397,PERSON-0222,SUSPECT,Subject of enquiry in Kidnapping and Extortion Case at Raipur under IPC 363/364A.
CP-0768,CASE-0628,PERSON-0769,PERSON_OF_INTEREST,Subject of enquiry in Kidnapping and Extortion Case at Siliguri under IPC 363/364A.
CP-0769,CASE-0515,PERSON-0743,ACCUSED,Subject of enquiry in Targeted Homicide Investigation in Surat under IPC 302/120B.
CP-0770,CASE-1201,PERSON-0235,REPORTING_PERSON,Subject of enquiry in Commercial Fraud and Embezzlement Syndicate at Bilaspur under IPC 420/406.
CP-0771,CASE-0824,PERSON-0716,WITNESS,Subject of enquiry in Digital Identity Theft and Financial Scam at Durg under IT Act 66D / IPC 420.
CP-0772,CASE-1158,PERSON-0608,ACCUSED,Subject of enquiry in Forged Documentation and Property Fraud in Howrah under IPC 467/468/471.
CP-0773,CASE-0197,PERSON-0420,PERSON_OF_INTEREST,Subject of enquiry in Physical Assault and Grievous Hurt Case at Lucknow under IPC 323/325.
CP-0774,CASE-0402,PERSON-0942,ASSOCIATE,Subject of enquiry in Kidnapping and Extortion Case at Howrah under IPC 363/364A.
CP-0775,CASE-0666,PERSON-0077,ACCUSED,Subject of enquiry in Serial Asset and Vehicle Theft in Delhi under IPC 379.
CP-0776,CASE-0731,PERSON-0513,ASSOCIATE,Subject of enquiry in Nocturnal Commercial Burglary in Pune under IPC 457/380.
CP-0777,CASE-1091,PERSON-0372,PERSON_OF_INTEREST,Subject of enquiry in Commercial Fraud and Embezzlement Syndicate at Delhi under IPC 420/406.
CP-0778,CASE-0467,PERSON-0472,WITNESS,Subject of enquiry in Nocturnal Commercial Burglary in Delhi under IPC 457/380.
CP-0779,CASE-0034,PERSON-0737,SUSPECT,Subject of enquiry in Threat and Extortion Racket in Delhi under IPC 384/386.
CP-0780,CASE-0212,PERSON-0609,ASSOCIATE,Subject of enquiry in Digital Identity Theft and Financial Scam at Surat under IT Act 66D / IPC 420.
CP-0781,CASE-0474,PERSON-0451,SUSPECT,Subject of enquiry in Intimidation and Witness Tampering at Kolkata under IPC 506.
CP-0782,CASE-0420,PERSON-0509,PERSON_OF_INTEREST,Subject of enquiry in Targeted Homicide Investigation in Varanasi under IPC 302/120B.
CP-0783,CASE-1096,PERSON-0787,SUSPECT,Subject of enquiry in Nocturnal Commercial Burglary in Siliguri under IPC 457/380.
CP-0784,CASE-0211,PERSON-0728,WITNESS,Subject of enquiry in Physical Assault and Grievous Hurt Case at Raipur under IPC 323/325.
CP-0785,CASE-0904,PERSON-0766,ASSOCIATE,Subject of enquiry in Forged Documentation and Property Fraud in Howrah under IPC 467/468/471.
CP-0786,CASE-0453,PERSON-0786,ASSOCIATE,Subject of enquiry in Forged Documentation and Property Fraud in Delhi under IPC 467/468/471.
CP-0787,CASE-0448,PERSON-0410,SUSPECT,Subject of enquiry in Intimidation and Witness Tampering at Delhi under IPC 506.
CP-0788,CASE-0075,PERSON-0293,SUSPECT,Subject of enquiry in Armed Robbery Incident at Siliguri under IPC 392/397.
CP-0789,CASE-1204,PERSON-0449,SUSPECT,Subject of enquiry in Threat and Extortion Racket in Kolkata under IPC 384/386.
CP-0790,CASE-0575,PERSON-0689,WITNESS,Subject of enquiry in Threat and Extortion Racket in Delhi under IPC 384/386.
CP-0791,CASE-0922,PERSON-0945,ASSOCIATE,Subject of enquiry in Kidnapping and Extortion Case at Pune under IPC 363/364A.
CP-0792,CASE-0192,PERSON-0379,ASSOCIATE,Subject of enquiry in Armed Robbery Incident at Mumbai under IPC 392/397.
CP-0793,CASE-0244,PERSON-0126,ACCUSED,Subject of enquiry in Armed Robbery Incident at Bilaspur under IPC 392/397.
CP-0794,CASE-1226,PERSON-0580,REPORTING_PERSON,Subject of enquiry in Commercial Fraud and Embezzlement Syndicate at Raipur under IPC 420/406.
CP-0795,CASE-0494,PERSON-0076,PERSON_OF_INTEREST,Subject of enquiry in Forged Documentation and Property Fraud in Lucknow under IPC 467/468/471.
CP-0796,CASE-0568,PERSON-0585,ASSOCIATE,Subject of enquiry in Serial Asset and Vehicle Theft in Chennai under IPC 379.
CP-0797,CASE-0014,PERSON-0979,PERSON_OF_INTEREST,Subject of enquiry in Digital Identity Theft and Financial Scam at Delhi under IT Act 66D / IPC 420.
CP-0798,CASE-0444,PERSON-0845,PERSON_OF_INTEREST,Subject of enquiry in Armed Robbery Incident at Varanasi under IPC 392/397.
CP-0799,CASE-0678,PERSON-0133,SUSPECT,Subject of enquiry in Nocturnal Commercial Burglary in Lucknow under IPC 457/380.
CP-0800,CASE-1032,PERSON-0627,ASSOCIATE,Subject of enquiry in Nocturnal Commercial Burglary in Lucknow under IPC 457/380.
CP-0801,CASE-1179,PERSON-0315,SUSPECT,Subject of enquiry in Digital Identity Theft and Financial Scam at Nagpur under IT Act 66D / IPC 420.
CP-0802,CASE-0875,PERSON-0744,ACCUSED,Subject of enquiry in Intimidation and Witness Tampering at Mumbai under IPC 506.
CP-0803,CASE-0731,PERSON-0802,PERSON_OF_INTEREST,Subject of enquiry in Nocturnal Commercial Burglary in Pune under IPC 457/380.
CP-0804,CASE-1140,PERSON-0743,ASSOCIATE,Subject of enquiry in Physical Assault and Grievous Hurt Case at Delhi under IPC 323/325.
CP-0805,CASE-0056,PERSON-0787,SUSPECT,Subject of enquiry in Intimidation and Witness Tampering at Delhi under IPC 506.
CP-0806,CASE-1171,PERSON-0052,REPORTING_PERSON,Subject of enquiry in Kidnapping and Extortion Case at Durg under IPC 363/364A.
CP-0807,CASE-0564,PERSON-0228,ASSOCIATE,Subject of enquiry in Intimidation and Witness Tampering at Howrah under IPC 506.
CP-0808,CASE-0322,PERSON-0270,REPORTING_PERSON,Subject of enquiry in Serial Asset and Vehicle Theft in Surat under IPC 379.
CP-0809,CASE-0093,PERSON-0781,ASSOCIATE,Subject of enquiry in Intimidation and Witness Tampering at Durg under IPC 506.
CP-0810,CASE-0402,PERSON-0878,ASSOCIATE,Subject of enquiry in Kidnapping and Extortion Case at Howrah under IPC 363/364A.
CP-0811,CASE-0405,PERSON-0166,ACCUSED,Subject of enquiry in Intimidation and Witness Tampering at Surat under IPC 506.
CP-0812,CASE-0944,PERSON-0093,REPORTING_PERSON,Subject of enquiry in Forged Documentation and Property Fraud in Delhi under IPC 467/468/471.
CP-0813,CASE-0921,PERSON-0262,WITNESS,Subject of enquiry in Commercial Fraud and Embezzlement Syndicate at Varanasi under IPC 420/406.
CP-0814,CASE-0276,PERSON-0063,SUSPECT,Subject of enquiry in Digital Identity Theft and Financial Scam at Lucknow under IT Act 66D / IPC 420.
CP-0815,CASE-0419,PERSON-0406,REPORTING_PERSON,Subject of enquiry in Serial Asset and Vehicle Theft in Kolkata under IPC 379.
CP-0816,CASE-0614,PERSON-0885,REPORTING_PERSON,Subject of enquiry in Threat and Extortion Racket in Chennai under IPC 384/386.
CP-0817,CASE-0885,PERSON-0188,REPORTING_PERSON,Subject of enquiry in Nocturnal Commercial Burglary in Delhi under IPC 457/380.
CP-0818,CASE-0130,PERSON-0884,ASSOCIATE,Subject of enquiry in Armed Robbery Incident at Surat under IPC 392/397.
CP-0819,CASE-0971,PERSON-0418,SUSPECT,Subject of enquiry in Commercial Fraud and Embezzlement Syndicate at Siliguri under IPC 420/406.
CP-0820,CASE-0351,PERSON-0414,SUSPECT,Subject of enquiry in Serial Asset and Vehicle Theft in Surat under IPC 379.
CP-0821,CASE-1092,PERSON-0210,REPORTING_PERSON,Subject of enquiry in Intimidation and Witness Tampering at Mumbai under IPC 506.
CP-0822,CASE-0861,PERSON-0142,SUSPECT,Subject of enquiry in Threat and Extortion Racket in Kolkata under IPC 384/386.
CP-0823,CASE-0323,PERSON-0247,SUSPECT,Subject of enquiry in Intimidation and Witness Tampering at Surat under IPC 506.
CP-0824,CASE-0315,PERSON-0456,SUSPECT,Subject of enquiry in Targeted Homicide Investigation in Kolkata under IPC 302/120B.
CP-0825,CASE-0891,PERSON-0265,REPORTING_PERSON,Subject of enquiry in Intimidation and Witness Tampering at Bilaspur under IPC 506.
CP-0826,CASE-0341,PERSON-0303,REPORTING_PERSON,Subject of enquiry in Commercial Fraud and Embezzlement Syndicate at Siliguri under IPC 420/406.
CP-0827,CASE-1066,PERSON-0761,WITNESS,Subject of enquiry in Serial Asset and Vehicle Theft in Delhi under IPC 379.
CP-0828,CASE-1088,PERSON-0953,WITNESS,Subject of enquiry in Forged Documentation and Property Fraud in Pune under IPC 467/468/471.
CP-0829,CASE-1200,PERSON-0368,PERSON_OF_INTEREST,Subject of enquiry in Targeted Homicide Investigation in Mumbai under IPC 302/120B.
CP-0830,CASE-0323,PERSON-0879,WITNESS,Subject of enquiry in Intimidation and Witness Tampering at Surat under IPC 506.
CP-0831,CASE-1092,PERSON-0707,WITNESS,Subject of enquiry in Intimidation and Witness Tampering at Mumbai under IPC 506.
CP-0832,CASE-0442,PERSON-0490,PERSON_OF_INTEREST,Subject of enquiry in Forged Documentation and Property Fraud in Surat under IPC 467/468/471.
CP-0833,CASE-0353,PERSON-0656,PERSON_OF_INTEREST,Subject of enquiry in Nocturnal Commercial Burglary in Kolkata under IPC 457/380.
CP-0834,CASE-0572,PERSON-0354,ACCUSED,Subject of enquiry in Kidnapping and Extortion Case at Surat under IPC 363/364A.
CP-0835,CASE-1242,PERSON-0250,REPORTING_PERSON,Subject of enquiry in Kidnapping and Extortion Case at Pune under IPC 363/364A.
CP-0836,CASE-0042,PERSON-0231,PERSON_OF_INTEREST,Subject of enquiry in Physical Assault and Grievous Hurt Case at Delhi under IPC 323/325.
CP-0837,CASE-0606,PERSON-0415,WITNESS,Subject of enquiry in Intimidation and Witness Tampering at Mumbai under IPC 506.
CP-0838,CASE-0953,PERSON-0980,SUSPECT,Subject of enquiry in Threat and Extortion Racket in Surat under IPC 384/386.
CP-0839,CASE-1191,PERSON-0149,REPORTING_PERSON,Subject of enquiry in Forged Documentation and Property Fraud in Bilaspur under IPC 467/468/471.
CP-0840,CASE-0260,PERSON-0953,SUSPECT,Subject of enquiry in Targeted Homicide Investigation in Pune under IPC 302/120B.
CP-0841,CASE-0471,PERSON-0785,REPORTING_PERSON,Subject of enquiry in Nocturnal Commercial Burglary in Raipur under IPC 457/380.
CP-0842,CASE-1093,PERSON-0908,SUSPECT,Subject of enquiry in Armed Robbery Incident at Delhi under IPC 392/397.
CP-0843,CASE-1148,PERSON-0521,PERSON_OF_INTEREST,Subject of enquiry in Nocturnal Commercial Burglary in Pune under IPC 457/380.
CP-0844,CASE-1190,PERSON-0760,REPORTING_PERSON,Subject of enquiry in Threat and Extortion Racket in Kolkata under IPC 384/386.
CP-0845,CASE-0277,PERSON-0085,WITNESS,Subject of enquiry in Serial Asset and Vehicle Theft in Siliguri under IPC 379.
CP-0846,CASE-0369,PERSON-0582,ASSOCIATE,Subject of enquiry in Threat and Extortion Racket in Mumbai under IPC 384/386.
CP-0847,CASE-0259,PERSON-0277,SUSPECT,Subject of enquiry in Armed Robbery Incident at Howrah under IPC 392/397.
CP-0848,CASE-1042,PERSON-0909,WITNESS,Subject of enquiry in Targeted Homicide Investigation in Kolkata under IPC 302/120B.
CP-0849,CASE-1114,PERSON-0936,SUSPECT,Subject of enquiry in Forged Documentation and Property Fraud in Varanasi under IPC 467/468/471.
CP-0850,CASE-0495,PERSON-0582,WITNESS,Subject of enquiry in Serial Asset and Vehicle Theft in Durg under IPC 379.
CP-0851,CASE-0172,PERSON-0378,WITNESS,Subject of enquiry in Armed Robbery Incident at Pune under IPC 392/397.
CP-0852,CASE-1101,PERSON-0126,ACCUSED,Subject of enquiry in Threat and Extortion Racket in Delhi under IPC 384/386.
CP-0853,CASE-0535,PERSON-0371,WITNESS,Subject of enquiry in Threat and Extortion Racket in Nagpur under IPC 384/386.
CP-0854,CASE-0279,PERSON-0878,ASSOCIATE,Subject of enquiry in Intimidation and Witness Tampering at Ahmedabad under IPC 506.
CP-0855,CASE-0091,PERSON-0468,PERSON_OF_INTEREST,Subject of enquiry in Nocturnal Commercial Burglary in Delhi under IPC 457/380.
CP-0856,CASE-0421,PERSON-0174,ASSOCIATE,Subject of enquiry in Threat and Extortion Racket in Delhi under IPC 384/386.
CP-0857,CASE-0184,PERSON-0561,ASSOCIATE,Subject of enquiry in Forged Documentation and Property Fraud in Nagpur under IPC 467/468/471.
CP-0858,CASE-0906,PERSON-0104,PERSON_OF_INTEREST,Subject of enquiry in Threat and Extortion Racket in Surat under IPC 384/386.
CP-0859,CASE-1120,PERSON-0113,REPORTING_PERSON,Subject of enquiry in Targeted Homicide Investigation in Kolkata under IPC 302/120B.
CP-0860,CASE-0660,PERSON-0502,ASSOCIATE,Subject of enquiry in Threat and Extortion Racket in Raipur under IPC 384/386.
CP-0861,CASE-0566,PERSON-0898,ACCUSED,Subject of enquiry in Threat and Extortion Racket in Pune under IPC 384/386.
CP-0862,CASE-0062,PERSON-0064,SUSPECT,Subject of enquiry in Threat and Extortion Racket in Delhi under IPC 384/386.
CP-0863,CASE-0056,PERSON-0824,REPORTING_PERSON,Subject of enquiry in Intimidation and Witness Tampering at Delhi under IPC 506.
CP-0864,CASE-0050,PERSON-0914,REPORTING_PERSON,Subject of enquiry in Targeted Homicide Investigation in Mumbai under IPC 302/120B.
CP-0865,CASE-0063,PERSON-0116,ACCUSED,Subject of enquiry in Intimidation and Witness Tampering at Delhi under IPC 506.
CP-0866,CASE-0338,PERSON-0806,REPORTING_PERSON,Subject of enquiry in Commercial Fraud and Embezzlement Syndicate at Kolkata under IPC 420/406.
CP-0867,CASE-1200,PERSON-0114,SUSPECT,Subject of enquiry in Targeted Homicide Investigation in Mumbai under IPC 302/120B.
CP-0868,CASE-0390,PERSON-0523,SUSPECT,Subject of enquiry in Armed Robbery Incident at Kolkata under IPC 392/397.
CP-0869,CASE-0900,PERSON-0833,WITNESS,Subject of enquiry in Forged Documentation and Property Fraud in Delhi under IPC 467/468/471.
CP-0870,CASE-0761,PERSON-0089,REPORTING_PERSON,Subject of enquiry in Serial Asset and Vehicle Theft in Delhi under IPC 379.
CP-0871,CASE-1239,PERSON-0057,REPORTING_PERSON,Subject of enquiry in Commercial Fraud and Embezzlement Syndicate at Kolkata under IPC 420/406.
CP-0872,CASE-0307,PERSON-0392,ACCUSED,Subject of enquiry in Forged Documentation and Property Fraud in Nagpur under IPC 467/468/471.
CP-0873,CASE-0777,PERSON-0719,SUSPECT,Subject of enquiry in Intimidation and Witness Tampering at Kolkata under IPC 506.
CP-0874,CASE-1033,PERSON-0692,ACCUSED,Subject of enquiry in Digital Identity Theft and Financial Scam at Kolkata under IT Act 66D / IPC 420.
CP-0875,CASE-0599,PERSON-0298,ASSOCIATE,Subject of enquiry in Nocturnal Commercial Burglary in Surat under IPC 457/380.
CP-0876,CASE-0175,PERSON-0589,ASSOCIATE,Subject of enquiry in Targeted Homicide Investigation in Delhi under IPC 302/120B.
CP-0877,CASE-1230,PERSON-0715,WITNESS,Subject of enquiry in Nocturnal Commercial Burglary in Kolkata under IPC 457/380.
CP-0878,CASE-1106,PERSON-0519,ACCUSED,Subject of enquiry in Nocturnal Commercial Burglary in Siliguri under IPC 457/380.
CP-0879,CASE-1006,PERSON-0565,SUSPECT,Subject of enquiry in Nocturnal Commercial Burglary in Nagpur under IPC 457/380.
CP-0880,CASE-0309,PERSON-0210,ACCUSED,Subject of enquiry in Targeted Homicide Investigation in Ahmedabad under IPC 302/120B.
CP-0881,CASE-1027,PERSON-0667,SUSPECT,Subject of enquiry in Targeted Homicide Investigation in Siliguri under IPC 302/120B.
CP-0882,CASE-0644,PERSON-0419,PERSON_OF_INTEREST,Subject of enquiry in Kidnapping and Extortion Case at Ahmedabad under IPC 363/364A.
CP-0883,CASE-0083,PERSON-0550,PERSON_OF_INTEREST,Subject of enquiry in Serial Asset and Vehicle Theft in Varanasi under IPC 379.
CP-0884,CASE-0958,PERSON-0057,SUSPECT,Subject of enquiry in Serial Asset and Vehicle Theft in Chennai under IPC 379.
CP-0885,CASE-1228,PERSON-0081,SUSPECT,Subject of enquiry in Targeted Homicide Investigation in Siliguri under IPC 302/120B.
CP-0886,CASE-0536,PERSON-0938,ASSOCIATE,Subject of enquiry in Forged Documentation and Property Fraud in Kolkata under IPC 467/468/471.
CP-0887,CASE-0774,PERSON-0384,REPORTING_PERSON,Subject of enquiry in Kidnapping and Extortion Case at Chennai under IPC 363/364A.
CP-0888,CASE-0700,PERSON-0121,ACCUSED,Subject of enquiry in Intimidation and Witness Tampering at Delhi under IPC 506.
CP-0889,CASE-1057,PERSON-0312,WITNESS,Subject of enquiry in Commercial Fraud and Embezzlement Syndicate at Kolkata under IPC 420/406.
CP-0890,CASE-0308,PERSON-0445,PERSON_OF_INTEREST,Subject of enquiry in Commercial Fraud and Embezzlement Syndicate at Kolkata under IPC 420/406.
CP-0891,CASE-1154,PERSON-0156,ASSOCIATE,Subject of enquiry in Digital Identity Theft and Financial Scam at Mumbai under IT Act 66D / IPC 420.
CP-0892,CASE-0846,PERSON-0183,ACCUSED,Subject of enquiry in Commercial Fraud and Embezzlement Syndicate at Pune under IPC 420/406.
CP-0893,CASE-1048,PERSON-0264,ACCUSED,Subject of enquiry in Armed Robbery Incident at Ahmedabad under IPC 392/397.
CP-0894,CASE-0757,PERSON-0708,SUSPECT,Subject of enquiry in Commercial Fraud and Embezzlement Syndicate at Delhi under IPC 420/406.
CP-0895,CASE-0750,PERSON-0348,ASSOCIATE,Subject of enquiry in Intimidation and Witness Tampering at Pune under IPC 506.
CP-0896,CASE-1182,PERSON-0415,REPORTING_PERSON,Subject of enquiry in Threat and Extortion Racket in Kolkata under IPC 384/386.
CP-0897,CASE-0086,PERSON-0596,REPORTING_PERSON,Subject of enquiry in Commercial Fraud and Embezzlement Syndicate at Kolkata under IPC 420/406.
CP-0898,CASE-0081,PERSON-0671,PERSON_OF_INTEREST,Subject of enquiry in Threat and Extortion Racket in Nagpur under IPC 384/386.
CP-0899,CASE-0109,PERSON-0447,ASSOCIATE,Subject of enquiry in Nocturnal Commercial Burglary in Siliguri under IPC 457/380.
CP-0900,CASE-0493,PERSON-0451,WITNESS,Subject of enquiry in Intimidation and Witness Tampering at Surat under IPC 506.
CP-0901,CASE-1144,PERSON-0502,WITNESS,Subject of enquiry in Kidnapping and Extortion Case at Bilaspur under IPC 363/364A.
CP-0902,CASE-0728,PERSON-0836,SUSPECT,Subject of enquiry in Intimidation and Witness Tampering at Nagpur under IPC 506.
CP-0903,CASE-1077,PERSON-0220,ASSOCIATE,Subject of enquiry in Commercial Fraud and Embezzlement Syndicate at Kolkata under IPC 420/406.
CP-0904,CASE-0133,PERSON-0093,ACCUSED,Subject of enquiry in Physical Assault and Grievous Hurt Case at Howrah under IPC 323/325.
CP-0905,CASE-0097,PERSON-0981,SUSPECT,Subject of enquiry in Forged Documentation and Property Fraud in Nagpur under IPC 467/468/471.
CP-0906,CASE-0803,PERSON-0289,WITNESS,Subject of enquiry in Targeted Homicide Investigation in Mumbai under IPC 302/120B.
CP-0907,CASE-0255,PERSON-0942,WITNESS,Subject of enquiry in Commercial Fraud and Embezzlement Syndicate at Varanasi under IPC 420/406.
CP-0908,CASE-1084,PERSON-0787,SUSPECT,Subject of enquiry in Digital Identity Theft and Financial Scam at Durg under IT Act 66D / IPC 420.
CP-0909,CASE-0536,PERSON-0671,REPORTING_PERSON,Subject of enquiry in Forged Documentation and Property Fraud in Kolkata under IPC 467/468/471.
CP-0910,CASE-0530,PERSON-0908,REPORTING_PERSON,Subject of enquiry in Kidnapping and Extortion Case at Nagpur under IPC 363/364A.
CP-0911,CASE-0364,PERSON-0591,PERSON_OF_INTEREST,Subject of enquiry in Intimidation and Witness Tampering at Siliguri under IPC 506.
CP-0912,CASE-1021,PERSON-0932,ASSOCIATE,Subject of enquiry in Armed Robbery Incident at Chennai under IPC 392/397.
CP-0913,CASE-1057,PERSON-0229,PERSON_OF_INTEREST,Subject of enquiry in Commercial Fraud and Embezzlement Syndicate at Kolkata under IPC 420/406.
CP-0914,CASE-0385,PERSON-0572,REPORTING_PERSON,Subject of enquiry in Digital Identity Theft and Financial Scam at Nagpur under IT Act 66D / IPC 420.
CP-0915,CASE-0132,PERSON-0440,ACCUSED,Subject of enquiry in Threat and Extortion Racket in Pune under IPC 384/386.
CP-0916,CASE-0497,PERSON-0189,REPORTING_PERSON,Subject of enquiry in Armed Robbery Incident at Nagpur under IPC 392/397.
CP-0917,CASE-0135,PERSON-0175,REPORTING_PERSON,Subject of enquiry in Digital Identity Theft and Financial Scam at Delhi under IT Act 66D / IPC 420.
CP-0918,CASE-0820,PERSON-0664,REPORTING_PERSON,Subject of enquiry in Kidnapping and Extortion Case at Delhi under IPC 363/364A.
CP-0919,CASE-0605,PERSON-0774,ASSOCIATE,Subject of enquiry in Threat and Extortion Racket in Delhi under IPC 384/386.
CP-0920,CASE-1069,PERSON-0616,REPORTING_PERSON,Subject of enquiry in Nocturnal Commercial Burglary in Bilaspur under IPC 457/380.
CP-0921,CASE-0630,PERSON-0448,ACCUSED,Subject of enquiry in Threat and Extortion Racket in Durg under IPC 384/386.
CP-0922,CASE-0325,PERSON-0052,ASSOCIATE,Subject of enquiry in Kidnapping and Extortion Case at Durg under IPC 363/364A.
CP-0923,CASE-0860,PERSON-0805,REPORTING_PERSON,Subject of enquiry in Forged Documentation and Property Fraud in Bilaspur under IPC 467/468/471.
CP-0924,CASE-0268,PERSON-0408,REPORTING_PERSON,Subject of enquiry in Nocturnal Commercial Burglary in Ahmedabad under IPC 457/380.
CP-0925,CASE-1083,PERSON-0472,ASSOCIATE,Subject of enquiry in Kidnapping and Extortion Case at Bilaspur under IPC 363/364A.
CP-0926,CASE-0214,PERSON-0348,ACCUSED,Subject of enquiry in Forged Documentation and Property Fraud in Kolkata under IPC 467/468/471.
CP-0927,CASE-0169,PERSON-0504,SUSPECT,Subject of enquiry in Armed Robbery Incident at Kolkata under IPC 392/397.
CP-0928,CASE-0800,PERSON-0329,REPORTING_PERSON,Subject of enquiry in Intimidation and Witness Tampering at Kolkata under IPC 506.
CP-0929,CASE-0799,PERSON-0191,ACCUSED,Subject of enquiry in Nocturnal Commercial Burglary in Bilaspur under IPC 457/380.
CP-0930,CASE-0766,PERSON-0806,ACCUSED,Subject of enquiry in Threat and Extortion Racket in Howrah under IPC 384/386.
CP-0931,CASE-0087,PERSON-0222,PERSON_OF_INTEREST,Subject of enquiry in Digital Identity Theft and Financial Scam at Siliguri under IT Act 66D / IPC 420.
CP-0932,CASE-0470,PERSON-0769,REPORTING_PERSON,Subject of enquiry in Threat and Extortion Racket in Mumbai under IPC 384/386.
CP-0933,CASE-0756,PERSON-0379,WITNESS,Subject of enquiry in Nocturnal Commercial Burglary in Bilaspur under IPC 457/380.
CP-0934,CASE-0383,PERSON-0331,ASSOCIATE,Subject of enquiry in Serial Asset and Vehicle Theft in Surat under IPC 379.
CP-0935,CASE-0048,PERSON-0715,SUSPECT,Subject of enquiry in Kidnapping and Extortion Case at Nagpur under IPC 363/364A.
CP-0936,CASE-0963,PERSON-0417,ACCUSED,Subject of enquiry in Physical Assault and Grievous Hurt Case at Delhi under IPC 323/325.
CP-0937,CASE-0843,PERSON-0842,ACCUSED,Subject of enquiry in Threat and Extortion Racket in Delhi under IPC 384/386.
CP-0938,CASE-0596,PERSON-0556,WITNESS,Subject of enquiry in Targeted Homicide Investigation in Varanasi under IPC 302/120B.
CP-0939,CASE-1087,PERSON-0548,SUSPECT,Subject of enquiry in Forged Documentation and Property Fraud in Howrah under IPC 467/468/471.
CP-0940,CASE-0463,PERSON-0779,SUSPECT,Subject of enquiry in Forged Documentation and Property Fraud in Chennai under IPC 467/468/471.
CP-0941,CASE-0755,PERSON-0278,WITNESS,Subject of enquiry in Serial Asset and Vehicle Theft in Nagpur under IPC 379.
CP-0942,CASE-1026,PERSON-0562,ASSOCIATE,Subject of enquiry in Digital Identity Theft and Financial Scam at Pune under IT Act 66D / IPC 420.
CP-0943,CASE-0565,PERSON-0370,REPORTING_PERSON,Subject of enquiry in Physical Assault and Grievous Hurt Case at Kolkata under IPC 323/325.
CP-0944,CASE-0275,PERSON-0507,WITNESS,Subject of enquiry in Targeted Homicide Investigation in Delhi under IPC 302/120B.
CP-0945,CASE-0127,PERSON-0720,REPORTING_PERSON,Subject of enquiry in Targeted Homicide Investigation in Lucknow under IPC 302/120B.
CP-0946,CASE-0697,PERSON-0069,ACCUSED,Subject of enquiry in Forged Documentation and Property Fraud in Bilaspur under IPC 467/468/471.
CP-0947,CASE-0118,PERSON-0904,ACCUSED,Subject of enquiry in Physical Assault and Grievous Hurt Case at Varanasi under IPC 323/325.
CP-0948,CASE-0490,PERSON-0240,ASSOCIATE,Subject of enquiry in Digital Identity Theft and Financial Scam at Delhi under IT Act 66D / IPC 420.
CP-0949,CASE-0428,PERSON-0814,ACCUSED,Subject of enquiry in Armed Robbery Incident at Siliguri under IPC 392/397.
CP-0950,CASE-0398,PERSON-0879,WITNESS,Subject of enquiry in Nocturnal Commercial Burglary in Delhi under IPC 457/380.
CP-0951,CASE-0528,PERSON-0632,ACCUSED,Subject of enquiry in Physical Assault and Grievous Hurt Case at Surat under IPC 323/325.
CP-0952,CASE-0251,PERSON-0435,REPORTING_PERSON,Subject of enquiry in Serial Asset and Vehicle Theft in Howrah under IPC 379.
CP-0953,CASE-0455,PERSON-0857,ASSOCIATE,Subject of enquiry in Serial Asset and Vehicle Theft in Kolkata under IPC 379.
CP-0954,CASE-0210,PERSON-0123,SUSPECT,Subject of enquiry in Armed Robbery Incident at Raipur under IPC 392/397.
CP-0955,CASE-1229,PERSON-0496,WITNESS,Subject of enquiry in Serial Asset and Vehicle Theft in Siliguri under IPC 379.
CP-0956,CASE-0956,PERSON-0769,SUSPECT,Subject of enquiry in Serial Asset and Vehicle Theft in Surat under IPC 379.
CP-0957,CASE-1115,PERSON-0080,WITNESS,Subject of enquiry in Digital Identity Theft and Financial Scam at Chennai under IT Act 66D / IPC 420.
CP-0958,CASE-0407,PERSON-0277,WITNESS,Subject of enquiry in Serial Asset and Vehicle Theft in Varanasi under IPC 379.
CP-0959,CASE-0188,PERSON-0677,REPORTING_PERSON,Subject of enquiry in Nocturnal Commercial Burglary in Delhi under IPC 457/380.
CP-0960,CASE-0406,PERSON-0535,ASSOCIATE,Subject of enquiry in Forged Documentation and Property Fraud in Lucknow under IPC 467/468/471.
CP-0961,CASE-0276,PERSON-0445,REPORTING_PERSON,Subject of enquiry in Digital Identity Theft and Financial Scam at Lucknow under IT Act 66D / IPC 420.
CP-0962,CASE-0662,PERSON-0262,SUSPECT,Subject of enquiry in Forged Documentation and Property Fraud in Nagpur under IPC 467/468/471.
CP-0963,CASE-0833,PERSON-0906,SUSPECT,Subject of enquiry in Commercial Fraud and Embezzlement Syndicate at Lucknow under IPC 420/406.
CP-0964,CASE-0158,PERSON-0116,WITNESS,Subject of enquiry in Intimidation and Witness Tampering at Chennai under IPC 506.
CP-0965,CASE-1035,PERSON-0539,ACCUSED,Subject of enquiry in Digital Identity Theft and Financial Scam at Kolkata under IT Act 66D / IPC 420.
CP-0966,CASE-0798,PERSON-0128,PERSON_OF_INTEREST,Subject of enquiry in Intimidation and Witness Tampering at Pune under IPC 506.
CP-0967,CASE-1026,PERSON-0909,PERSON_OF_INTEREST,Subject of enquiry in Digital Identity Theft and Financial Scam at Pune under IT Act 66D / IPC 420.
CP-0968,CASE-1132,PERSON-0768,WITNESS,Subject of enquiry in Intimidation and Witness Tampering at Nagpur under IPC 506.
CP-0969,CASE-0018,PERSON-0041,ASSOCIATE,Subject of enquiry in Commercial Fraud and Embezzlement Syndicate at Howrah under IPC 420/406.
CP-0970,CASE-0428,PERSON-0871,SUSPECT,Subject of enquiry in Armed Robbery Incident at Siliguri under IPC 392/397.
CP-0971,CASE-0061,PERSON-0631,SUSPECT,Subject of enquiry in Digital Identity Theft and Financial Scam at Delhi under IT Act 66D / IPC 420.
CP-0972,CASE-0686,PERSON-0828,PERSON_OF_INTEREST,Subject of enquiry in Commercial Fraud and Embezzlement Syndicate at Nagpur under IPC 420/406.
CP-0973,CASE-0230,PERSON-0593,ASSOCIATE,Subject of enquiry in Serial Asset and Vehicle Theft in Nagpur under IPC 379.
CP-0974,CASE-1224,PERSON-0567,SUSPECT,Subject of enquiry in Targeted Homicide Investigation in Mumbai under IPC 302/120B.
CP-0975,CASE-0501,PERSON-0735,PERSON_OF_INTEREST,Subject of enquiry in Forged Documentation and Property Fraud in Delhi under IPC 467/468/471.
CP-0976,CASE-0684,PERSON-0514,REPORTING_PERSON,Subject of enquiry in Nocturnal Commercial Burglary in Varanasi under IPC 457/380.
CP-0977,CASE-1019,PERSON-0301,REPORTING_PERSON,Subject of enquiry in Forged Documentation and Property Fraud in Siliguri under IPC 467/468/471.
CP-0978,CASE-0581,PERSON-0873,WITNESS,Subject of enquiry in Kidnapping and Extortion Case at Mumbai under IPC 363/364A.
CP-0979,CASE-0246,PERSON-0773,PERSON_OF_INTEREST,Subject of enquiry in Kidnapping and Extortion Case at Surat under IPC 363/364A.
CP-0980,CASE-0007,PERSON-0934,WITNESS,Subject of enquiry in Commercial Fraud and Embezzlement Syndicate at Mumbai under IPC 420/406.
CP-0981,CASE-0438,PERSON-0432,ACCUSED,Subject of enquiry in Threat and Extortion Racket in Kolkata under IPC 384/386.
CP-0982,CASE-1249,PERSON-0842,ACCUSED,Subject of enquiry in Forged Documentation and Property Fraud in Siliguri under IPC 467/468/471.
CP-0983,CASE-0275,PERSON-0938,SUSPECT,Subject of enquiry in Targeted Homicide Investigation in Delhi under IPC 302/120B.
CP-0984,CASE-0157,PERSON-0349,WITNESS,Subject of enquiry in Nocturnal Commercial Burglary in Kolkata under IPC 457/380.
CP-0985,CASE-0146,PERSON-0858,SUSPECT,Subject of enquiry in Serial Asset and Vehicle Theft in Kolkata under IPC 379.
CP-0986,CASE-1078,PERSON-0685,WITNESS,Subject of enquiry in Threat and Extortion Racket in Mumbai under IPC 384/386.
CP-0987,CASE-0588,PERSON-0142,WITNESS,Subject of enquiry in Kidnapping and Extortion Case at Delhi under IPC 363/364A.
CP-0988,CASE-0599,PERSON-0262,ASSOCIATE,Subject of enquiry in Nocturnal Commercial Burglary in Surat under IPC 457/380.
CP-0989,CASE-0814,PERSON-0573,PERSON_OF_INTEREST,Subject of enquiry in Nocturnal Commercial Burglary in Raipur under IPC 457/380.
CP-0990,CASE-0703,PERSON-0889,SUSPECT,Subject of enquiry in Digital Identity Theft and Financial Scam at Delhi under IT Act 66D / IPC 420.
CP-0991,CASE-1202,PERSON-0173,PERSON_OF_INTEREST,Subject of enquiry in Serial Asset and Vehicle Theft in Durg under IPC 379.
CP-0992,CASE-0399,PERSON-0205,REPORTING_PERSON,Subject of enquiry in Targeted Homicide Investigation in Chennai under IPC 302/120B.
CP-0993,CASE-0323,PERSON-0995,ASSOCIATE,Subject of enquiry in Intimidation and Witness Tampering at Surat under IPC 506.
CP-0994,CASE-1243,PERSON-0647,WITNESS,Subject of enquiry in Nocturnal Commercial Burglary in Chennai under IPC 457/380.
CP-0995,CASE-0303,PERSON-0106,ASSOCIATE,Subject of enquiry in Kidnapping and Extortion Case at Kolkata under IPC 363/364A.
CP-0996,CASE-0925,PERSON-0312,ACCUSED,Subject of enquiry in Kidnapping and Extortion Case at Nagpur under IPC 363/364A.
CP-0997,CASE-0692,PERSON-0459,SUSPECT,Subject of enquiry in Targeted Homicide Investigation in Siliguri under IPC 302/120B.
CP-0998,CASE-0189,PERSON-0292,SUSPECT,Subject of enquiry in Physical Assault and Grievous Hurt Case at Delhi under IPC 323/325.
CP-0999,CASE-0603,PERSON-0164,WITNESS,Subject of enquiry in Nocturnal Commercial Burglary in Raipur under IPC 457/380.
CP-1000,CASE-1098,PERSON-0448,REPORTING_PERSON,Subject of enquiry in Nocturnal Commercial Burglary in Kolkata under IPC 457/380.
CP-1001,CASE-0088,PERSON-0880,ACCUSED,Subject of enquiry in Nocturnal Commercial Burglary in Ahmedabad under IPC 457/380.
CP-1002,CASE-0044,PERSON-0827,ACCUSED,Subject of enquiry in Digital Identity Theft and Financial Scam at Durg under IT Act 66D / IPC 420.
CP-1003,CASE-0487,PERSON-0535,PERSON_OF_INTEREST,Subject of enquiry in Digital Identity Theft and Financial Scam at Lucknow under IT Act 66D / IPC 420.
CP-1004,CASE-0878,PERSON-0476,REPORTING_PERSON,Subject of enquiry in Physical Assault and Grievous Hurt Case at Kolkata under IPC 323/325.
CP-1005,CASE-0095,PERSON-0562,REPORTING_PERSON,Subject of enquiry in Forged Documentation and Property Fraud in Delhi under IPC 467/468/471.
CP-1006,CASE-0197,PERSON-0150,REPORTING_PERSON,Subject of enquiry in Physical Assault and Grievous Hurt Case at Lucknow under IPC 323/325.
CP-1007,CASE-0264,PERSON-0467,SUSPECT,Subject of enquiry in Kidnapping and Extortion Case at Kolkata under IPC 363/364A.
CP-1008,CASE-0087,PERSON-0997,ASSOCIATE,Subject of enquiry in Digital Identity Theft and Financial Scam at Siliguri under IT Act 66D / IPC 420.
CP-1009,CASE-0114,PERSON-0563,ASSOCIATE,Subject of enquiry in Physical Assault and Grievous Hurt Case at Mumbai under IPC 323/325.
CP-1010,CASE-0740,PERSON-0430,PERSON_OF_INTEREST,Subject of enquiry in Threat and Extortion Racket in Pune under IPC 384/386.
CP-1011,CASE-1245,PERSON-0121,SUSPECT,Subject of enquiry in Physical Assault and Grievous Hurt Case at Bilaspur under IPC 323/325.
CP-1012,CASE-0792,PERSON-0188,REPORTING_PERSON,Subject of enquiry in Physical Assault and Grievous Hurt Case at Howrah under IPC 323/325.
CP-1013,CASE-0934,PERSON-0105,ACCUSED,Subject of enquiry in Threat and Extortion Racket in Durg under IPC 384/386.
CP-1014,CASE-0436,PERSON-0133,ASSOCIATE,Subject of enquiry in Serial Asset and Vehicle Theft in Nagpur under IPC 379.
CP-1015,CASE-0448,PERSON-0291,ACCUSED,Subject of enquiry in Intimidation and Witness Tampering at Delhi under IPC 506.
CP-1016,CASE-0729,PERSON-0084,PERSON_OF_INTEREST,Subject of enquiry in Intimidation and Witness Tampering at Mumbai under IPC 506.
CP-1017,CASE-1043,PERSON-0594,ASSOCIATE,Subject of enquiry in Threat and Extortion Racket in Varanasi under IPC 384/386.
CP-1018,CASE-0894,PERSON-0616,SUSPECT,Subject of enquiry in Physical Assault and Grievous Hurt Case at Varanasi under IPC 323/325.
CP-1019,CASE-0995,PERSON-0672,PERSON_OF_INTEREST,Subject of enquiry in Digital Identity Theft and Financial Scam at Kolkata under IT Act 66D / IPC 420.
CP-1020,CASE-0870,PERSON-0812,WITNESS,Subject of enquiry in Targeted Homicide Investigation in Chennai under IPC 302/120B.
CP-1021,CASE-0293,PERSON-0667,ASSOCIATE,Subject of enquiry in Nocturnal Commercial Burglary in Raipur under IPC 457/380.
CP-1022,CASE-1075,PERSON-0882,ACCUSED,Subject of enquiry in Nocturnal Commercial Burglary in Kolkata under IPC 457/380.
CP-1023,CASE-0595,PERSON-0798,SUSPECT,Subject of enquiry in Serial Asset and Vehicle Theft in Siliguri under IPC 379.
CP-1024,CASE-0238,PERSON-0278,ACCUSED,Subject of enquiry in Nocturnal Commercial Burglary in Delhi under IPC 457/380.
CP-1025,CASE-1136,PERSON-0036,WITNESS,Subject of enquiry in Forged Documentation and Property Fraud in Durg under IPC 467/468/471.
CP-1026,CASE-0917,PERSON-0829,ASSOCIATE,Subject of enquiry in Digital Identity Theft and Financial Scam at Delhi under IT Act 66D / IPC 420.
CP-1027,CASE-0702,PERSON-0336,ASSOCIATE,Subject of enquiry in Threat and Extortion Racket in Delhi under IPC 384/386.
CP-1028,CASE-0977,PERSON-0914,REPORTING_PERSON,Subject of enquiry in Targeted Homicide Investigation in Delhi under IPC 302/120B.
CP-1029,CASE-1127,PERSON-0785,WITNESS,Subject of enquiry in Digital Identity Theft and Financial Scam at Delhi under IT Act 66D / IPC 420.
CP-1030,CASE-0280,PERSON-0448,SUSPECT,Subject of enquiry in Nocturnal Commercial Burglary in Durg under IPC 457/380.
CP-1031,CASE-0435,PERSON-0270,REPORTING_PERSON,Subject of enquiry in Digital Identity Theft and Financial Scam at Delhi under IT Act 66D / IPC 420.
CP-1032,CASE-0767,PERSON-0660,REPORTING_PERSON,Subject of enquiry in Threat and Extortion Racket in Lucknow under IPC 384/386.
CP-1033,CASE-0255,PERSON-0085,SUSPECT,Subject of enquiry in Commercial Fraud and Embezzlement Syndicate at Varanasi under IPC 420/406.
CP-1034,CASE-0759,PERSON-0493,REPORTING_PERSON,Subject of enquiry in Serial Asset and Vehicle Theft in Kolkata under IPC 379.
CP-1035,CASE-0037,PERSON-0651,SUSPECT,Subject of enquiry in Targeted Homicide Investigation in Kolkata under IPC 302/120B.
CP-1036,CASE-1040,PERSON-0408,WITNESS,Subject of enquiry in Targeted Homicide Investigation in Surat under IPC 302/120B.
CP-1037,CASE-1190,PERSON-0755,SUSPECT,Subject of enquiry in Threat and Extortion Racket in Kolkata under IPC 384/386.
CP-1038,CASE-0593,PERSON-0323,WITNESS,Subject of enquiry in Nocturnal Commercial Burglary in Surat under IPC 457/380.
CP-1039,CASE-0373,PERSON-0988,SUSPECT,Subject of enquiry in Intimidation and Witness Tampering at Durg under IPC 506.
CP-1040,CASE-0928,PERSON-0292,WITNESS,Subject of enquiry in Targeted Homicide Investigation in Kolkata under IPC 302/120B.
CP-1041,CASE-0340,PERSON-0443,WITNESS,Subject of enquiry in Commercial Fraud and Embezzlement Syndicate at Surat under IPC 420/406.
CP-1042,CASE-1174,PERSON-0669,REPORTING_PERSON,Subject of enquiry in Kidnapping and Extortion Case at Siliguri under IPC 363/364A.
CP-1043,CASE-0862,PERSON-0816,WITNESS,Subject of enquiry in Nocturnal Commercial Burglary in Lucknow under IPC 457/380.
CP-1044,CASE-1173,PERSON-0858,PERSON_OF_INTEREST,Subject of enquiry in Intimidation and Witness Tampering at Delhi under IPC 506.
CP-1045,CASE-0608,PERSON-0881,WITNESS,Subject of enquiry in Physical Assault and Grievous Hurt Case at Bilaspur under IPC 323/325.
CP-1046,CASE-1239,PERSON-0808,WITNESS,Subject of enquiry in Commercial Fraud and Embezzlement Syndicate at Kolkata under IPC 420/406.
CP-1047,CASE-0935,PERSON-0122,WITNESS,Subject of enquiry in Intimidation and Witness Tampering at Mumbai under IPC 506.
CP-1048,CASE-0606,PERSON-0179,WITNESS,Subject of enquiry in Intimidation and Witness Tampering at Mumbai under IPC 506.
CP-1049,CASE-0750,PERSON-0624,PERSON_OF_INTEREST,Subject of enquiry in Intimidation and Witness Tampering at Pune under IPC 506.
CP-1050,CASE-1165,PERSON-0285,ASSOCIATE,Subject of enquiry in Targeted Homicide Investigation in Mumbai under IPC 302/120B.
CP-1051,CASE-0677,PERSON-0609,SUSPECT,Subject of enquiry in Kidnapping and Extortion Case at Howrah under IPC 363/364A.
CP-1052,CASE-0603,PERSON-0052,WITNESS,Subject of enquiry in Nocturnal Commercial Burglary in Raipur under IPC 457/380.
CP-1053,CASE-0635,PERSON-0614,WITNESS,Subject of enquiry in Commercial Fraud and Embezzlement Syndicate at Howrah under IPC 420/406.
CP-1054,CASE-0399,PERSON-0210,ASSOCIATE,Subject of enquiry in Targeted Homicide Investigation in Chennai under IPC 302/120B.
CP-1055,CASE-0222,PERSON-0220,ASSOCIATE,Subject of enquiry in Targeted Homicide Investigation in Howrah under IPC 302/120B.
CP-1056,CASE-0603,PERSON-0830,ASSOCIATE,Subject of enquiry in Nocturnal Commercial Burglary in Raipur under IPC 457/380.
CP-1057,CASE-0881,PERSON-0444,WITNESS,Subject of enquiry in Threat and Extortion Racket in Lucknow under IPC 384/386.
CP-1058,CASE-1147,PERSON-0991,SUSPECT,Subject of enquiry in Nocturnal Commercial Burglary in Durg under IPC 457/380.
CP-1059,CASE-0836,PERSON-0668,REPORTING_PERSON,Subject of enquiry in Commercial Fraud and Embezzlement Syndicate at Delhi under IPC 420/406.
CP-1060,CASE-0048,PERSON-0602,PERSON_OF_INTEREST,Subject of enquiry in Kidnapping and Extortion Case at Nagpur under IPC 363/364A.
CP-1061,CASE-0318,PERSON-0438,REPORTING_PERSON,Subject of enquiry in Digital Identity Theft and Financial Scam at Siliguri under IT Act 66D / IPC 420.
CP-1062,CASE-0242,PERSON-0499,PERSON_OF_INTEREST,Subject of enquiry in Nocturnal Commercial Burglary in Delhi under IPC 457/380.
CP-1063,CASE-0063,PERSON-0688,PERSON_OF_INTEREST,Subject of enquiry in Intimidation and Witness Tampering at Delhi under IPC 506.
CP-1064,CASE-0357,PERSON-0798,ASSOCIATE,Subject of enquiry in Armed Robbery Incident at Siliguri under IPC 392/397.
CP-1065,CASE-0634,PERSON-0606,REPORTING_PERSON,Subject of enquiry in Armed Robbery Incident at Chennai under IPC 392/397.
CP-1066,CASE-0468,PERSON-0563,WITNESS,Subject of enquiry in Nocturnal Commercial Burglary in Kolkata under IPC 457/380.
CP-1067,CASE-0452,PERSON-0364,REPORTING_PERSON,Subject of enquiry in Armed Robbery Incident at Delhi under IPC 392/397.
CP-1068,CASE-1234,PERSON-0960,ACCUSED,Subject of enquiry in Digital Identity Theft and Financial Scam at Pune under IT Act 66D / IPC 420.
CP-1069,CASE-0500,PERSON-0951,WITNESS,Subject of enquiry in Forged Documentation and Property Fraud in Lucknow under IPC 467/468/471.
CP-1070,CASE-0284,PERSON-0704,WITNESS,Subject of enquiry in Forged Documentation and Property Fraud in Delhi under IPC 467/468/471.
CP-1071,CASE-0036,PERSON-0887,ACCUSED,Subject of enquiry in Commercial Fraud and Embezzlement Syndicate at Siliguri under IPC 420/406.
CP-1072,CASE-0007,PERSON-0949,ACCUSED,Subject of enquiry in Commercial Fraud and Embezzlement Syndicate at Mumbai under IPC 420/406.
CP-1073,CASE-0835,PERSON-0939,REPORTING_PERSON,Subject of enquiry in Intimidation and Witness Tampering at Varanasi under IPC 506.
CP-1074,CASE-0242,PERSON-0176,REPORTING_PERSON,Subject of enquiry in Nocturnal Commercial Burglary in Delhi under IPC 457/380.
CP-1075,CASE-1160,PERSON-0655,PERSON_OF_INTEREST,Subject of enquiry in Nocturnal Commercial Burglary in Delhi under IPC 457/380.
CP-1076,CASE-0700,PERSON-0061,WITNESS,Subject of enquiry in Intimidation and Witness Tampering at Delhi under IPC 506.
CP-1077,CASE-0302,PERSON-0446,WITNESS,Subject of enquiry in Kidnapping and Extortion Case at Durg under IPC 363/364A.
CP-1078,CASE-0735,PERSON-0588,REPORTING_PERSON,Subject of enquiry in Intimidation and Witness Tampering at Ahmedabad under IPC 506.
CP-1079,CASE-0301,PERSON-0475,REPORTING_PERSON,Subject of enquiry in Nocturnal Commercial Burglary in Surat under IPC 457/380.
CP-1080,CASE-0545,PERSON-0126,WITNESS,Subject of enquiry in Intimidation and Witness Tampering at Kolkata under IPC 506.
CP-1081,CASE-0784,PERSON-0617,PERSON_OF_INTEREST,Subject of enquiry in Forged Documentation and Property Fraud in Pune under IPC 467/468/471.
CP-1082,CASE-0706,PERSON-0447,REPORTING_PERSON,Subject of enquiry in Targeted Homicide Investigation in Raipur under IPC 302/120B.
CP-1083,CASE-0150,PERSON-0976,ASSOCIATE,Subject of enquiry in Armed Robbery Incident at Delhi under IPC 392/397.
CP-1084,CASE-0031,PERSON-0606,PERSON_OF_INTEREST,Subject of enquiry in Nocturnal Commercial Burglary in Bilaspur under IPC 457/380.
CP-1085,CASE-0873,PERSON-0131,REPORTING_PERSON,Subject of enquiry in Nocturnal Commercial Burglary in Bilaspur under IPC 457/380.
CP-1086,CASE-0299,PERSON-0815,ASSOCIATE,Subject of enquiry in Armed Robbery Incident at Bilaspur under IPC 392/397.
CP-1087,CASE-1083,PERSON-0352,WITNESS,Subject of enquiry in Kidnapping and Extortion Case at Bilaspur under IPC 363/364A.
CP-1088,CASE-0690,PERSON-0976,SUSPECT,Subject of enquiry in Digital Identity Theft and Financial Scam at Surat under IT Act 66D / IPC 420.
CP-1089,CASE-0516,PERSON-0894,ASSOCIATE,Subject of enquiry in Kidnapping and Extortion Case at Lucknow under IPC 363/364A.
CP-1090,CASE-0547,PERSON-0439,WITNESS,Subject of enquiry in Kidnapping and Extortion Case at Delhi under IPC 363/364A.
CP-1091,CASE-0306,PERSON-0277,WITNESS,Subject of enquiry in Forged Documentation and Property Fraud in Mumbai under IPC 467/468/471.
CP-1092,CASE-0637,PERSON-0901,WITNESS,Subject of enquiry in Intimidation and Witness Tampering at Nagpur under IPC 506.
CP-1093,CASE-0557,PERSON-0672,SUSPECT,Subject of enquiry in Intimidation and Witness Tampering at Durg under IPC 506.
CP-1094,CASE-0061,PERSON-0883,ASSOCIATE,Subject of enquiry in Digital Identity Theft and Financial Scam at Delhi under IT Act 66D / IPC 420.
CP-1095,CASE-0980,PERSON-0801,ASSOCIATE,Subject of enquiry in Digital Identity Theft and Financial Scam at Ahmedabad under IT Act 66D / IPC 420.
CP-1096,CASE-0003,PERSON-0037,REPORTING_PERSON,Subject of enquiry in Armed Robbery Incident at Surat under IPC 392/397.
CP-1097,CASE-1053,PERSON-0475,WITNESS,Subject of enquiry in Threat and Extortion Racket in Surat under IPC 384/386.
CP-1098,CASE-0801,PERSON-0960,PERSON_OF_INTEREST,Subject of enquiry in Nocturnal Commercial Burglary in Durg under IPC 457/380.
CP-1099,CASE-0129,PERSON-0087,SUSPECT,Subject of enquiry in Commercial Fraud and Embezzlement Syndicate at Kolkata under IPC 420/406.
CP-1100,CASE-0793,PERSON-0546,ASSOCIATE,Subject of enquiry in Kidnapping and Extortion Case at Mumbai under IPC 363/364A.
CP-1101,CASE-0154,PERSON-0114,REPORTING_PERSON,Subject of enquiry in Forged Documentation and Property Fraud in Chennai under IPC 467/468/471.
CP-1102,CASE-0396,PERSON-0864,WITNESS,Subject of enquiry in Threat and Extortion Racket in Delhi under IPC 384/386.
CP-1103,CASE-0686,PERSON-0874,SUSPECT,Subject of enquiry in Commercial Fraud and Embezzlement Syndicate at Nagpur under IPC 420/406.
CP-1104,CASE-0099,PERSON-0999,SUSPECT,Subject of enquiry in Threat and Extortion Racket in Kolkata under IPC 384/386.
CP-1105,CASE-0769,PERSON-0571,SUSPECT,Subject of enquiry in Forged Documentation and Property Fraud in Delhi under IPC 467/468/471.
CP-1106,CASE-0572,PERSON-0113,ACCUSED,Subject of enquiry in Kidnapping and Extortion Case at Surat under IPC 363/364A.
CP-1107,CASE-1243,PERSON-0105,REPORTING_PERSON,Subject of enquiry in Nocturnal Commercial Burglary in Chennai under IPC 457/380.
CP-1108,CASE-0659,PERSON-0086,PERSON_OF_INTEREST,Subject of enquiry in Threat and Extortion Racket in Lucknow under IPC 384/386.
CP-1109,CASE-0836,PERSON-0823,ASSOCIATE,Subject of enquiry in Commercial Fraud and Embezzlement Syndicate at Delhi under IPC 420/406.
CP-1110,CASE-1069,PERSON-0231,WITNESS,Subject of enquiry in Nocturnal Commercial Burglary in Bilaspur under IPC 457/380.
CP-1111,CASE-0908,PERSON-0688,PERSON_OF_INTEREST,Subject of enquiry in Armed Robbery Incident at Delhi under IPC 392/397.
CP-1112,CASE-0295,PERSON-0082,REPORTING_PERSON,Subject of enquiry in Threat and Extortion Racket in Chennai under IPC 384/386.
CP-1113,CASE-0755,PERSON-0256,REPORTING_PERSON,Subject of enquiry in Serial Asset and Vehicle Theft in Nagpur under IPC 379.
CP-1114,CASE-0574,PERSON-0307,SUSPECT,Subject of enquiry in Kidnapping and Extortion Case at Durg under IPC 363/364A.
CP-1115,CASE-1015,PERSON-0482,PERSON_OF_INTEREST,Subject of enquiry in Threat and Extortion Racket in Pune under IPC 384/386.
CP-1116,CASE-1227,PERSON-0319,PERSON_OF_INTEREST,Subject of enquiry in Intimidation and Witness Tampering at Varanasi under IPC 506.
CP-1117,CASE-0333,PERSON-0090,REPORTING_PERSON,Subject of enquiry in Kidnapping and Extortion Case at Ahmedabad under IPC 363/364A.
CP-1118,CASE-0920,PERSON-0937,ASSOCIATE,Subject of enquiry in Commercial Fraud and Embezzlement Syndicate at Delhi under IPC 420/406.
CP-1119,CASE-0826,PERSON-0812,PERSON_OF_INTEREST,Subject of enquiry in Commercial Fraud and Embezzlement Syndicate at Chennai under IPC 420/406.
CP-1120,CASE-0267,PERSON-0641,ASSOCIATE,Subject of enquiry in Serial Asset and Vehicle Theft in Ahmedabad under IPC 379.
CP-1121,CASE-0706,PERSON-0050,WITNESS,Subject of enquiry in Targeted Homicide Investigation in Raipur under IPC 302/120B.
CP-1122,CASE-0189,PERSON-0794,PERSON_OF_INTEREST,Subject of enquiry in Physical Assault and Grievous Hurt Case at Delhi under IPC 323/325.
CP-1123,CASE-0972,PERSON-0975,PERSON_OF_INTEREST,Subject of enquiry in Targeted Homicide Investigation in Siliguri under IPC 302/120B.
CP-1124,CASE-0098,PERSON-0195,WITNESS,Subject of enquiry in Kidnapping and Extortion Case at Nagpur under IPC 363/364A.
CP-1125,CASE-1233,PERSON-0099,ACCUSED,Subject of enquiry in Physical Assault and Grievous Hurt Case at Pune under IPC 323/325.
CP-1126,CASE-0047,PERSON-0437,WITNESS,Subject of enquiry in Kidnapping and Extortion Case at Durg under IPC 363/364A.
CP-1127,CASE-1093,PERSON-0300,SUSPECT,Subject of enquiry in Armed Robbery Incident at Delhi under IPC 392/397.
CP-1128,CASE-0400,PERSON-0234,ASSOCIATE,Subject of enquiry in Nocturnal Commercial Burglary in Delhi under IPC 457/380.
CP-1129,CASE-0930,PERSON-0268,SUSPECT,Subject of enquiry in Serial Asset and Vehicle Theft in Varanasi under IPC 379.
CP-1130,CASE-0272,PERSON-0984,ACCUSED,Subject of enquiry in Serial Asset and Vehicle Theft in Chennai under IPC 379.
CP-1131,CASE-0733,PERSON-0763,ASSOCIATE,Subject of enquiry in Physical Assault and Grievous Hurt Case at Delhi under IPC 323/325.
CP-1132,CASE-0415,PERSON-0384,PERSON_OF_INTEREST,Subject of enquiry in Kidnapping and Extortion Case at Chennai under IPC 363/364A.
CP-1133,CASE-0223,PERSON-0509,WITNESS,Subject of enquiry in Commercial Fraud and Embezzlement Syndicate at Raipur under IPC 420/406.
CP-1134,CASE-0163,PERSON-0506,SUSPECT,Subject of enquiry in Physical Assault and Grievous Hurt Case at Siliguri under IPC 323/325.
CP-1135,CASE-0420,PERSON-0900,ASSOCIATE,Subject of enquiry in Targeted Homicide Investigation in Varanasi under IPC 302/120B.
CP-1136,CASE-0209,PERSON-0111,WITNESS,Subject of enquiry in Targeted Homicide Investigation in Delhi under IPC 302/120B.
CP-1137,CASE-0335,PERSON-0031,PERSON_OF_INTEREST,Subject of enquiry in Intimidation and Witness Tampering at Raipur under IPC 506.
CP-1138,CASE-0231,PERSON-0255,PERSON_OF_INTEREST,Subject of enquiry in Targeted Homicide Investigation in Chennai under IPC 302/120B.
CP-1139,CASE-0488,PERSON-0875,WITNESS,Subject of enquiry in Forged Documentation and Property Fraud in Pune under IPC 467/468/471.
CP-1140,CASE-0651,PERSON-0166,PERSON_OF_INTEREST,Subject of enquiry in Intimidation and Witness Tampering at Pune under IPC 506.
CP-1141,CASE-1016,PERSON-0590,WITNESS,Subject of enquiry in Kidnapping and Extortion Case at Durg under IPC 363/364A.
CP-1142,CASE-0707,PERSON-0416,SUSPECT,Subject of enquiry in Serial Asset and Vehicle Theft in Surat under IPC 379.
CP-1143,CASE-0390,PERSON-0254,PERSON_OF_INTEREST,Subject of enquiry in Armed Robbery Incident at Kolkata under IPC 392/397.
CP-1144,CASE-0153,PERSON-0943,REPORTING_PERSON,Subject of enquiry in Intimidation and Witness Tampering at Kolkata under IPC 506.
CP-1145,CASE-1117,PERSON-0334,ACCUSED,Subject of enquiry in Kidnapping and Extortion Case at Varanasi under IPC 363/364A.
CP-1146,CASE-0542,PERSON-0637,SUSPECT,Subject of enquiry in Targeted Homicide Investigation in Delhi under IPC 302/120B.
CP-1147,CASE-0346,PERSON-0916,WITNESS,Subject of enquiry in Serial Asset and Vehicle Theft in Lucknow under IPC 379.
CP-1148,CASE-0662,PERSON-0079,ASSOCIATE,Subject of enquiry in Forged Documentation and Property Fraud in Nagpur under IPC 467/468/471.
CP-1149,CASE-0811,PERSON-0332,WITNESS,Subject of enquiry in Commercial Fraud and Embezzlement Syndicate at Nagpur under IPC 420/406.
CP-1150,CASE-0089,PERSON-0868,SUSPECT,Subject of enquiry in Armed Robbery Incident at Mumbai under IPC 392/397.
CP-1151,CASE-0884,PERSON-0313,ACCUSED,Subject of enquiry in Forged Documentation and Property Fraud in Kolkata under IPC 467/468/471.
CP-1152,CASE-0109,PERSON-0273,PERSON_OF_INTEREST,Subject of enquiry in Nocturnal Commercial Burglary in Siliguri under IPC 457/380.
CP-1153,CASE-0420,PERSON-0729,ACCUSED,Subject of enquiry in Targeted Homicide Investigation in Varanasi under IPC 302/120B.
CP-1154,CASE-0209,PERSON-0438,PERSON_OF_INTEREST,Subject of enquiry in Targeted Homicide Investigation in Delhi under IPC 302/120B.
CP-1155,CASE-1095,PERSON-0141,ASSOCIATE,Subject of enquiry in Intimidation and Witness Tampering at Delhi under IPC 506.
CP-1156,CASE-0949,PERSON-0789,PERSON_OF_INTEREST,Subject of enquiry in Serial Asset and Vehicle Theft in Delhi under IPC 379.
CP-1157,CASE-1052,PERSON-0205,ASSOCIATE,Subject of enquiry in Intimidation and Witness Tampering at Kolkata under IPC 506.
CP-1158,CASE-0154,PERSON-0045,ASSOCIATE,Subject of enquiry in Forged Documentation and Property Fraud in Chennai under IPC 467/468/471.
CP-1159,CASE-0189,PERSON-0930,PERSON_OF_INTEREST,Subject of enquiry in Physical Assault and Grievous Hurt Case at Delhi under IPC 323/325.
CP-1160,CASE-1207,PERSON-0580,ASSOCIATE,Subject of enquiry in Serial Asset and Vehicle Theft in Varanasi under IPC 379.
CP-1161,CASE-0210,PERSON-0674,ASSOCIATE,Subject of enquiry in Armed Robbery Incident at Raipur under IPC 392/397.
CP-1162,CASE-0535,PERSON-0562,PERSON_OF_INTEREST,Subject of enquiry in Threat and Extortion Racket in Nagpur under IPC 384/386.
CP-1163,CASE-0352,PERSON-0617,WITNESS,Subject of enquiry in Armed Robbery Incident at Delhi under IPC 392/397.
CP-1164,CASE-0697,PERSON-0783,PERSON_OF_INTEREST,Subject of enquiry in Forged Documentation and Property Fraud in Bilaspur under IPC 467/468/471.
CP-1165,CASE-1243,PERSON-0479,ASSOCIATE,Subject of enquiry in Nocturnal Commercial Burglary in Chennai under IPC 457/380.
CP-1166,CASE-0873,PERSON-0918,ASSOCIATE,Subject of enquiry in Nocturnal Commercial Burglary in Bilaspur under IPC 457/380.
CP-1167,CASE-1105,PERSON-0279,SUSPECT,Subject of enquiry in Threat and Extortion Racket in Durg under IPC 384/386.
CP-1168,CASE-1056,PERSON-0212,WITNESS,Subject of enquiry in Physical Assault and Grievous Hurt Case at Kolkata under IPC 323/325.
CP-1169,CASE-0653,PERSON-0449,SUSPECT,Subject of enquiry in Armed Robbery Incident at Delhi under IPC 392/397.
CP-1170,CASE-0694,PERSON-0265,WITNESS,Subject of enquiry in Digital Identity Theft and Financial Scam at Nagpur under IT Act 66D / IPC 420.
CP-1171,CASE-0921,PERSON-0787,SUSPECT,Subject of enquiry in Commercial Fraud and Embezzlement Syndicate at Varanasi under IPC 420/406.
CP-1172,CASE-1010,PERSON-0835,REPORTING_PERSON,Subject of enquiry in Physical Assault and Grievous Hurt Case at Raipur under IPC 323/325.
CP-1173,CASE-1206,PERSON-0588,REPORTING_PERSON,Subject of enquiry in Nocturnal Commercial Burglary in Kolkata under IPC 457/380.
CP-1174,CASE-0878,PERSON-0443,REPORTING_PERSON,Subject of enquiry in Physical Assault and Grievous Hurt Case at Kolkata under IPC 323/325.
CP-1175,CASE-0244,PERSON-0495,PERSON_OF_INTEREST,Subject of enquiry in Armed Robbery Incident at Bilaspur under IPC 392/397.
CP-1176,CASE-0126,PERSON-0443,PERSON_OF_INTEREST,Subject of enquiry in Intimidation and Witness Tampering at Kolkata under IPC 506.
CP-1177,CASE-0484,PERSON-0952,PERSON_OF_INTEREST,Subject of enquiry in Serial Asset and Vehicle Theft in Pune under IPC 379.
CP-1178,CASE-1062,PERSON-0829,ASSOCIATE,Subject of enquiry in Nocturnal Commercial Burglary in Kolkata under IPC 457/380.
CP-1179,CASE-0032,PERSON-0404,SUSPECT,Subject of enquiry in Forged Documentation and Property Fraud in Delhi under IPC 467/468/471.
CP-1180,CASE-0771,PERSON-0584,ASSOCIATE,Subject of enquiry in Physical Assault and Grievous Hurt Case at Delhi under IPC 323/325.
CP-1181,CASE-0173,PERSON-0705,ASSOCIATE,Subject of enquiry in Serial Asset and Vehicle Theft in Delhi under IPC 379.
CP-1182,CASE-0370,PERSON-0260,REPORTING_PERSON,Subject of enquiry in Digital Identity Theft and Financial Scam at Durg under IT Act 66D / IPC 420.
CP-1183,CASE-0716,PERSON-0366,REPORTING_PERSON,Subject of enquiry in Kidnapping and Extortion Case at Raipur under IPC 363/364A.
CP-1184,CASE-0327,PERSON-0119,PERSON_OF_INTEREST,Subject of enquiry in Commercial Fraud and Embezzlement Syndicate at Chennai under IPC 420/406.
CP-1185,CASE-0750,PERSON-0046,ACCUSED,Subject of enquiry in Intimidation and Witness Tampering at Pune under IPC 506.
CP-1186,CASE-1105,PERSON-0489,SUSPECT,Subject of enquiry in Threat and Extortion Racket in Durg under IPC 384/386.
CP-1187,CASE-0543,PERSON-0445,WITNESS,Subject of enquiry in Commercial Fraud and Embezzlement Syndicate at Ahmedabad under IPC 420/406.
CP-1188,CASE-0308,PERSON-0781,SUSPECT,Subject of enquiry in Commercial Fraud and Embezzlement Syndicate at Kolkata under IPC 420/406.
CP-1189,CASE-1071,PERSON-0697,ASSOCIATE,Subject of enquiry in Threat and Extortion Racket in Pune under IPC 384/386.
CP-1190,CASE-0149,PERSON-0615,ASSOCIATE,Subject of enquiry in Nocturnal Commercial Burglary in Kolkata under IPC 457/380.
CP-1191,CASE-0671,PERSON-0612,PERSON_OF_INTEREST,Subject of enquiry in Intimidation and Witness Tampering at Raipur under IPC 506.
CP-1192,CASE-0936,PERSON-0804,WITNESS,Subject of enquiry in Nocturnal Commercial Burglary in Lucknow under IPC 457/380.
CP-1193,CASE-0081,PERSON-0601,WITNESS,Subject of enquiry in Threat and Extortion Racket in Nagpur under IPC 384/386.
CP-1194,CASE-1095,PERSON-0822,REPORTING_PERSON,Subject of enquiry in Intimidation and Witness Tampering at Delhi under IPC 506.
CP-1195,CASE-0550,PERSON-0271,PERSON_OF_INTEREST,Subject of enquiry in Forged Documentation and Property Fraud in Mumbai under IPC 467/468/471.
CP-1196,CASE-1248,PERSON-0585,ACCUSED,Subject of enquiry in Armed Robbery Incident at Delhi under IPC 392/397.
CP-1197,CASE-1120,PERSON-0919,SUSPECT,Subject of enquiry in Targeted Homicide Investigation in Kolkata under IPC 302/120B.
CP-1198,CASE-0325,PERSON-0160,SUSPECT,Subject of enquiry in Kidnapping and Extortion Case at Durg under IPC 363/364A.
CP-1199,CASE-0678,PERSON-0848,SUSPECT,Subject of enquiry in Nocturnal Commercial Burglary in Lucknow under IPC 457/380.
CP-1200,CASE-1240,PERSON-0739,REPORTING_PERSON,Subject of enquiry in Forged Documentation and Property Fraud in Mumbai under IPC 467/468/471.
CP-1201,CASE-0471,PERSON-0709,WITNESS,Subject of enquiry in Nocturnal Commercial Burglary in Raipur under IPC 457/380.
CP-1202,CASE-0888,PERSON-0767,WITNESS,Subject of enquiry in Kidnapping and Extortion Case at Varanasi under IPC 363/364A.
CP-1203,CASE-0514,PERSON-0550,ACCUSED,Subject of enquiry in Nocturnal Commercial Burglary in Siliguri under IPC 457/380.
CP-1204,CASE-0267,PERSON-0336,WITNESS,Subject of enquiry in Serial Asset and Vehicle Theft in Ahmedabad under IPC 379.
CP-1205,CASE-0692,PERSON-0897,REPORTING_PERSON,Subject of enquiry in Targeted Homicide Investigation in Siliguri under IPC 302/120B.
CP-1206,CASE-1249,PERSON-0555,WITNESS,Subject of enquiry in Forged Documentation and Property Fraud in Siliguri under IPC 467/468/471.
CP-1207,CASE-0136,PERSON-0693,SUSPECT,Subject of enquiry in Threat and Extortion Racket in Durg under IPC 384/386.
CP-1208,CASE-0581,PERSON-0386,PERSON_OF_INTEREST,Subject of enquiry in Kidnapping and Extortion Case at Mumbai under IPC 363/364A.
CP-1209,CASE-1118,PERSON-0550,PERSON_OF_INTEREST,Subject of enquiry in Serial Asset and Vehicle Theft in Nagpur under IPC 379.
CP-1210,CASE-0074,PERSON-0742,REPORTING_PERSON,Subject of enquiry in Kidnapping and Extortion Case at Howrah under IPC 363/364A.
CP-1211,CASE-0904,PERSON-0124,ACCUSED,Subject of enquiry in Forged Documentation and Property Fraud in Howrah under IPC 467/468/471.
CP-1212,CASE-0367,PERSON-0271,WITNESS,Subject of enquiry in Forged Documentation and Property Fraud in Bilaspur under IPC 467/468/471.
CP-1213,CASE-0823,PERSON-0489,PERSON_OF_INTEREST,Subject of enquiry in Kidnapping and Extortion Case at Delhi under IPC 363/364A.
CP-1214,CASE-0979,PERSON-0231,WITNESS,Subject of enquiry in Commercial Fraud and Embezzlement Syndicate at Howrah under IPC 420/406.
CP-1215,CASE-0383,PERSON-0057,WITNESS,Subject of enquiry in Serial Asset and Vehicle Theft in Surat under IPC 379.
CP-1216,CASE-0926,PERSON-0312,PERSON_OF_INTEREST,Subject of enquiry in Threat and Extortion Racket in Howrah under IPC 384/386.
CP-1217,CASE-0160,PERSON-0659,SUSPECT,Subject of enquiry in Forged Documentation and Property Fraud in Delhi under IPC 467/468/471.
CP-1218,CASE-0945,PERSON-0537,WITNESS,Subject of enquiry in Threat and Extortion Racket in Mumbai under IPC 384/386.
CP-1219,CASE-1090,PERSON-0535,PERSON_OF_INTEREST,Subject of enquiry in Digital Identity Theft and Financial Scam at Varanasi under IT Act 66D / IPC 420.
CP-1220,CASE-1110,PERSON-0184,WITNESS,Subject of enquiry in Forged Documentation and Property Fraud in Kolkata under IPC 467/468/471.
CP-1221,CASE-1177,PERSON-0968,PERSON_OF_INTEREST,Subject of enquiry in Intimidation and Witness Tampering at Mumbai under IPC 506.
CP-1222,CASE-1036,PERSON-0540,REPORTING_PERSON,Subject of enquiry in Commercial Fraud and Embezzlement Syndicate at Lucknow under IPC 420/406.
CP-1223,CASE-0316,PERSON-0888,ASSOCIATE,Subject of enquiry in Nocturnal Commercial Burglary in Howrah under IPC 457/380.
CP-1224,CASE-0656,PERSON-0559,WITNESS,Subject of enquiry in Physical Assault and Grievous Hurt Case at Delhi under IPC 323/325.
CP-1225,CASE-0402,PERSON-0536,REPORTING_PERSON,Subject of enquiry in Kidnapping and Extortion Case at Howrah under IPC 363/364A.
CP-1226,CASE-0079,PERSON-0840,REPORTING_PERSON,Subject of enquiry in Threat and Extortion Racket in Durg under IPC 384/386.
CP-1227,CASE-1090,PERSON-0356,REPORTING_PERSON,Subject of enquiry in Digital Identity Theft and Financial Scam at Varanasi under IT Act 66D / IPC 420.
CP-1228,CASE-1074,PERSON-0031,PERSON_OF_INTEREST,Subject of enquiry in Armed Robbery Incident at Delhi under IPC 392/397.
CP-1229,CASE-0382,PERSON-0729,REPORTING_PERSON,Subject of enquiry in Nocturnal Commercial Burglary in Mumbai under IPC 457/380.
CP-1230,CASE-0487,PERSON-0408,SUSPECT,Subject of enquiry in Digital Identity Theft and Financial Scam at Lucknow under IT Act 66D / IPC 420.
CP-1231,CASE-0552,PERSON-0935,SUSPECT,Subject of enquiry in Commercial Fraud and Embezzlement Syndicate at Howrah under IPC 420/406.
CP-1232,CASE-0739,PERSON-0804,PERSON_OF_INTEREST,Subject of enquiry in Intimidation and Witness Tampering at Howrah under IPC 506.
CP-1233,CASE-0781,PERSON-0776,WITNESS,Subject of enquiry in Serial Asset and Vehicle Theft in Kolkata under IPC 379.
CP-1234,CASE-0680,PERSON-0733,PERSON_OF_INTEREST,Subject of enquiry in Threat and Extortion Racket in Nagpur under IPC 384/386.
CP-1235,CASE-1166,PERSON-0070,SUSPECT,Subject of enquiry in Threat and Extortion Racket in Bilaspur under IPC 384/386.
CP-1236,CASE-0256,PERSON-0202,ACCUSED,Subject of enquiry in Intimidation and Witness Tampering at Delhi under IPC 506.
CP-1237,CASE-1110,PERSON-0211,REPORTING_PERSON,Subject of enquiry in Forged Documentation and Property Fraud in Kolkata under IPC 467/468/471.
CP-1238,CASE-0702,PERSON-0903,ACCUSED,Subject of enquiry in Threat and Extortion Racket in Delhi under IPC 384/386.
CP-1239,CASE-0550,PERSON-0288,ASSOCIATE,Subject of enquiry in Forged Documentation and Property Fraud in Mumbai under IPC 467/468/471.
CP-1240,CASE-1073,PERSON-0433,PERSON_OF_INTEREST,Subject of enquiry in Nocturnal Commercial Burglary in Bilaspur under IPC 457/380.
CP-1241,CASE-1216,PERSON-0434,ASSOCIATE,Subject of enquiry in Kidnapping and Extortion Case at Delhi under IPC 363/364A.
CP-1242,CASE-0288,PERSON-0392,WITNESS,Subject of enquiry in Threat and Extortion Racket in Siliguri under IPC 384/386.
CP-1243,CASE-0603,PERSON-0221,REPORTING_PERSON,Subject of enquiry in Nocturnal Commercial Burglary in Raipur under IPC 457/380.
CP-1244,CASE-0506,PERSON-0680,ASSOCIATE,Subject of enquiry in Physical Assault and Grievous Hurt Case at Ahmedabad under IPC 323/325.
CP-1245,CASE-1091,PERSON-0788,WITNESS,Subject of enquiry in Commercial Fraud and Embezzlement Syndicate at Delhi under IPC 420/406.
CP-1246,CASE-0552,PERSON-0839,PERSON_OF_INTEREST,Subject of enquiry in Commercial Fraud and Embezzlement Syndicate at Howrah under IPC 420/406.
CP-1247,CASE-0456,PERSON-0918,ASSOCIATE,Subject of enquiry in Commercial Fraud and Embezzlement Syndicate at Lucknow under IPC 420/406.
CP-1248,CASE-1119,PERSON-0954,WITNESS,Subject of enquiry in Threat and Extortion Racket in Durg under IPC 384/386.
CP-1249,CASE-0212,PERSON-0379,PERSON_OF_INTEREST,Subject of enquiry in Digital Identity Theft and Financial Scam at Surat under IT Act 66D / IPC 420.
CP-1250,CASE-0337,PERSON-0297,SUSPECT,Subject of enquiry in Forged Documentation and Property Fraud in Mumbai under IPC 467/468/471.
CP-1251,CASE-0672,PERSON-0222,WITNESS,Subject of enquiry in Targeted Homicide Investigation in Delhi under IPC 302/120B.
CP-1252,CASE-0692,PERSON-0770,PERSON_OF_INTEREST,Subject of enquiry in Targeted Homicide Investigation in Siliguri under IPC 302/120B.
CP-1253,CASE-0365,PERSON-0966,ACCUSED,Subject of enquiry in Kidnapping and Extortion Case at Ahmedabad under IPC 363/364A.
CP-1254,CASE-0797,PERSON-0202,WITNESS,Subject of enquiry in Targeted Homicide Investigation in Howrah under IPC 302/120B.
CP-1255,CASE-0352,PERSON-0444,WITNESS,Subject of enquiry in Armed Robbery Incident at Delhi under IPC 392/397.
CP-1256,CASE-0454,PERSON-0920,REPORTING_PERSON,Subject of enquiry in Physical Assault and Grievous Hurt Case at Kolkata under IPC 323/325.
CP-1257,CASE-0456,PERSON-0382,WITNESS,Subject of enquiry in Commercial Fraud and Embezzlement Syndicate at Lucknow under IPC 420/406.
CP-1258,CASE-1246,PERSON-0831,REPORTING_PERSON,Subject of enquiry in Targeted Homicide Investigation in Varanasi under IPC 302/120B.
CP-1259,CASE-0758,PERSON-0135,ASSOCIATE,Subject of enquiry in Targeted Homicide Investigation in Kolkata under IPC 302/120B.
CP-1260,CASE-1034,PERSON-0139,WITNESS,Subject of enquiry in Kidnapping and Extortion Case at Nagpur under IPC 363/364A.
CP-1261,CASE-0802,PERSON-0409,ACCUSED,Subject of enquiry in Nocturnal Commercial Burglary in Pune under IPC 457/380.
CP-1262,CASE-0053,PERSON-0692,PERSON_OF_INTEREST,Subject of enquiry in Physical Assault and Grievous Hurt Case at Lucknow under IPC 323/325.
CP-1263,CASE-1063,PERSON-0300,PERSON_OF_INTEREST,Subject of enquiry in Threat and Extortion Racket in Mumbai under IPC 384/386.
CP-1264,CASE-1145,PERSON-0363,SUSPECT,Subject of enquiry in Digital Identity Theft and Financial Scam at Mumbai under IT Act 66D / IPC 420.
CP-1265,CASE-1250,PERSON-0359,PERSON_OF_INTEREST,Subject of enquiry in Intimidation and Witness Tampering at Delhi under IPC 506.
CP-1266,CASE-0589,PERSON-0875,ACCUSED,Subject of enquiry in Nocturnal Commercial Burglary in Lucknow under IPC 457/380.
CP-1267,CASE-0460,PERSON-0038,ASSOCIATE,Subject of enquiry in Targeted Homicide Investigation in Surat under IPC 302/120B.
CP-1268,CASE-0628,PERSON-0674,WITNESS,Subject of enquiry in Kidnapping and Extortion Case at Siliguri under IPC 363/364A.
CP-1269,CASE-0246,PERSON-0929,REPORTING_PERSON,Subject of enquiry in Kidnapping and Extortion Case at Surat under IPC 363/364A.
CP-1270,CASE-1050,PERSON-0875,WITNESS,Subject of enquiry in Armed Robbery Incident at Mumbai under IPC 392/397.
CP-1271,CASE-0153,PERSON-0979,SUSPECT,Subject of enquiry in Intimidation and Witness Tampering at Kolkata under IPC 506.
CP-1272,CASE-0986,PERSON-0644,PERSON_OF_INTEREST,Subject of enquiry in Nocturnal Commercial Burglary in Durg under IPC 457/380.
CP-1273,CASE-0338,PERSON-0079,ASSOCIATE,Subject of enquiry in Commercial Fraud and Embezzlement Syndicate at Kolkata under IPC 420/406.
CP-1274,CASE-1069,PERSON-0884,REPORTING_PERSON,Subject of enquiry in Nocturnal Commercial Burglary in Bilaspur under IPC 457/380.
CP-1275,CASE-0684,PERSON-0626,ASSOCIATE,Subject of enquiry in Nocturnal Commercial Burglary in Varanasi under IPC 457/380.
CP-1276,CASE-0552,PERSON-0843,SUSPECT,Subject of enquiry in Commercial Fraud and Embezzlement Syndicate at Howrah under IPC 420/406.
CP-1277,CASE-0177,PERSON-0889,ACCUSED,Subject of enquiry in Targeted Homicide Investigation in Varanasi under IPC 302/120B.
CP-1278,CASE-0431,PERSON-0434,ACCUSED,Subject of enquiry in Armed Robbery Incident at Kolkata under IPC 392/397.
CP-1279,CASE-0181,PERSON-0364,ACCUSED,Subject of enquiry in Kidnapping and Extortion Case at Delhi under IPC 363/364A.
CP-1280,CASE-0930,PERSON-0141,ACCUSED,Subject of enquiry in Serial Asset and Vehicle Theft in Varanasi under IPC 379.
CP-1281,CASE-0672,PERSON-0238,SUSPECT,Subject of enquiry in Targeted Homicide Investigation in Delhi under IPC 302/120B.
CP-1282,CASE-0444,PERSON-0777,ASSOCIATE,Subject of enquiry in Armed Robbery Incident at Varanasi under IPC 392/397.
CP-1283,CASE-0750,PERSON-0665,ASSOCIATE,Subject of enquiry in Intimidation and Witness Tampering at Pune under IPC 506.
CP-1284,CASE-0860,PERSON-0518,REPORTING_PERSON,Subject of enquiry in Forged Documentation and Property Fraud in Bilaspur under IPC 467/468/471.
CP-1285,CASE-1075,PERSON-0130,ASSOCIATE,Subject of enquiry in Nocturnal Commercial Burglary in Kolkata under IPC 457/380.
CP-1286,CASE-0873,PERSON-0489,ACCUSED,Subject of enquiry in Nocturnal Commercial Burglary in Bilaspur under IPC 457/380.
CP-1287,CASE-0094,PERSON-0047,WITNESS,Subject of enquiry in Nocturnal Commercial Burglary in Chennai under IPC 457/380.
CP-1288,CASE-0545,PERSON-0897,ASSOCIATE,Subject of enquiry in Intimidation and Witness Tampering at Kolkata under IPC 506.
CP-1289,CASE-0224,PERSON-0321,SUSPECT,Subject of enquiry in Serial Asset and Vehicle Theft in Bilaspur under IPC 379.
CP-1290,CASE-0073,PERSON-0825,ACCUSED,Subject of enquiry in Commercial Fraud and Embezzlement Syndicate at Chennai under IPC 420/406.
CP-1291,CASE-0364,PERSON-0498,PERSON_OF_INTEREST,Subject of enquiry in Intimidation and Witness Tampering at Siliguri under IPC 506.
CP-1292,CASE-1084,PERSON-0155,REPORTING_PERSON,Subject of enquiry in Digital Identity Theft and Financial Scam at Durg under IT Act 66D / IPC 420.
CP-1293,CASE-1212,PERSON-0567,PERSON_OF_INTEREST,Subject of enquiry in Nocturnal Commercial Burglary in Pune under IPC 457/380.
CP-1294,CASE-1150,PERSON-0092,WITNESS,Subject of enquiry in Kidnapping and Extortion Case at Pune under IPC 363/364A.
CP-1295,CASE-0270,PERSON-0806,PERSON_OF_INTEREST,Subject of enquiry in Kidnapping and Extortion Case at Siliguri under IPC 363/364A.
CP-1296,CASE-0014,PERSON-0309,ACCUSED,Subject of enquiry in Digital Identity Theft and Financial Scam at Delhi under IT Act 66D / IPC 420.
CP-1297,CASE-0266,PERSON-0271,WITNESS,Subject of enquiry in Serial Asset and Vehicle Theft in Delhi under IPC 379.
CP-1298,CASE-1079,PERSON-0602,ACCUSED,Subject of enquiry in Kidnapping and Extortion Case at Chennai under IPC 363/364A.
CP-1299,CASE-0824,PERSON-0197,ASSOCIATE,Subject of enquiry in Digital Identity Theft and Financial Scam at Durg under IT Act 66D / IPC 420.
CP-1300,CASE-0678,PERSON-0601,PERSON_OF_INTEREST,Subject of enquiry in Nocturnal Commercial Burglary in Lucknow under IPC 457/380.
CP-1301,CASE-0853,PERSON-0090,ACCUSED,Subject of enquiry in Serial Asset and Vehicle Theft in Nagpur under IPC 379.
CP-1302,CASE-1196,PERSON-0549,PERSON_OF_INTEREST,Subject of enquiry in Forged Documentation and Property Fraud in Mumbai under IPC 467/468/471.
CP-1303,CASE-0922,PERSON-0582,PERSON_OF_INTEREST,Subject of enquiry in Kidnapping and Extortion Case at Pune under IPC 363/364A.
CP-1304,CASE-0573,PERSON-0336,ASSOCIATE,Subject of enquiry in Nocturnal Commercial Burglary in Kolkata under IPC 457/380.
CP-1305,CASE-0284,PERSON-0535,REPORTING_PERSON,Subject of enquiry in Forged Documentation and Property Fraud in Delhi under IPC 467/468/471.
CP-1306,CASE-0692,PERSON-0553,ACCUSED,Subject of enquiry in Targeted Homicide Investigation in Siliguri under IPC 302/120B.
CP-1307,CASE-0573,PERSON-0585,REPORTING_PERSON,Subject of enquiry in Nocturnal Commercial Burglary in Kolkata under IPC 457/380.
CP-1308,CASE-0696,PERSON-0781,WITNESS,Subject of enquiry in Digital Identity Theft and Financial Scam at Mumbai under IT Act 66D / IPC 420.
CP-1309,CASE-0865,PERSON-0403,ACCUSED,Subject of enquiry in Kidnapping and Extortion Case at Pune under IPC 363/364A.
CP-1310,CASE-0590,PERSON-0213,WITNESS,Subject of enquiry in Serial Asset and Vehicle Theft in Siliguri under IPC 379.
CP-1311,CASE-0264,PERSON-0342,WITNESS,Subject of enquiry in Kidnapping and Extortion Case at Kolkata under IPC 363/364A.
CP-1312,CASE-0244,PERSON-0115,REPORTING_PERSON,Subject of enquiry in Armed Robbery Incident at Bilaspur under IPC 392/397.
CP-1313,CASE-0877,PERSON-0371,SUSPECT,Subject of enquiry in Armed Robbery Incident at Delhi under IPC 392/397.
CP-1314,CASE-0279,PERSON-0985,SUSPECT,Subject of enquiry in Intimidation and Witness Tampering at Ahmedabad under IPC 506.
CP-1315,CASE-0081,PERSON-0074,ASSOCIATE,Subject of enquiry in Threat and Extortion Racket in Nagpur under IPC 384/386.
CP-1316,CASE-0629,PERSON-0412,REPORTING_PERSON,Subject of enquiry in Nocturnal Commercial Burglary in Pune under IPC 457/380.
CP-1317,CASE-0471,PERSON-0631,REPORTING_PERSON,Subject of enquiry in Nocturnal Commercial Burglary in Raipur under IPC 457/380.
CP-1318,CASE-0476,PERSON-0105,ASSOCIATE,Subject of enquiry in Kidnapping and Extortion Case at Chennai under IPC 363/364A.
CP-1319,CASE-0269,PERSON-0689,SUSPECT,Subject of enquiry in Targeted Homicide Investigation in Howrah under IPC 302/120B.
CP-1320,CASE-0668,PERSON-0920,ACCUSED,Subject of enquiry in Commercial Fraud and Embezzlement Syndicate at Delhi under IPC 420/406.
CP-1321,CASE-0142,PERSON-0244,SUSPECT,Subject of enquiry in Targeted Homicide Investigation in Ahmedabad under IPC 302/120B.
CP-1322,CASE-0664,PERSON-0379,PERSON_OF_INTEREST,Subject of enquiry in Digital Identity Theft and Financial Scam at Mumbai under IT Act 66D / IPC 420.
CP-1323,CASE-0070,PERSON-0565,ASSOCIATE,Subject of enquiry in Threat and Extortion Racket in Bilaspur under IPC 384/386.
CP-1324,CASE-0872,PERSON-0599,REPORTING_PERSON,Subject of enquiry in Threat and Extortion Racket in Pune under IPC 384/386.
CP-1325,CASE-0374,PERSON-0729,SUSPECT,Subject of enquiry in Physical Assault and Grievous Hurt Case at Bilaspur under IPC 323/325.
CP-1326,CASE-0582,PERSON-0341,ACCUSED,Subject of enquiry in Threat and Extortion Racket in Mumbai under IPC 384/386.
CP-1327,CASE-1065,PERSON-0568,WITNESS,Subject of enquiry in Nocturnal Commercial Burglary in Bilaspur under IPC 457/380.
CP-1328,CASE-0785,PERSON-0426,WITNESS,Subject of enquiry in Kidnapping and Extortion Case at Bilaspur under IPC 363/364A.
CP-1329,CASE-1005,PERSON-0178,PERSON_OF_INTEREST,Subject of enquiry in Armed Robbery Incident at Bilaspur under IPC 392/397.
CP-1330,CASE-0455,PERSON-0464,PERSON_OF_INTEREST,Subject of enquiry in Serial Asset and Vehicle Theft in Kolkata under IPC 379.
CP-1331,CASE-0904,PERSON-0767,ACCUSED,Subject of enquiry in Forged Documentation and Property Fraud in Howrah under IPC 467/468/471.
CP-1332,CASE-0847,PERSON-0184,REPORTING_PERSON,Subject of enquiry in Commercial Fraud and Embezzlement Syndicate at Varanasi under IPC 420/406.
CP-1333,CASE-0014,PERSON-0163,ACCUSED,Subject of enquiry in Digital Identity Theft and Financial Scam at Delhi under IT Act 66D / IPC 420.
CP-1334,CASE-1056,PERSON-0787,REPORTING_PERSON,Subject of enquiry in Physical Assault and Grievous Hurt Case at Kolkata under IPC 323/325.
CP-1335,CASE-0344,PERSON-0972,ACCUSED,Subject of enquiry in Threat and Extortion Racket in Mumbai under IPC 384/386.
CP-1336,CASE-0590,PERSON-0245,SUSPECT,Subject of enquiry in Serial Asset and Vehicle Theft in Siliguri under IPC 379.
CP-1337,CASE-1077,PERSON-0254,ASSOCIATE,Subject of enquiry in Commercial Fraud and Embezzlement Syndicate at Kolkata under IPC 420/406.
CP-1338,CASE-1113,PERSON-0858,SUSPECT,Subject of enquiry in Nocturnal Commercial Burglary in Kolkata under IPC 457/380.
CP-1339,CASE-0274,PERSON-0225,SUSPECT,Subject of enquiry in Commercial Fraud and Embezzlement Syndicate at Kolkata under IPC 420/406.
CP-1340,CASE-0259,PERSON-0235,WITNESS,Subject of enquiry in Armed Robbery Incident at Howrah under IPC 392/397.
CP-1341,CASE-0294,PERSON-0930,REPORTING_PERSON,Subject of enquiry in Intimidation and Witness Tampering at Surat under IPC 506.
CP-1342,CASE-0015,PERSON-0672,ACCUSED,Subject of enquiry in Threat and Extortion Racket in Kolkata under IPC 384/386.
CP-1343,CASE-0190,PERSON-0091,PERSON_OF_INTEREST,Subject of enquiry in Digital Identity Theft and Financial Scam at Delhi under IT Act 66D / IPC 420.
CP-1344,CASE-0017,PERSON-0937,SUSPECT,Subject of enquiry in Nocturnal Commercial Burglary in Kolkata under IPC 457/380.
CP-1345,CASE-1065,PERSON-0281,PERSON_OF_INTEREST,Subject of enquiry in Nocturnal Commercial Burglary in Bilaspur under IPC 457/380.
CP-1346,CASE-0538,PERSON-0532,ASSOCIATE,Subject of enquiry in Physical Assault and Grievous Hurt Case at Kolkata under IPC 323/325.
CP-1347,CASE-0418,PERSON-0765,WITNESS,Subject of enquiry in Kidnapping and Extortion Case at Siliguri under IPC 363/364A.
CP-1348,CASE-0949,PERSON-0384,SUSPECT,Subject of enquiry in Serial Asset and Vehicle Theft in Delhi under IPC 379.
CP-1349,CASE-1091,PERSON-0200,PERSON_OF_INTEREST,Subject of enquiry in Commercial Fraud and Embezzlement Syndicate at Delhi under IPC 420/406.
CP-1350,CASE-0828,PERSON-0562,REPORTING_PERSON,Subject of enquiry in Kidnapping and Extortion Case at Bilaspur under IPC 363/364A.
CP-1351,CASE-0179,PERSON-0712,PERSON_OF_INTEREST,Subject of enquiry in Digital Identity Theft and Financial Scam at Ahmedabad under IT Act 66D / IPC 420.
CP-1352,CASE-0363,PERSON-0836,ASSOCIATE,Subject of enquiry in Physical Assault and Grievous Hurt Case at Siliguri under IPC 323/325.
CP-1353,CASE-0717,PERSON-0522,PERSON_OF_INTEREST,Subject of enquiry in Physical Assault and Grievous Hurt Case at Delhi under IPC 323/325.
CP-1354,CASE-0658,PERSON-0297,REPORTING_PERSON,Subject of enquiry in Threat and Extortion Racket in Pune under IPC 384/386.
CP-1355,CASE-0744,PERSON-0606,REPORTING_PERSON,Subject of enquiry in Physical Assault and Grievous Hurt Case at Durg under IPC 323/325.
CP-1356,CASE-0545,PERSON-0526,ASSOCIATE,Subject of enquiry in Intimidation and Witness Tampering at Kolkata under IPC 506.
CP-1357,CASE-0777,PERSON-0189,WITNESS,Subject of enquiry in Intimidation and Witness Tampering at Kolkata under IPC 506.
CP-1358,CASE-0067,PERSON-0364,ASSOCIATE,Subject of enquiry in Threat and Extortion Racket in Mumbai under IPC 384/386.
CP-1359,CASE-0185,PERSON-0554,REPORTING_PERSON,Subject of enquiry in Intimidation and Witness Tampering at Lucknow under IPC 506.
CP-1360,CASE-0929,PERSON-0422,REPORTING_PERSON,Subject of enquiry in Commercial Fraud and Embezzlement Syndicate at Siliguri under IPC 420/406.
CP-1361,CASE-1135,PERSON-0277,REPORTING_PERSON,Subject of enquiry in Serial Asset and Vehicle Theft in Delhi under IPC 379.
CP-1362,CASE-0210,PERSON-0432,SUSPECT,Subject of enquiry in Armed Robbery Incident at Raipur under IPC 392/397.
CP-1363,CASE-1126,PERSON-0920,ASSOCIATE,Subject of enquiry in Intimidation and Witness Tampering at Delhi under IPC 506.
CP-1364,CASE-0901,PERSON-0154,REPORTING_PERSON,Subject of enquiry in Armed Robbery Incident at Bilaspur under IPC 392/397.
CP-1365,CASE-0961,PERSON-0210,SUSPECT,Subject of enquiry in Digital Identity Theft and Financial Scam at Chennai under IT Act 66D / IPC 420.
CP-1366,CASE-0937,PERSON-0734,ASSOCIATE,Subject of enquiry in Digital Identity Theft and Financial Scam at Pune under IT Act 66D / IPC 420.
CP-1367,CASE-0407,PERSON-0484,REPORTING_PERSON,Subject of enquiry in Serial Asset and Vehicle Theft in Varanasi under IPC 379.
CP-1368,CASE-0445,PERSON-0979,WITNESS,Subject of enquiry in Forged Documentation and Property Fraud in Siliguri under IPC 467/468/471.
CP-1369,CASE-1194,PERSON-0221,SUSPECT,Subject of enquiry in Intimidation and Witness Tampering at Lucknow under IPC 506.
CP-1370,CASE-0668,PERSON-0217,ASSOCIATE,Subject of enquiry in Commercial Fraud and Embezzlement Syndicate at Delhi under IPC 420/406.
CP-1371,CASE-0318,PERSON-0621,WITNESS,Subject of enquiry in Digital Identity Theft and Financial Scam at Siliguri under IT Act 66D / IPC 420.
CP-1372,CASE-0439,PERSON-0789,PERSON_OF_INTEREST,Subject of enquiry in Physical Assault and Grievous Hurt Case at Bilaspur under IPC 323/325.
CP-1373,CASE-0351,PERSON-0134,REPORTING_PERSON,Subject of enquiry in Serial Asset and Vehicle Theft in Surat under IPC 379.
CP-1374,CASE-0875,PERSON-0849,ACCUSED,Subject of enquiry in Intimidation and Witness Tampering at Mumbai under IPC 506.
CP-1375,CASE-1199,PERSON-0108,REPORTING_PERSON,Subject of enquiry in Forged Documentation and Property Fraud in Raipur under IPC 467/468/471.
CP-1376,CASE-0621,PERSON-0272,WITNESS,Subject of enquiry in Commercial Fraud and Embezzlement Syndicate at Lucknow under IPC 420/406.
CP-1377,CASE-1128,PERSON-0178,ASSOCIATE,Subject of enquiry in Commercial Fraud and Embezzlement Syndicate at Raipur under IPC 420/406.
CP-1378,CASE-0342,PERSON-0363,REPORTING_PERSON,Subject of enquiry in Threat and Extortion Racket in Mumbai under IPC 384/386.
CP-1379,CASE-0745,PERSON-0750,ASSOCIATE,Subject of enquiry in Nocturnal Commercial Burglary in Bilaspur under IPC 457/380.
CP-1380,CASE-1183,PERSON-0907,WITNESS,Subject of enquiry in Threat and Extortion Racket in Durg under IPC 384/386.
CP-1381,CASE-0417,PERSON-0358,WITNESS,Subject of enquiry in Commercial Fraud and Embezzlement Syndicate at Bilaspur under IPC 420/406.
CP-1382,CASE-0631,PERSON-0304,PERSON_OF_INTEREST,Subject of enquiry in Armed Robbery Incident at Ahmedabad under IPC 392/397.
CP-1383,CASE-0251,PERSON-0531,REPORTING_PERSON,Subject of enquiry in Serial Asset and Vehicle Theft in Howrah under IPC 379.
CP-1384,CASE-0949,PERSON-0785,REPORTING_PERSON,Subject of enquiry in Serial Asset and Vehicle Theft in Delhi under IPC 379.
CP-1385,CASE-1010,PERSON-0255,ASSOCIATE,Subject of enquiry in Physical Assault and Grievous Hurt Case at Raipur under IPC 323/325.
CP-1386,CASE-0806,PERSON-0327,ASSOCIATE,Subject of enquiry in Commercial Fraud and Embezzlement Syndicate at Raipur under IPC 420/406.
CP-1387,CASE-0041,PERSON-0615,ACCUSED,Subject of enquiry in Targeted Homicide Investigation in Bilaspur under IPC 302/120B.
CP-1388,CASE-0535,PERSON-0917,ACCUSED,Subject of enquiry in Threat and Extortion Racket in Nagpur under IPC 384/386.
CP-1389,CASE-1183,PERSON-0861,PERSON_OF_INTEREST,Subject of enquiry in Threat and Extortion Racket in Durg under IPC 384/386.
CP-1390,CASE-0239,PERSON-0215,PERSON_OF_INTEREST,Subject of enquiry in Commercial Fraud and Embezzlement Syndicate at Raipur under IPC 420/406.
CP-1391,CASE-1237,PERSON-0875,WITNESS,Subject of enquiry in Threat and Extortion Racket in Delhi under IPC 384/386.
CP-1392,CASE-0899,PERSON-0033,ASSOCIATE,Subject of enquiry in Nocturnal Commercial Burglary in Howrah under IPC 457/380.
CP-1393,CASE-1170,PERSON-0209,PERSON_OF_INTEREST,Subject of enquiry in Kidnapping and Extortion Case at Ahmedabad under IPC 363/364A.
CP-1394,CASE-0144,PERSON-0196,SUSPECT,Subject of enquiry in Nocturnal Commercial Burglary in Pune under IPC 457/380.
CP-1395,CASE-0679,PERSON-0283,REPORTING_PERSON,Subject of enquiry in Armed Robbery Incident at Lucknow under IPC 392/397.
CP-1396,CASE-1221,PERSON-0510,WITNESS,Subject of enquiry in Targeted Homicide Investigation in Ahmedabad under IPC 302/120B.
CP-1397,CASE-1020,PERSON-0767,SUSPECT,Subject of enquiry in Kidnapping and Extortion Case at Varanasi under IPC 363/364A.
CP-1398,CASE-0439,PERSON-0533,REPORTING_PERSON,Subject of enquiry in Physical Assault and Grievous Hurt Case at Bilaspur under IPC 323/325.
CP-1399,CASE-0670,PERSON-0172,WITNESS,Subject of enquiry in Intimidation and Witness Tampering at Surat under IPC 506.
CP-1400,CASE-1144,PERSON-0999,WITNESS,Subject of enquiry in Kidnapping and Extortion Case at Bilaspur under IPC 363/364A.
CP-1401,CASE-0498,PERSON-0164,ASSOCIATE,Subject of enquiry in Physical Assault and Grievous Hurt Case at Kolkata under IPC 323/325.
CP-1402,CASE-0058,PERSON-0862,REPORTING_PERSON,Subject of enquiry in Threat and Extortion Racket in Ahmedabad under IPC 384/386.
CP-1403,CASE-0202,PERSON-0168,ACCUSED,Subject of enquiry in Serial Asset and Vehicle Theft in Durg under IPC 379.
CP-1404,CASE-0814,PERSON-0777,REPORTING_PERSON,Subject of enquiry in Nocturnal Commercial Burglary in Raipur under IPC 457/380.
CP-1405,CASE-0112,PERSON-0592,ASSOCIATE,Subject of enquiry in Digital Identity Theft and Financial Scam at Surat under IT Act 66D / IPC 420.
CP-1406,CASE-0355,PERSON-0069,SUSPECT,Subject of enquiry in Commercial Fraud and Embezzlement Syndicate at Durg under IPC 420/406.
CP-1407,CASE-0544,PERSON-0810,WITNESS,Subject of enquiry in Digital Identity Theft and Financial Scam at Ahmedabad under IT Act 66D / IPC 420.
CP-1408,CASE-1002,PERSON-0652,REPORTING_PERSON,Subject of enquiry in Serial Asset and Vehicle Theft in Nagpur under IPC 379.
CP-1409,CASE-0954,PERSON-0562,WITNESS,Subject of enquiry in Physical Assault and Grievous Hurt Case at Bilaspur under IPC 323/325.
CP-1410,CASE-1037,PERSON-0915,WITNESS,Subject of enquiry in Kidnapping and Extortion Case at Varanasi under IPC 363/364A.
CP-1411,CASE-0898,PERSON-0388,REPORTING_PERSON,Subject of enquiry in Forged Documentation and Property Fraud in Nagpur under IPC 467/468/471.
CP-1412,CASE-0432,PERSON-0740,REPORTING_PERSON,Subject of enquiry in Targeted Homicide Investigation in Kolkata under IPC 302/120B.
CP-1413,CASE-0763,PERSON-0714,WITNESS,Subject of enquiry in Targeted Homicide Investigation in Delhi under IPC 302/120B.
CP-1414,CASE-0732,PERSON-0220,ASSOCIATE,Subject of enquiry in Targeted Homicide Investigation in Howrah under IPC 302/120B.
CP-1415,CASE-1096,PERSON-0434,SUSPECT,Subject of enquiry in Nocturnal Commercial Burglary in Siliguri under IPC 457/380.
CP-1416,CASE-0083,PERSON-0237,SUSPECT,Subject of enquiry in Serial Asset and Vehicle Theft in Varanasi under IPC 379.
CP-1417,CASE-0570,PERSON-0340,ASSOCIATE,Subject of enquiry in Digital Identity Theft and Financial Scam at Nagpur under IT Act 66D / IPC 420.
CP-1418,CASE-0795,PERSON-0691,SUSPECT,Subject of enquiry in Physical Assault and Grievous Hurt Case at Delhi under IPC 323/325.
CP-1419,CASE-1173,PERSON-0906,WITNESS,Subject of enquiry in Intimidation and Witness Tampering at Delhi under IPC 506.
CP-1420,CASE-0657,PERSON-0143,PERSON_OF_INTEREST,Subject of enquiry in Kidnapping and Extortion Case at Mumbai under IPC 363/364A.
CP-1421,CASE-0137,PERSON-0386,ASSOCIATE,Subject of enquiry in Intimidation and Witness Tampering at Siliguri under IPC 506.
CP-1422,CASE-0431,PERSON-0923,REPORTING_PERSON,Subject of enquiry in Armed Robbery Incident at Kolkata under IPC 392/397.
CP-1423,CASE-1169,PERSON-0951,SUSPECT,Subject of enquiry in Commercial Fraud and Embezzlement Syndicate at Bilaspur under IPC 420/406.
CP-1424,CASE-0047,PERSON-0828,ASSOCIATE,Subject of enquiry in Kidnapping and Extortion Case at Durg under IPC 363/364A.
CP-1425,CASE-1183,PERSON-0202,REPORTING_PERSON,Subject of enquiry in Threat and Extortion Racket in Durg under IPC 384/386.
CP-1426,CASE-1202,PERSON-0798,ACCUSED,Subject of enquiry in Serial Asset and Vehicle Theft in Durg under IPC 379.
CP-1427,CASE-0050,PERSON-0125,ACCUSED,Subject of enquiry in Targeted Homicide Investigation in Mumbai under IPC 302/120B.
CP-1428,CASE-0408,PERSON-0520,ACCUSED,Subject of enquiry in Nocturnal Commercial Burglary in Delhi under IPC 457/380.
CP-1429,CASE-1048,PERSON-0228,SUSPECT,Subject of enquiry in Armed Robbery Incident at Ahmedabad under IPC 392/397.
CP-1430,CASE-0403,PERSON-0964,SUSPECT,Subject of enquiry in Digital Identity Theft and Financial Scam at Kolkata under IT Act 66D / IPC 420.
CP-1431,CASE-1181,PERSON-0456,PERSON_OF_INTEREST,Subject of enquiry in Nocturnal Commercial Burglary in Kolkata under IPC 457/380.
CP-1432,CASE-0170,PERSON-0246,REPORTING_PERSON,Subject of enquiry in Nocturnal Commercial Burglary in Delhi under IPC 457/380.
CP-1433,CASE-1216,PERSON-0542,SUSPECT,Subject of enquiry in Kidnapping and Extortion Case at Delhi under IPC 363/364A.
CP-1434,CASE-1247,PERSON-0148,ASSOCIATE,Subject of enquiry in Kidnapping and Extortion Case at Bilaspur under IPC 363/364A.
CP-1435,CASE-0815,PERSON-0080,REPORTING_PERSON,Subject of enquiry in Armed Robbery Incident at Kolkata under IPC 392/397.
CP-1436,CASE-0310,PERSON-0780,ASSOCIATE,Subject of enquiry in Forged Documentation and Property Fraud in Raipur under IPC 467/468/471.
CP-1437,CASE-0237,PERSON-0243,ASSOCIATE,Subject of enquiry in Threat and Extortion Racket in Nagpur under IPC 384/386.
CP-1438,CASE-0242,PERSON-0918,REPORTING_PERSON,Subject of enquiry in Nocturnal Commercial Burglary in Delhi under IPC 457/380.
CP-1439,CASE-0943,PERSON-0450,PERSON_OF_INTEREST,Subject of enquiry in Forged Documentation and Property Fraud in Lucknow under IPC 467/468/471.
CP-1440,CASE-0286,PERSON-0085,SUSPECT,Subject of enquiry in Physical Assault and Grievous Hurt Case at Surat under IPC 323/325.
CP-1441,CASE-1241,PERSON-0820,REPORTING_PERSON,Subject of enquiry in Kidnapping and Extortion Case at Ahmedabad under IPC 363/364A.
CP-1442,CASE-0183,PERSON-0149,SUSPECT,Subject of enquiry in Forged Documentation and Property Fraud in Delhi under IPC 467/468/471.
CP-1443,CASE-0784,PERSON-0443,SUSPECT,Subject of enquiry in Forged Documentation and Property Fraud in Pune under IPC 467/468/471.
CP-1444,CASE-0266,PERSON-0966,ASSOCIATE,Subject of enquiry in Serial Asset and Vehicle Theft in Delhi under IPC 379.
CP-1445,CASE-0086,PERSON-0154,WITNESS,Subject of enquiry in Commercial Fraud and Embezzlement Syndicate at Kolkata under IPC 420/406.
CP-1446,CASE-0066,PERSON-0488,ASSOCIATE,Subject of enquiry in Intimidation and Witness Tampering at Kolkata under IPC 506.
CP-1447,CASE-0703,PERSON-0708,REPORTING_PERSON,Subject of enquiry in Digital Identity Theft and Financial Scam at Delhi under IT Act 66D / IPC 420.
CP-1448,CASE-1084,PERSON-0809,PERSON_OF_INTEREST,Subject of enquiry in Digital Identity Theft and Financial Scam at Durg under IT Act 66D / IPC 420.
CP-1449,CASE-0510,PERSON-0233,WITNESS,Subject of enquiry in Forged Documentation and Property Fraud in Mumbai under IPC 467/468/471.
CP-1450,CASE-0439,PERSON-0068,ACCUSED,Subject of enquiry in Physical Assault and Grievous Hurt Case at Bilaspur under IPC 323/325.
CP-1451,CASE-1172,PERSON-0228,PERSON_OF_INTEREST,Subject of enquiry in Armed Robbery Incident at Pune under IPC 392/397.
CP-1452,CASE-0779,PERSON-0376,ASSOCIATE,Subject of enquiry in Armed Robbery Incident at Kolkata under IPC 392/397.
CP-1453,CASE-1099,PERSON-0044,REPORTING_PERSON,Subject of enquiry in Digital Identity Theft and Financial Scam at Mumbai under IT Act 66D / IPC 420.
CP-1454,CASE-0367,PERSON-0497,REPORTING_PERSON,Subject of enquiry in Forged Documentation and Property Fraud in Bilaspur under IPC 467/468/471.
CP-1455,CASE-0618,PERSON-0826,WITNESS,Subject of enquiry in Armed Robbery Incident at Lucknow under IPC 392/397.
CP-1456,CASE-0213,PERSON-0184,ACCUSED,Subject of enquiry in Armed Robbery Incident at Mumbai under IPC 392/397.
CP-1457,CASE-0361,PERSON-0133,SUSPECT,Subject of enquiry in Commercial Fraud and Embezzlement Syndicate at Lucknow under IPC 420/406.
CP-1458,CASE-0583,PERSON-0054,WITNESS,Subject of enquiry in Armed Robbery Incident at Kolkata under IPC 392/397.
CP-1459,CASE-0809,PERSON-0671,WITNESS,Subject of enquiry in Commercial Fraud and Embezzlement Syndicate at Durg under IPC 420/406.
CP-1460,CASE-0288,PERSON-0975,ACCUSED,Subject of enquiry in Threat and Extortion Racket in Siliguri under IPC 384/386.
CP-1461,CASE-0018,PERSON-0621,REPORTING_PERSON,Subject of enquiry in Commercial Fraud and Embezzlement Syndicate at Howrah under IPC 420/406.
CP-1462,CASE-0669,PERSON-0168,ASSOCIATE,Subject of enquiry in Serial Asset and Vehicle Theft in Lucknow under IPC 379.
CP-1463,CASE-1222,PERSON-0324,PERSON_OF_INTEREST,Subject of enquiry in Digital Identity Theft and Financial Scam at Ahmedabad under IT Act 66D / IPC 420.
CP-1464,CASE-0264,PERSON-0048,WITNESS,Subject of enquiry in Kidnapping and Extortion Case at Kolkata under IPC 363/364A.
CP-1465,CASE-0397,PERSON-0748,ACCUSED,Subject of enquiry in Kidnapping and Extortion Case at Raipur under IPC 363/364A.
CP-1466,CASE-0717,PERSON-0769,PERSON_OF_INTEREST,Subject of enquiry in Physical Assault and Grievous Hurt Case at Delhi under IPC 323/325.
CP-1467,CASE-0136,PERSON-0860,REPORTING_PERSON,Subject of enquiry in Threat and Extortion Racket in Durg under IPC 384/386.
CP-1468,CASE-0003,PERSON-0855,ASSOCIATE,Subject of enquiry in Armed Robbery Incident at Surat under IPC 392/397.
CP-1469,CASE-1166,PERSON-0641,ACCUSED,Subject of enquiry in Threat and Extortion Racket in Bilaspur under IPC 384/386.
CP-1470,CASE-0263,PERSON-0828,REPORTING_PERSON,Subject of enquiry in Armed Robbery Incident at Kolkata under IPC 392/397.
CP-1471,CASE-1195,PERSON-0539,SUSPECT,Subject of enquiry in Physical Assault and Grievous Hurt Case at Kolkata under IPC 323/325.
CP-1472,CASE-0200,PERSON-0265,PERSON_OF_INTEREST,Subject of enquiry in Nocturnal Commercial Burglary in Howrah under IPC 457/380.
CP-1473,CASE-0243,PERSON-0176,ACCUSED,Subject of enquiry in Commercial Fraud and Embezzlement Syndicate at Pune under IPC 420/406.
CP-1474,CASE-0391,PERSON-0465,ACCUSED,Subject of enquiry in Digital Identity Theft and Financial Scam at Durg under IT Act 66D / IPC 420.
CP-1475,CASE-1126,PERSON-0365,WITNESS,Subject of enquiry in Intimidation and Witness Tampering at Delhi under IPC 506.
CP-1476,CASE-0751,PERSON-0427,ACCUSED,Subject of enquiry in Kidnapping and Extortion Case at Pune under IPC 363/364A.
CP-1477,CASE-0267,PERSON-0248,SUSPECT,Subject of enquiry in Serial Asset and Vehicle Theft in Ahmedabad under IPC 379.
CP-1478,CASE-0532,PERSON-0995,SUSPECT,Subject of enquiry in Nocturnal Commercial Burglary in Mumbai under IPC 457/380.
CP-1479,CASE-0320,PERSON-0057,ASSOCIATE,Subject of enquiry in Physical Assault and Grievous Hurt Case at Mumbai under IPC 323/325.
CP-1480,CASE-0987,PERSON-0983,SUSPECT,Subject of enquiry in Armed Robbery Incident at Mumbai under IPC 392/397.
CP-1481,CASE-0866,PERSON-0157,ACCUSED,Subject of enquiry in Nocturnal Commercial Burglary in Mumbai under IPC 457/380.
CP-1482,CASE-0332,PERSON-0521,ASSOCIATE,Subject of enquiry in Nocturnal Commercial Burglary in Lucknow under IPC 457/380.
CP-1483,CASE-1142,PERSON-0537,ACCUSED,Subject of enquiry in Serial Asset and Vehicle Theft in Chennai under IPC 379.
CP-1484,CASE-0124,PERSON-0201,WITNESS,Subject of enquiry in Physical Assault and Grievous Hurt Case at Howrah under IPC 323/325.
CP-1485,CASE-0126,PERSON-0484,REPORTING_PERSON,Subject of enquiry in Intimidation and Witness Tampering at Kolkata under IPC 506.
CP-1486,CASE-0175,PERSON-0472,PERSON_OF_INTEREST,Subject of enquiry in Targeted Homicide Investigation in Delhi under IPC 302/120B.
CP-1487,CASE-1210,PERSON-0053,PERSON_OF_INTEREST,Subject of enquiry in Nocturnal Commercial Burglary in Pune under IPC 457/380.
CP-1488,CASE-0468,PERSON-0164,ASSOCIATE,Subject of enquiry in Nocturnal Commercial Burglary in Kolkata under IPC 457/380.
CP-1489,CASE-0577,PERSON-0574,REPORTING_PERSON,Subject of enquiry in Armed Robbery Incident at Kolkata under IPC 392/397.
CP-1490,CASE-0220,PERSON-0381,ACCUSED,Subject of enquiry in Commercial Fraud and Embezzlement Syndicate at Kolkata under IPC 420/406.
CP-1491,CASE-0535,PERSON-0915,ASSOCIATE,Subject of enquiry in Threat and Extortion Racket in Nagpur under IPC 384/386.
CP-1492,CASE-0016,PERSON-0258,REPORTING_PERSON,Subject of enquiry in Commercial Fraud and Embezzlement Syndicate at Durg under IPC 420/406.
CP-1493,CASE-0585,PERSON-0064,ASSOCIATE,Subject of enquiry in Physical Assault and Grievous Hurt Case at Surat under IPC 323/325.
CP-1494,CASE-0121,PERSON-0158,SUSPECT,Subject of enquiry in Serial Asset and Vehicle Theft in Delhi under IPC 379.
CP-1495,CASE-0744,PERSON-0960,PERSON_OF_INTEREST,Subject of enquiry in Physical Assault and Grievous Hurt Case at Durg under IPC 323/325.
CP-1496,CASE-1017,PERSON-0608,REPORTING_PERSON,Subject of enquiry in Commercial Fraud and Embezzlement Syndicate at Kolkata under IPC 420/406.
CP-1497,CASE-0925,PERSON-0408,PERSON_OF_INTEREST,Subject of enquiry in Kidnapping and Extortion Case at Nagpur under IPC 363/364A.
CP-1498,CASE-0632,PERSON-0668,SUSPECT,Subject of enquiry in Physical Assault and Grievous Hurt Case at Pune under IPC 323/325.
CP-1499,CASE-0760,PERSON-0484,WITNESS,Subject of enquiry in Physical Assault and Grievous Hurt Case at Nagpur under IPC 323/325.
CP-1500,CASE-0713,PERSON-0411,ACCUSED,Subject of enquiry in Armed Robbery Incident at Raipur under IPC 392/397.
CP-1501,CASE-0871,PERSON-0894,ASSOCIATE,Subject of enquiry in Commercial Fraud and Embezzlement Syndicate at Kolkata under IPC 420/406.
CP-1502,CASE-0505,PERSON-0288,PERSON_OF_INTEREST,Subject of enquiry in Kidnapping and Extortion Case at Raipur under IPC 363/364A.
CP-1503,CASE-0218,PERSON-0171,ACCUSED,Subject of enquiry in Intimidation and Witness Tampering at Durg under IPC 506.
CP-1504,CASE-0946,PERSON-0475,SUSPECT,Subject of enquiry in Digital Identity Theft and Financial Scam at Mumbai under IT Act 66D / IPC 420.
CP-1505,CASE-0227,PERSON-0076,WITNESS,Subject of enquiry in Armed Robbery Incident at Pune under IPC 392/397.
CP-1506,CASE-0122,PERSON-0818,SUSPECT,Subject of enquiry in Threat and Extortion Racket in Kolkata under IPC 384/386.
CP-1507,CASE-1054,PERSON-0156,SUSPECT,Subject of enquiry in Targeted Homicide Investigation in Kolkata under IPC 302/120B.
CP-1508,CASE-0425,PERSON-0058,REPORTING_PERSON,Subject of enquiry in Forged Documentation and Property Fraud in Kolkata under IPC 467/468/471.
CP-1509,CASE-0845,PERSON-0598,ASSOCIATE,Subject of enquiry in Threat and Extortion Racket in Durg under IPC 384/386.
CP-1510,CASE-0206,PERSON-0491,PERSON_OF_INTEREST,Subject of enquiry in Serial Asset and Vehicle Theft in Surat under IPC 379.
CP-1511,CASE-0566,PERSON-0812,SUSPECT,Subject of enquiry in Threat and Extortion Racket in Pune under IPC 384/386.
CP-1512,CASE-1002,PERSON-0196,PERSON_OF_INTEREST,Subject of enquiry in Serial Asset and Vehicle Theft in Nagpur under IPC 379.
CP-1513,CASE-1058,PERSON-0074,WITNESS,Subject of enquiry in Digital Identity Theft and Financial Scam at Bilaspur under IT Act 66D / IPC 420.
CP-1514,CASE-0027,PERSON-0560,SUSPECT,Subject of enquiry in Commercial Fraud and Embezzlement Syndicate at Bilaspur under IPC 420/406.
CP-1515,CASE-0751,PERSON-0489,SUSPECT,Subject of enquiry in Kidnapping and Extortion Case at Pune under IPC 363/364A.
CP-1516,CASE-0304,PERSON-0637,SUSPECT,Subject of enquiry in Physical Assault and Grievous Hurt Case at Howrah under IPC 323/325.
CP-1517,CASE-0222,PERSON-0381,REPORTING_PERSON,Subject of enquiry in Targeted Homicide Investigation in Howrah under IPC 302/120B.
CP-1518,CASE-0125,PERSON-0505,SUSPECT,Subject of enquiry in Kidnapping and Extortion Case at Mumbai under IPC 363/364A.
CP-1519,CASE-0401,PERSON-0551,SUSPECT,Subject of enquiry in Digital Identity Theft and Financial Scam at Delhi under IT Act 66D / IPC 420.
CP-1520,CASE-0837,PERSON-0494,SUSPECT,Subject of enquiry in Digital Identity Theft and Financial Scam at Pune under IT Act 66D / IPC 420.
CP-1521,CASE-0505,PERSON-0086,PERSON_OF_INTEREST,Subject of enquiry in Kidnapping and Extortion Case at Raipur under IPC 363/364A.
CP-1522,CASE-0470,PERSON-0371,SUSPECT,Subject of enquiry in Threat and Extortion Racket in Mumbai under IPC 384/386.
CP-1523,CASE-0098,PERSON-0863,ACCUSED,Subject of enquiry in Kidnapping and Extortion Case at Nagpur under IPC 363/364A.
CP-1524,CASE-0740,PERSON-0574,ACCUSED,Subject of enquiry in Threat and Extortion Racket in Pune under IPC 384/386.
CP-1525,CASE-1008,PERSON-0338,ASSOCIATE,Subject of enquiry in Threat and Extortion Racket in Bilaspur under IPC 384/386.
CP-1526,CASE-0821,PERSON-0210,SUSPECT,Subject of enquiry in Physical Assault and Grievous Hurt Case at Kolkata under IPC 323/325.
CP-1527,CASE-0403,PERSON-0056,SUSPECT,Subject of enquiry in Digital Identity Theft and Financial Scam at Kolkata under IT Act 66D / IPC 420.
CP-1528,CASE-1158,PERSON-0476,ASSOCIATE,Subject of enquiry in Forged Documentation and Property Fraud in Howrah under IPC 467/468/471.
CP-1529,CASE-0715,PERSON-0575,WITNESS,Subject of enquiry in Serial Asset and Vehicle Theft in Howrah under IPC 379.
CP-1530,CASE-0728,PERSON-0488,PERSON_OF_INTEREST,Subject of enquiry in Intimidation and Witness Tampering at Nagpur under IPC 506.
CP-1531,CASE-0880,PERSON-0641,ACCUSED,Subject of enquiry in Nocturnal Commercial Burglary in Mumbai under IPC 457/380.
CP-1532,CASE-1017,PERSON-0061,ASSOCIATE,Subject of enquiry in Commercial Fraud and Embezzlement Syndicate at Kolkata under IPC 420/406.
CP-1533,CASE-0247,PERSON-0605,SUSPECT,Subject of enquiry in Commercial Fraud and Embezzlement Syndicate at Varanasi under IPC 420/406.
CP-1534,CASE-0684,PERSON-0234,REPORTING_PERSON,Subject of enquiry in Nocturnal Commercial Burglary in Varanasi under IPC 457/380.
CP-1535,CASE-0411,PERSON-0652,PERSON_OF_INTEREST,Subject of enquiry in Kidnapping and Extortion Case at Varanasi under IPC 363/364A.
CP-1536,CASE-0321,PERSON-0873,PERSON_OF_INTEREST,Subject of enquiry in Nocturnal Commercial Burglary in Kolkata under IPC 457/380.
CP-1537,CASE-0521,PERSON-0889,PERSON_OF_INTEREST,Subject of enquiry in Armed Robbery Incident at Pune under IPC 392/397.
CP-1538,CASE-0807,PERSON-0478,ASSOCIATE,Subject of enquiry in Nocturnal Commercial Burglary in Mumbai under IPC 457/380.
CP-1539,CASE-0162,PERSON-0392,WITNESS,Subject of enquiry in Nocturnal Commercial Burglary in Howrah under IPC 457/380.
CP-1540,CASE-0132,PERSON-0568,ASSOCIATE,Subject of enquiry in Threat and Extortion Racket in Pune under IPC 384/386.
CP-1541,CASE-0284,PERSON-0747,PERSON_OF_INTEREST,Subject of enquiry in Forged Documentation and Property Fraud in Delhi under IPC 467/468/471.
CP-1542,CASE-0039,PERSON-0063,SUSPECT,Subject of enquiry in Physical Assault and Grievous Hurt Case at Delhi under IPC 323/325.
CP-1543,CASE-0545,PERSON-0443,PERSON_OF_INTEREST,Subject of enquiry in Intimidation and Witness Tampering at Kolkata under IPC 506.
CP-1544,CASE-0872,PERSON-0133,ACCUSED,Subject of enquiry in Threat and Extortion Racket in Pune under IPC 384/386.
CP-1545,CASE-0677,PERSON-0672,WITNESS,Subject of enquiry in Kidnapping and Extortion Case at Howrah under IPC 363/364A.
CP-1546,CASE-0052,PERSON-0804,SUSPECT,Subject of enquiry in Commercial Fraud and Embezzlement Syndicate at Raipur under IPC 420/406.
CP-1547,CASE-0239,PERSON-0082,PERSON_OF_INTEREST,Subject of enquiry in Commercial Fraud and Embezzlement Syndicate at Raipur under IPC 420/406.
CP-1548,CASE-1206,PERSON-0528,REPORTING_PERSON,Subject of enquiry in Nocturnal Commercial Burglary in Kolkata under IPC 457/380.
CP-1549,CASE-0958,PERSON-0158,ACCUSED,Subject of enquiry in Serial Asset and Vehicle Theft in Chennai under IPC 379.
CP-1550,CASE-0077,PERSON-0051,REPORTING_PERSON,Subject of enquiry in Serial Asset and Vehicle Theft in Mumbai under IPC 379.
CP-1551,CASE-0538,PERSON-0630,ASSOCIATE,Subject of enquiry in Physical Assault and Grievous Hurt Case at Kolkata under IPC 323/325.
CP-1552,CASE-1114,PERSON-0817,WITNESS,Subject of enquiry in Forged Documentation and Property Fraud in Varanasi under IPC 467/468/471.
CP-1553,CASE-0140,PERSON-0871,REPORTING_PERSON,Subject of enquiry in Armed Robbery Incident at Kolkata under IPC 392/397.
CP-1554,CASE-1153,PERSON-0806,REPORTING_PERSON,Subject of enquiry in Serial Asset and Vehicle Theft in Lucknow under IPC 379.
CP-1555,CASE-0553,PERSON-0618,SUSPECT,Subject of enquiry in Commercial Fraud and Embezzlement Syndicate at Delhi under IPC 420/406.
CP-1556,CASE-0646,PERSON-0286,REPORTING_PERSON,Subject of enquiry in Kidnapping and Extortion Case at Varanasi under IPC 363/364A.
CP-1557,CASE-0135,PERSON-0355,ASSOCIATE,Subject of enquiry in Digital Identity Theft and Financial Scam at Delhi under IT Act 66D / IPC 420.
CP-1558,CASE-0087,PERSON-0292,WITNESS,Subject of enquiry in Digital Identity Theft and Financial Scam at Siliguri under IT Act 66D / IPC 420.
CP-1559,CASE-1247,PERSON-0544,SUSPECT,Subject of enquiry in Kidnapping and Extortion Case at Bilaspur under IPC 363/364A.
CP-1560,CASE-1208,PERSON-0335,REPORTING_PERSON,Subject of enquiry in Serial Asset and Vehicle Theft in Delhi under IPC 379.
CP-1561,CASE-1225,PERSON-0872,PERSON_OF_INTEREST,Subject of enquiry in Nocturnal Commercial Burglary in Bilaspur under IPC 457/380.
CP-1562,CASE-0809,PERSON-0833,WITNESS,Subject of enquiry in Commercial Fraud and Embezzlement Syndicate at Durg under IPC 420/406.
CP-1563,CASE-1084,PERSON-0535,REPORTING_PERSON,Subject of enquiry in Digital Identity Theft and Financial Scam at Durg under IT Act 66D / IPC 420.
CP-1564,CASE-0459,PERSON-0694,SUSPECT,Subject of enquiry in Intimidation and Witness Tampering at Mumbai under IPC 506.
CP-1565,CASE-0407,PERSON-0505,WITNESS,Subject of enquiry in Serial Asset and Vehicle Theft in Varanasi under IPC 379.
CP-1566,CASE-0900,PERSON-0732,SUSPECT,Subject of enquiry in Forged Documentation and Property Fraud in Delhi under IPC 467/468/471.
CP-1567,CASE-0850,PERSON-0422,WITNESS,Subject of enquiry in Digital Identity Theft and Financial Scam at Pune under IT Act 66D / IPC 420.
CP-1568,CASE-1140,PERSON-0798,ACCUSED,Subject of enquiry in Physical Assault and Grievous Hurt Case at Delhi under IPC 323/325.
CP-1569,CASE-0210,PERSON-0451,PERSON_OF_INTEREST,Subject of enquiry in Armed Robbery Incident at Raipur under IPC 392/397.
CP-1570,CASE-0204,PERSON-0183,ASSOCIATE,Subject of enquiry in Armed Robbery Incident at Durg under IPC 392/397.
CP-1571,CASE-0994,PERSON-0324,SUSPECT,Subject of enquiry in Intimidation and Witness Tampering at Delhi under IPC 506.
CP-1572,CASE-0994,PERSON-0522,WITNESS,Subject of enquiry in Intimidation and Witness Tampering at Delhi under IPC 506.
CP-1573,CASE-0546,PERSON-0285,ASSOCIATE,Subject of enquiry in Threat and Extortion Racket in Ahmedabad under IPC 384/386.
CP-1574,CASE-0357,PERSON-0811,ACCUSED,Subject of enquiry in Armed Robbery Incident at Siliguri under IPC 392/397.
CP-1575,CASE-0895,PERSON-0218,ASSOCIATE,Subject of enquiry in Physical Assault and Grievous Hurt Case at Nagpur under IPC 323/325.
CP-1576,CASE-1056,PERSON-0716,WITNESS,Subject of enquiry in Physical Assault and Grievous Hurt Case at Kolkata under IPC 323/325.
CP-1577,CASE-1219,PERSON-0327,WITNESS,Subject of enquiry in Kidnapping and Extortion Case at Ahmedabad under IPC 363/364A.
CP-1578,CASE-1165,PERSON-0964,SUSPECT,Subject of enquiry in Targeted Homicide Investigation in Mumbai under IPC 302/120B.
CP-1579,CASE-0914,PERSON-0857,SUSPECT,Subject of enquiry in Digital Identity Theft and Financial Scam at Siliguri under IT Act 66D / IPC 420.
CP-1580,CASE-0138,PERSON-0759,ACCUSED,Subject of enquiry in Physical Assault and Grievous Hurt Case at Surat under IPC 323/325.
CP-1581,CASE-0339,PERSON-0935,PERSON_OF_INTEREST,Subject of enquiry in Kidnapping and Extortion Case at Kolkata under IPC 363/364A.
CP-1582,CASE-0286,PERSON-0057,ASSOCIATE,Subject of enquiry in Physical Assault and Grievous Hurt Case at Surat under IPC 323/325.
CP-1583,CASE-0957,PERSON-0083,WITNESS,Subject of enquiry in Physical Assault and Grievous Hurt Case at Surat under IPC 323/325.
CP-1584,CASE-0944,PERSON-0870,WITNESS,Subject of enquiry in Forged Documentation and Property Fraud in Delhi under IPC 467/468/471.
CP-1585,CASE-0352,PERSON-0139,SUSPECT,Subject of enquiry in Armed Robbery Incident at Delhi under IPC 392/397.
CP-1586,CASE-0842,PERSON-0087,ASSOCIATE,Subject of enquiry in Physical Assault and Grievous Hurt Case at Ahmedabad under IPC 323/325.
CP-1587,CASE-0057,PERSON-0676,REPORTING_PERSON,Subject of enquiry in Armed Robbery Incident at Nagpur under IPC 392/397.
CP-1588,CASE-0532,PERSON-0128,WITNESS,Subject of enquiry in Nocturnal Commercial Burglary in Mumbai under IPC 457/380.
CP-1589,CASE-0172,PERSON-0271,ACCUSED,Subject of enquiry in Armed Robbery Incident at Pune under IPC 392/397.
CP-1590,CASE-1171,PERSON-0556,WITNESS,Subject of enquiry in Kidnapping and Extortion Case at Durg under IPC 363/364A.
CP-1591,CASE-1034,PERSON-0937,WITNESS,Subject of enquiry in Kidnapping and Extortion Case at Nagpur under IPC 363/364A.
CP-1592,CASE-0919,PERSON-0953,ASSOCIATE,Subject of enquiry in Threat and Extortion Racket in Raipur under IPC 384/386.
CP-1593,CASE-0230,PERSON-0116,PERSON_OF_INTEREST,Subject of enquiry in Serial Asset and Vehicle Theft in Nagpur under IPC 379.
CP-1594,CASE-0046,PERSON-0779,WITNESS,Subject of enquiry in Commercial Fraud and Embezzlement Syndicate at Siliguri under IPC 420/406.
CP-1595,CASE-1032,PERSON-0671,WITNESS,Subject of enquiry in Nocturnal Commercial Burglary in Lucknow under IPC 457/380.
CP-1596,CASE-0594,PERSON-0981,REPORTING_PERSON,Subject of enquiry in Nocturnal Commercial Burglary in Mumbai under IPC 457/380.
CP-1597,CASE-1041,PERSON-0062,SUSPECT,Subject of enquiry in Physical Assault and Grievous Hurt Case at Lucknow under IPC 323/325.
CP-1598,CASE-1120,PERSON-0981,PERSON_OF_INTEREST,Subject of enquiry in Targeted Homicide Investigation in Kolkata under IPC 302/120B.
CP-1599,CASE-0533,PERSON-0342,WITNESS,Subject of enquiry in Threat and Extortion Racket in Delhi under IPC 384/386.
CP-1600,CASE-0284,PERSON-0195,SUSPECT,Subject of enquiry in Forged Documentation and Property Fraud in Delhi under IPC 467/468/471.
CP-1601,CASE-0925,PERSON-1000,ACCUSED,Subject of enquiry in Kidnapping and Extortion Case at Nagpur under IPC 363/364A.
CP-1602,CASE-1069,PERSON-0556,REPORTING_PERSON,Subject of enquiry in Nocturnal Commercial Burglary in Bilaspur under IPC 457/380.
CP-1603,CASE-0478,PERSON-0615,PERSON_OF_INTEREST,Subject of enquiry in Serial Asset and Vehicle Theft in Chennai under IPC 379.
CP-1604,CASE-1039,PERSON-0413,PERSON_OF_INTEREST,Subject of enquiry in Commercial Fraud and Embezzlement Syndicate at Chennai under IPC 420/406.
CP-1605,CASE-0024,PERSON-0583,ASSOCIATE,Subject of enquiry in Threat and Extortion Racket in Howrah under IPC 384/386.
CP-1606,CASE-0127,PERSON-0862,SUSPECT,Subject of enquiry in Targeted Homicide Investigation in Lucknow under IPC 302/120B.
CP-1607,CASE-0532,PERSON-0584,SUSPECT,Subject of enquiry in Nocturnal Commercial Burglary in Mumbai under IPC 457/380.
CP-1608,CASE-0858,PERSON-0516,ACCUSED,Subject of enquiry in Commercial Fraud and Embezzlement Syndicate at Mumbai under IPC 420/406.
CP-1609,CASE-0970,PERSON-0713,SUSPECT,Subject of enquiry in Forged Documentation and Property Fraud in Nagpur under IPC 467/468/471.
CP-1610,CASE-0369,PERSON-0893,ASSOCIATE,Subject of enquiry in Threat and Extortion Racket in Mumbai under IPC 384/386.
CP-1611,CASE-0779,PERSON-0607,SUSPECT,Subject of enquiry in Armed Robbery Incident at Kolkata under IPC 392/397.
CP-1612,CASE-0614,PERSON-0640,PERSON_OF_INTEREST,Subject of enquiry in Threat and Extortion Racket in Chennai under IPC 384/386.
CP-1613,CASE-0188,PERSON-0813,REPORTING_PERSON,Subject of enquiry in Nocturnal Commercial Burglary in Delhi under IPC 457/380.
CP-1614,CASE-0173,PERSON-0987,ASSOCIATE,Subject of enquiry in Serial Asset and Vehicle Theft in Delhi under IPC 379.
CP-1615,CASE-1047,PERSON-0943,PERSON_OF_INTEREST,Subject of enquiry in Armed Robbery Incident at Lucknow under IPC 392/397.
CP-1616,CASE-1210,PERSON-0307,ASSOCIATE,Subject of enquiry in Nocturnal Commercial Burglary in Pune under IPC 457/380.
CP-1617,CASE-1229,PERSON-0717,PERSON_OF_INTEREST,Subject of enquiry in Serial Asset and Vehicle Theft in Siliguri under IPC 379.
CP-1618,CASE-1147,PERSON-0956,WITNESS,Subject of enquiry in Nocturnal Commercial Burglary in Durg under IPC 457/380.
CP-1619,CASE-0309,PERSON-0505,REPORTING_PERSON,Subject of enquiry in Targeted Homicide Investigation in Ahmedabad under IPC 302/120B.
CP-1620,CASE-0804,PERSON-0623,REPORTING_PERSON,Subject of enquiry in Digital Identity Theft and Financial Scam at Surat under IT Act 66D / IPC 420.
CP-1621,CASE-0978,PERSON-0711,REPORTING_PERSON,Subject of enquiry in Serial Asset and Vehicle Theft in Mumbai under IPC 379.
CP-1622,CASE-0103,PERSON-0304,SUSPECT,Subject of enquiry in Digital Identity Theft and Financial Scam at Delhi under IT Act 66D / IPC 420.
CP-1623,CASE-1206,PERSON-0394,ASSOCIATE,Subject of enquiry in Nocturnal Commercial Burglary in Kolkata under IPC 457/380.
CP-1624,CASE-0242,PERSON-0295,SUSPECT,Subject of enquiry in Nocturnal Commercial Burglary in Delhi under IPC 457/380.
CP-1625,CASE-1190,PERSON-0464,SUSPECT,Subject of enquiry in Threat and Extortion Racket in Kolkata under IPC 384/386.
CP-1626,CASE-0727,PERSON-0468,SUSPECT,Subject of enquiry in Nocturnal Commercial Burglary in Nagpur under IPC 457/380.
CP-1627,CASE-1013,PERSON-0952,WITNESS,Subject of enquiry in Serial Asset and Vehicle Theft in Chennai under IPC 379.
CP-1628,CASE-0509,PERSON-0212,PERSON_OF_INTEREST,Subject of enquiry in Serial Asset and Vehicle Theft in Siliguri under IPC 379.
CP-1629,CASE-0582,PERSON-0721,REPORTING_PERSON,Subject of enquiry in Threat and Extortion Racket in Mumbai under IPC 384/386.
CP-1630,CASE-1133,PERSON-0602,ASSOCIATE,Subject of enquiry in Armed Robbery Incident at Delhi under IPC 392/397.
CP-1631,CASE-0683,PERSON-0771,PERSON_OF_INTEREST,Subject of enquiry in Nocturnal Commercial Burglary in Chennai under IPC 457/380.
CP-1632,CASE-0726,PERSON-0140,PERSON_OF_INTEREST,Subject of enquiry in Commercial Fraud and Embezzlement Syndicate at Kolkata under IPC 420/406.
CP-1633,CASE-1190,PERSON-0848,REPORTING_PERSON,Subject of enquiry in Threat and Extortion Racket in Kolkata under IPC 384/386.
CP-1634,CASE-0816,PERSON-0217,ACCUSED,Subject of enquiry in Commercial Fraud and Embezzlement Syndicate at Bilaspur under IPC 420/406.
CP-1635,CASE-0093,PERSON-0937,WITNESS,Subject of enquiry in Intimidation and Witness Tampering at Durg under IPC 506.
CP-1636,CASE-0864,PERSON-0749,REPORTING_PERSON,Subject of enquiry in Targeted Homicide Investigation in Lucknow under IPC 302/120B.
CP-1637,CASE-0580,PERSON-0886,WITNESS,Subject of enquiry in Commercial Fraud and Embezzlement Syndicate at Pune under IPC 420/406.
CP-1638,CASE-0771,PERSON-0423,WITNESS,Subject of enquiry in Physical Assault and Grievous Hurt Case at Delhi under IPC 323/325.
CP-1639,CASE-0510,PERSON-0768,ACCUSED,Subject of enquiry in Forged Documentation and Property Fraud in Mumbai under IPC 467/468/471.
CP-1640,CASE-0880,PERSON-0057,ACCUSED,Subject of enquiry in Nocturnal Commercial Burglary in Mumbai under IPC 457/380.
CP-1641,CASE-0928,PERSON-0554,ACCUSED,Subject of enquiry in Targeted Homicide Investigation in Kolkata under IPC 302/120B.
CP-1642,CASE-0311,PERSON-0097,PERSON_OF_INTEREST,Subject of enquiry in Digital Identity Theft and Financial Scam at Raipur under IT Act 66D / IPC 420.
CP-1643,CASE-0024,PERSON-0187,WITNESS,Subject of enquiry in Threat and Extortion Racket in Howrah under IPC 384/386.
CP-1644,CASE-0693,PERSON-0135,PERSON_OF_INTEREST,Subject of enquiry in Kidnapping and Extortion Case at Kolkata under IPC 363/364A.
CP-1645,CASE-0292,PERSON-0194,ACCUSED,Subject of enquiry in Threat and Extortion Racket in Howrah under IPC 384/386.
CP-1646,CASE-1188,PERSON-0809,ASSOCIATE,Subject of enquiry in Threat and Extortion Racket in Varanasi under IPC 384/386.
CP-1647,CASE-0833,PERSON-0312,WITNESS,Subject of enquiry in Commercial Fraud and Embezzlement Syndicate at Lucknow under IPC 420/406.
CP-1648,CASE-1120,PERSON-0159,SUSPECT,Subject of enquiry in Targeted Homicide Investigation in Kolkata under IPC 302/120B.
CP-1649,CASE-1030,PERSON-0618,ASSOCIATE,Subject of enquiry in Intimidation and Witness Tampering at Chennai under IPC 506.
CP-1650,CASE-0545,PERSON-0578,PERSON_OF_INTEREST,Subject of enquiry in Intimidation and Witness Tampering at Kolkata under IPC 506.
CP-1651,CASE-1091,PERSON-0744,WITNESS,Subject of enquiry in Commercial Fraud and Embezzlement Syndicate at Delhi under IPC 420/406.
CP-1652,CASE-0467,PERSON-0659,SUSPECT,Subject of enquiry in Nocturnal Commercial Burglary in Delhi under IPC 457/380.
CP-1653,CASE-0893,PERSON-0171,ACCUSED,Subject of enquiry in Forged Documentation and Property Fraud in Mumbai under IPC 467/468/471.
CP-1654,CASE-0810,PERSON-0522,ASSOCIATE,Subject of enquiry in Targeted Homicide Investigation in Mumbai under IPC 302/120B.
CP-1655,CASE-1080,PERSON-0486,WITNESS,Subject of enquiry in Commercial Fraud and Embezzlement Syndicate at Delhi under IPC 420/406.
CP-1656,CASE-1180,PERSON-0100,PERSON_OF_INTEREST,Subject of enquiry in Nocturnal Commercial Burglary in Mumbai under IPC 457/380.
CP-1657,CASE-0046,PERSON-0669,SUSPECT,Subject of enquiry in Commercial Fraud and Embezzlement Syndicate at Siliguri under IPC 420/406.
CP-1658,CASE-0183,PERSON-0338,SUSPECT,Subject of enquiry in Forged Documentation and Property Fraud in Delhi under IPC 467/468/471.
CP-1659,CASE-0440,PERSON-0880,SUSPECT,Subject of enquiry in Serial Asset and Vehicle Theft in Durg under IPC 379.
CP-1660,CASE-1202,PERSON-0948,REPORTING_PERSON,Subject of enquiry in Serial Asset and Vehicle Theft in Durg under IPC 379.
CP-1661,CASE-0509,PERSON-0397,REPORTING_PERSON,Subject of enquiry in Serial Asset and Vehicle Theft in Siliguri under IPC 379.
CP-1662,CASE-1229,PERSON-0686,ASSOCIATE,Subject of enquiry in Serial Asset and Vehicle Theft in Siliguri under IPC 379.
CP-1663,CASE-0419,PERSON-0762,PERSON_OF_INTEREST,Subject of enquiry in Serial Asset and Vehicle Theft in Kolkata under IPC 379.
CP-1664,CASE-0222,PERSON-0269,ASSOCIATE,Subject of enquiry in Targeted Homicide Investigation in Howrah under IPC 302/120B.
CP-1665,CASE-0974,PERSON-0767,PERSON_OF_INTEREST,Subject of enquiry in Threat and Extortion Racket in Surat under IPC 384/386.
CP-1666,CASE-0001,PERSON-0380,ASSOCIATE,Subject of enquiry in Nocturnal Commercial Burglary in Mumbai under IPC 457/380.
CP-1667,CASE-0510,PERSON-0075,ACCUSED,Subject of enquiry in Forged Documentation and Property Fraud in Mumbai under IPC 467/468/471.
CP-1668,CASE-0658,PERSON-0600,WITNESS,Subject of enquiry in Threat and Extortion Racket in Pune under IPC 384/386.
CP-1669,CASE-0194,PERSON-0441,ACCUSED,Subject of enquiry in Threat and Extortion Racket in Kolkata under IPC 384/386.
CP-1670,CASE-0045,PERSON-0962,ASSOCIATE,Subject of enquiry in Commercial Fraud and Embezzlement Syndicate at Kolkata under IPC 420/406.
CP-1671,CASE-0738,PERSON-0959,ACCUSED,Subject of enquiry in Serial Asset and Vehicle Theft in Nagpur under IPC 379.
CP-1672,CASE-0619,PERSON-0538,ASSOCIATE,Subject of enquiry in Armed Robbery Incident at Mumbai under IPC 392/397.
CP-1673,CASE-0537,PERSON-0158,WITNESS,Subject of enquiry in Serial Asset and Vehicle Theft in Mumbai under IPC 379.
CP-1674,CASE-0200,PERSON-0470,ACCUSED,Subject of enquiry in Nocturnal Commercial Burglary in Howrah under IPC 457/380.
CP-1675,CASE-0065,PERSON-0924,ASSOCIATE,Subject of enquiry in Kidnapping and Extortion Case at Howrah under IPC 363/364A.
CP-1676,CASE-0593,PERSON-0311,SUSPECT,Subject of enquiry in Nocturnal Commercial Burglary in Surat under IPC 457/380.
CP-1677,CASE-1162,PERSON-0457,PERSON_OF_INTEREST,Subject of enquiry in Targeted Homicide Investigation in Lucknow under IPC 302/120B.
CP-1678,CASE-0130,PERSON-0512,REPORTING_PERSON,Subject of enquiry in Armed Robbery Incident at Surat under IPC 392/397.
CP-1679,CASE-0992,PERSON-0949,REPORTING_PERSON,Subject of enquiry in Kidnapping and Extortion Case at Nagpur under IPC 363/364A.
CP-1680,CASE-0134,PERSON-0821,WITNESS,Subject of enquiry in Armed Robbery Incident at Ahmedabad under IPC 392/397.
CP-1681,CASE-0260,PERSON-0747,ACCUSED,Subject of enquiry in Targeted Homicide Investigation in Pune under IPC 302/120B.
CP-1682,CASE-1218,PERSON-0582,WITNESS,Subject of enquiry in Nocturnal Commercial Burglary in Siliguri under IPC 457/380.
CP-1683,CASE-1120,PERSON-0676,SUSPECT,Subject of enquiry in Targeted Homicide Investigation in Kolkata under IPC 302/120B.
CP-1684,CASE-1120,PERSON-0585,REPORTING_PERSON,Subject of enquiry in Targeted Homicide Investigation in Kolkata under IPC 302/120B.
CP-1685,CASE-0006,PERSON-0918,PERSON_OF_INTEREST,Subject of enquiry in Serial Asset and Vehicle Theft in Delhi under IPC 379.
CP-1686,CASE-0946,PERSON-0884,WITNESS,Subject of enquiry in Digital Identity Theft and Financial Scam at Mumbai under IT Act 66D / IPC 420.
CP-1687,CASE-0298,PERSON-0130,ACCUSED,Subject of enquiry in Serial Asset and Vehicle Theft in Howrah under IPC 379.
CP-1688,CASE-0164,PERSON-0484,ACCUSED,Subject of enquiry in Forged Documentation and Property Fraud in Pune under IPC 467/468/471.
CP-1689,CASE-0848,PERSON-0560,SUSPECT,Subject of enquiry in Digital Identity Theft and Financial Scam at Pune under IT Act 66D / IPC 420.
CP-1690,CASE-0464,PERSON-0890,ACCUSED,Subject of enquiry in Armed Robbery Incident at Kolkata under IPC 392/397.
CP-1691,CASE-0379,PERSON-0972,PERSON_OF_INTEREST,Subject of enquiry in Targeted Homicide Investigation in Delhi under IPC 302/120B.
CP-1692,CASE-0772,PERSON-1000,ACCUSED,Subject of enquiry in Nocturnal Commercial Burglary in Delhi under IPC 457/380.
CP-1693,CASE-1119,PERSON-0463,WITNESS,Subject of enquiry in Threat and Extortion Racket in Durg under IPC 384/386.
CP-1694,CASE-1103,PERSON-0663,ASSOCIATE,Subject of enquiry in Kidnapping and Extortion Case at Ahmedabad under IPC 363/364A.
CP-1695,CASE-1192,PERSON-0436,REPORTING_PERSON,Subject of enquiry in Armed Robbery Incident at Pune under IPC 392/397.
CP-1696,CASE-1126,PERSON-0481,ACCUSED,Subject of enquiry in Intimidation and Witness Tampering at Delhi under IPC 506.
CP-1697,CASE-1038,PERSON-0421,WITNESS,Subject of enquiry in Digital Identity Theft and Financial Scam at Delhi under IT Act 66D / IPC 420.
CP-1698,CASE-0640,PERSON-0736,SUSPECT,Subject of enquiry in Forged Documentation and Property Fraud in Kolkata under IPC 467/468/471.
CP-1699,CASE-0671,PERSON-0379,WITNESS,Subject of enquiry in Intimidation and Witness Tampering at Raipur under IPC 506.
CP-1700,CASE-0535,PERSON-0352,REPORTING_PERSON,Subject of enquiry in Threat and Extortion Racket in Nagpur under IPC 384/386.
CP-1701,CASE-0101,PERSON-0144,SUSPECT,Subject of enquiry in Physical Assault and Grievous Hurt Case at Delhi under IPC 323/325.
CP-1702,CASE-0277,PERSON-0770,WITNESS,Subject of enquiry in Serial Asset and Vehicle Theft in Siliguri under IPC 379.
CP-1703,CASE-0370,PERSON-0090,REPORTING_PERSON,Subject of enquiry in Digital Identity Theft and Financial Scam at Durg under IT Act 66D / IPC 420.
CP-1704,CASE-0979,PERSON-0400,ASSOCIATE,Subject of enquiry in Commercial Fraud and Embezzlement Syndicate at Howrah under IPC 420/406.
CP-1705,CASE-0782,PERSON-0941,REPORTING_PERSON,Subject of enquiry in Forged Documentation and Property Fraud in Raipur under IPC 467/468/471.
CP-1706,CASE-0092,PERSON-0390,SUSPECT,Subject of enquiry in Armed Robbery Incident at Varanasi under IPC 392/397.
CP-1707,CASE-0145,PERSON-0516,SUSPECT,Subject of enquiry in Digital Identity Theft and Financial Scam at Kolkata under IT Act 66D / IPC 420.
CP-1708,CASE-0866,PERSON-0730,REPORTING_PERSON,Subject of enquiry in Nocturnal Commercial Burglary in Mumbai under IPC 457/380.
CP-1709,CASE-0127,PERSON-0263,WITNESS,Subject of enquiry in Targeted Homicide Investigation in Lucknow under IPC 302/120B.
CP-1710,CASE-1102,PERSON-0801,WITNESS,Subject of enquiry in Physical Assault and Grievous Hurt Case at Ahmedabad under IPC 323/325.
CP-1711,CASE-0809,PERSON-0243,PERSON_OF_INTEREST,Subject of enquiry in Commercial Fraud and Embezzlement Syndicate at Durg under IPC 420/406.
CP-1712,CASE-0644,PERSON-0285,PERSON_OF_INTEREST,Subject of enquiry in Kidnapping and Extortion Case at Ahmedabad under IPC 363/364A.
CP-1713,CASE-0258,PERSON-0133,WITNESS,Subject of enquiry in Nocturnal Commercial Burglary in Ahmedabad under IPC 457/380.
CP-1714,CASE-1187,PERSON-0297,ACCUSED,Subject of enquiry in Intimidation and Witness Tampering at Delhi under IPC 506.
CP-1715,CASE-0763,PERSON-0644,SUSPECT,Subject of enquiry in Targeted Homicide Investigation in Delhi under IPC 302/120B.
CP-1716,CASE-0777,PERSON-0528,SUSPECT,Subject of enquiry in Intimidation and Witness Tampering at Kolkata under IPC 506.
CP-1717,CASE-0101,PERSON-0056,WITNESS,Subject of enquiry in Physical Assault and Grievous Hurt Case at Delhi under IPC 323/325.
CP-1718,CASE-1173,PERSON-0339,ASSOCIATE,Subject of enquiry in Intimidation and Witness Tampering at Delhi under IPC 506.
CP-1719,CASE-0612,PERSON-0574,WITNESS,Subject of enquiry in Digital Identity Theft and Financial Scam at Ahmedabad under IT Act 66D / IPC 420.
CP-1720,CASE-0513,PERSON-0214,SUSPECT,Subject of enquiry in Armed Robbery Incident at Delhi under IPC 392/397.
CP-1721,CASE-0601,PERSON-0973,PERSON_OF_INTEREST,Subject of enquiry in Kidnapping and Extortion Case at Raipur under IPC 363/364A.
CP-1722,CASE-0769,PERSON-0729,ACCUSED,Subject of enquiry in Forged Documentation and Property Fraud in Delhi under IPC 467/468/471.
CP-1723,CASE-1141,PERSON-0659,PERSON_OF_INTEREST,Subject of enquiry in Targeted Homicide Investigation in Delhi under IPC 302/120B.
CP-1724,CASE-0884,PERSON-0540,PERSON_OF_INTEREST,Subject of enquiry in Forged Documentation and Property Fraud in Kolkata under IPC 467/468/471.
CP-1725,CASE-0103,PERSON-0365,PERSON_OF_INTEREST,Subject of enquiry in Digital Identity Theft and Financial Scam at Delhi under IT Act 66D / IPC 420.
CP-1726,CASE-0537,PERSON-0196,SUSPECT,Subject of enquiry in Serial Asset and Vehicle Theft in Mumbai under IPC 379.
CP-1727,CASE-0637,PERSON-0353,PERSON_OF_INTEREST,Subject of enquiry in Intimidation and Witness Tampering at Nagpur under IPC 506.
CP-1728,CASE-0746,PERSON-0532,PERSON_OF_INTEREST,Subject of enquiry in Digital Identity Theft and Financial Scam at Mumbai under IT Act 66D / IPC 420.
CP-1729,CASE-0697,PERSON-0581,SUSPECT,Subject of enquiry in Forged Documentation and Property Fraud in Bilaspur under IPC 467/468/471.
CP-1730,CASE-1170,PERSON-0492,ACCUSED,Subject of enquiry in Kidnapping and Extortion Case at Ahmedabad under IPC 363/364A.
CP-1731,CASE-0654,PERSON-0257,ASSOCIATE,Subject of enquiry in Physical Assault and Grievous Hurt Case at Siliguri under IPC 323/325.
CP-1732,CASE-1038,PERSON-0855,WITNESS,Subject of enquiry in Digital Identity Theft and Financial Scam at Delhi under IT Act 66D / IPC 420.
CP-1733,CASE-0060,PERSON-0466,ASSOCIATE,Subject of enquiry in Digital Identity Theft and Financial Scam at Mumbai under IT Act 66D / IPC 420.
CP-1734,CASE-0497,PERSON-0908,ACCUSED,Subject of enquiry in Armed Robbery Incident at Nagpur under IPC 392/397.
CP-1735,CASE-0529,PERSON-0849,PERSON_OF_INTEREST,Subject of enquiry in Kidnapping and Extortion Case at Chennai under IPC 363/364A.
CP-1736,CASE-0781,PERSON-0833,ASSOCIATE,Subject of enquiry in Serial Asset and Vehicle Theft in Kolkata under IPC 379.
CP-1737,CASE-0378,PERSON-0819,PERSON_OF_INTEREST,Subject of enquiry in Digital Identity Theft and Financial Scam at Kolkata under IT Act 66D / IPC 420.
CP-1738,CASE-0690,PERSON-0748,ACCUSED,Subject of enquiry in Digital Identity Theft and Financial Scam at Surat under IT Act 66D / IPC 420.
CP-1739,CASE-0111,PERSON-0142,PERSON_OF_INTEREST,Subject of enquiry in Digital Identity Theft and Financial Scam at Kolkata under IT Act 66D / IPC 420.
CP-1740,CASE-0685,PERSON-0649,WITNESS,Subject of enquiry in Armed Robbery Incident at Delhi under IPC 392/397.
CP-1741,CASE-0711,PERSON-0265,SUSPECT,Subject of enquiry in Armed Robbery Incident at Siliguri under IPC 392/397.
CP-1742,CASE-0019,PERSON-0742,REPORTING_PERSON,Subject of enquiry in Serial Asset and Vehicle Theft in Delhi under IPC 379.
CP-1743,CASE-0872,PERSON-0195,ASSOCIATE,Subject of enquiry in Threat and Extortion Racket in Pune under IPC 384/386.
CP-1744,CASE-0243,PERSON-0210,ASSOCIATE,Subject of enquiry in Commercial Fraud and Embezzlement Syndicate at Pune under IPC 420/406.
CP-1745,CASE-0603,PERSON-0216,PERSON_OF_INTEREST,Subject of enquiry in Nocturnal Commercial Burglary in Raipur under IPC 457/380.
CP-1746,CASE-0877,PERSON-0933,PERSON_OF_INTEREST,Subject of enquiry in Armed Robbery Incident at Delhi under IPC 392/397.
CP-1747,CASE-0971,PERSON-0349,PERSON_OF_INTEREST,Subject of enquiry in Commercial Fraud and Embezzlement Syndicate at Siliguri under IPC 420/406.
CP-1748,CASE-0276,PERSON-0813,ACCUSED,Subject of enquiry in Digital Identity Theft and Financial Scam at Lucknow under IT Act 66D / IPC 420.
CP-1749,CASE-0138,PERSON-0430,SUSPECT,Subject of enquiry in Physical Assault and Grievous Hurt Case at Surat under IPC 323/325.
CP-1750,CASE-0213,PERSON-0111,ASSOCIATE,Subject of enquiry in Armed Robbery Incident at Mumbai under IPC 392/397.
CP-1751,CASE-0576,PERSON-0757,SUSPECT,Subject of enquiry in Commercial Fraud and Embezzlement Syndicate at Kolkata under IPC 420/406.
CP-1752,CASE-0190,PERSON-0412,WITNESS,Subject of enquiry in Digital Identity Theft and Financial Scam at Delhi under IT Act 66D / IPC 420.
CP-1753,CASE-0515,PERSON-0577,WITNESS,Subject of enquiry in Targeted Homicide Investigation in Surat under IPC 302/120B.
CP-1754,CASE-0796,PERSON-0092,SUSPECT,Subject of enquiry in Threat and Extortion Racket in Siliguri under IPC 384/386.
CP-1755,CASE-1100,PERSON-0046,SUSPECT,Subject of enquiry in Commercial Fraud and Embezzlement Syndicate at Mumbai under IPC 420/406.
CP-1756,CASE-0972,PERSON-0633,WITNESS,Subject of enquiry in Targeted Homicide Investigation in Siliguri under IPC 302/120B.
CP-1757,CASE-0812,PERSON-0523,REPORTING_PERSON,Subject of enquiry in Digital Identity Theft and Financial Scam at Nagpur under IT Act 66D / IPC 420.
CP-1758,CASE-1013,PERSON-0603,ASSOCIATE,Subject of enquiry in Serial Asset and Vehicle Theft in Chennai under IPC 379.
CP-1759,CASE-0402,PERSON-0926,SUSPECT,Subject of enquiry in Kidnapping and Extortion Case at Howrah under IPC 363/364A.
CP-1760,CASE-0355,PERSON-0622,WITNESS,Subject of enquiry in Commercial Fraud and Embezzlement Syndicate at Durg under IPC 420/406.
CP-1761,CASE-0734,PERSON-0485,SUSPECT,Subject of enquiry in Physical Assault and Grievous Hurt Case at Howrah under IPC 323/325.
CP-1762,CASE-0560,PERSON-0487,ASSOCIATE,Subject of enquiry in Nocturnal Commercial Burglary in Delhi under IPC 457/380.
CP-1763,CASE-0837,PERSON-0842,ACCUSED,Subject of enquiry in Digital Identity Theft and Financial Scam at Pune under IT Act 66D / IPC 420.
CP-1764,CASE-0337,PERSON-0684,PERSON_OF_INTEREST,Subject of enquiry in Forged Documentation and Property Fraud in Mumbai under IPC 467/468/471.
CP-1765,CASE-0156,PERSON-0181,REPORTING_PERSON,Subject of enquiry in Armed Robbery Incident at Kolkata under IPC 392/397.
CP-1766,CASE-0228,PERSON-0972,ASSOCIATE,Subject of enquiry in Digital Identity Theft and Financial Scam at Mumbai under IT Act 66D / IPC 420.
CP-1767,CASE-0110,PERSON-0239,WITNESS,Subject of enquiry in Serial Asset and Vehicle Theft in Delhi under IPC 379.
CP-1768,CASE-0515,PERSON-0265,REPORTING_PERSON,Subject of enquiry in Targeted Homicide Investigation in Surat under IPC 302/120B.
CP-1769,CASE-0981,PERSON-0381,ASSOCIATE,Subject of enquiry in Threat and Extortion Racket in Kolkata under IPC 384/386.
CP-1770,CASE-0881,PERSON-0385,REPORTING_PERSON,Subject of enquiry in Threat and Extortion Racket in Lucknow under IPC 384/386.
CP-1771,CASE-1206,PERSON-0778,PERSON_OF_INTEREST,Subject of enquiry in Nocturnal Commercial Burglary in Kolkata under IPC 457/380.
CP-1772,CASE-1091,PERSON-0080,PERSON_OF_INTEREST,Subject of enquiry in Commercial Fraud and Embezzlement Syndicate at Delhi under IPC 420/406.
CP-1773,CASE-1135,PERSON-0389,REPORTING_PERSON,Subject of enquiry in Serial Asset and Vehicle Theft in Delhi under IPC 379.
CP-1774,CASE-0346,PERSON-0408,ACCUSED,Subject of enquiry in Serial Asset and Vehicle Theft in Lucknow under IPC 379.
CP-1775,CASE-1053,PERSON-0210,ACCUSED,Subject of enquiry in Threat and Extortion Racket in Surat under IPC 384/386.
CP-1776,CASE-0262,PERSON-0157,REPORTING_PERSON,Subject of enquiry in Targeted Homicide Investigation in Kolkata under IPC 302/120B.
CP-1777,CASE-1142,PERSON-0742,ASSOCIATE,Subject of enquiry in Serial Asset and Vehicle Theft in Chennai under IPC 379.
CP-1778,CASE-1032,PERSON-0363,ACCUSED,Subject of enquiry in Nocturnal Commercial Burglary in Lucknow under IPC 457/380.
CP-1779,CASE-0742,PERSON-0847,ACCUSED,Subject of enquiry in Threat and Extortion Racket in Delhi under IPC 384/386.
CP-1780,CASE-0097,PERSON-0063,REPORTING_PERSON,Subject of enquiry in Forged Documentation and Property Fraud in Nagpur under IPC 467/468/471.
CP-1781,CASE-0880,PERSON-0291,ACCUSED,Subject of enquiry in Nocturnal Commercial Burglary in Mumbai under IPC 457/380.
CP-1782,CASE-0753,PERSON-0323,REPORTING_PERSON,Subject of enquiry in Intimidation and Witness Tampering at Varanasi under IPC 506.
CP-1783,CASE-0957,PERSON-0377,REPORTING_PERSON,Subject of enquiry in Physical Assault and Grievous Hurt Case at Surat under IPC 323/325.
CP-1784,CASE-0299,PERSON-0921,ASSOCIATE,Subject of enquiry in Armed Robbery Incident at Bilaspur under IPC 392/397.
CP-1785,CASE-0158,PERSON-0145,ASSOCIATE,Subject of enquiry in Intimidation and Witness Tampering at Chennai under IPC 506.
CP-1786,CASE-0397,PERSON-0188,REPORTING_PERSON,Subject of enquiry in Kidnapping and Extortion Case at Raipur under IPC 363/364A.
CP-1787,CASE-0917,PERSON-0323,WITNESS,Subject of enquiry in Digital Identity Theft and Financial Scam at Delhi under IT Act 66D / IPC 420.
CP-1788,CASE-1007,PERSON-0729,WITNESS,Subject of enquiry in Serial Asset and Vehicle Theft in Raipur under IPC 379.
CP-1789,CASE-0174,PERSON-0492,PERSON_OF_INTEREST,Subject of enquiry in Digital Identity Theft and Financial Scam at Delhi under IT Act 66D / IPC 420.
CP-1790,CASE-0816,PERSON-0813,ASSOCIATE,Subject of enquiry in Commercial Fraud and Embezzlement Syndicate at Bilaspur under IPC 420/406.
CP-1791,CASE-0498,PERSON-0711,ACCUSED,Subject of enquiry in Physical Assault and Grievous Hurt Case at Kolkata under IPC 323/325.
CP-1792,CASE-0341,PERSON-0532,ASSOCIATE,Subject of enquiry in Commercial Fraud and Embezzlement Syndicate at Siliguri under IPC 420/406.
CP-1793,CASE-0063,PERSON-0227,WITNESS,Subject of enquiry in Intimidation and Witness Tampering at Delhi under IPC 506.
CP-1794,CASE-1104,PERSON-0419,REPORTING_PERSON,Subject of enquiry in Forged Documentation and Property Fraud in Kolkata under IPC 467/468/471.
CP-1795,CASE-0348,PERSON-0870,SUSPECT,Subject of enquiry in Forged Documentation and Property Fraud in Mumbai under IPC 467/468/471.
CP-1796,CASE-0973,PERSON-0393,REPORTING_PERSON,Subject of enquiry in Intimidation and Witness Tampering at Mumbai under IPC 506.
CP-1797,CASE-0026,PERSON-0701,WITNESS,Subject of enquiry in Serial Asset and Vehicle Theft in Lucknow under IPC 379.
CP-1798,CASE-0125,PERSON-0851,SUSPECT,Subject of enquiry in Kidnapping and Extortion Case at Mumbai under IPC 363/364A.
CP-1799,CASE-1243,PERSON-0833,PERSON_OF_INTEREST,Subject of enquiry in Nocturnal Commercial Burglary in Chennai under IPC 457/380.
CP-1800,CASE-0506,PERSON-0877,SUSPECT,Subject of enquiry in Physical Assault and Grievous Hurt Case at Ahmedabad under IPC 323/325.
