communication_id,case_id,source_person_id,target_person_id,phone_id,communication_type,description
COMM-0001,CASE-0524,PERSON-0474,PERSON-0475,PHONE-0474,PHONE_CALL,Synthetic telecommunication record: PERSON-0474 Arjun Gupta contacted PERSON-0475 Manoj Kumar via PHONE_CALL in relation to CASE-0524.
COMM-0002,CASE-1221,PERSON-0130,PERSON-0002,PHONE-0130,ENCRYPTED_CALL,Synthetic telecommunication record: PERSON-0130 Santosh Jain contacted PERSON-0002 Rohit Singh via ENCRYPTED_CALL in relation to CASE-1221.
COMM-0003,CASE-0235,PERSON-0094,PERSON-0821,PHONE-0094,SMS,Synthetic telecommunication record: PERSON-0094 Subhash Joshi contacted PERSON-0821 Santosh Garg via SMS in relation to CASE-0235.
COMM-0004,CASE-0332,PERSON-0232,PERSON-0731,PHONE-0232,PHONE_CALL,Synthetic telecommunication record: PERSON-0232 Lata Das contacted PERSON-0731 Deepak Joshi via PHONE_CALL in relation to CASE-0332.
COMM-0005,CASE-0371,PERSON-0194,PERSON-0442,PHONE-0194,WHATSAPP,Synthetic telecommunication record: PERSON-0194 Devendra Garg contacted PERSON-0442 Mamta Shukla via WHATSAPP in relation to CASE-0371.
COMM-0006,CASE-0203,PERSON-0663,PERSON-0815,PHONE-0163,WHATSAPP,Synthetic telecommunication record: PERSON-0663 Manju Ansari contacted PERSON-0815 Sumit Khan via WHATSAPP in relation to CASE-0203.
COMM-0007,CASE-0139,PERSON-0362,PERSON-0929,PHONE-0362,PHONE_CALL,Synthetic telecommunication record: PERSON-0362 Mamta Yadav contacted PERSON-0929 Lata Ahmed via PHONE_CALL in relation to CASE-0139.
COMM-0008,CASE-1070,PERSON-0587,PERSON-0932,PHONE-0087,ENCRYPTED_CALL,Synthetic telecommunication record: PERSON-0587 Alok Singhal contacted PERSON-0932 Harish Mukherjee via ENCRYPTED_CALL in relation to CASE-1070.
COMM-0009,CASE-0009,PERSON-0703,PERSON-0375,PHONE-0203,PHONE_CALL,Synthetic telecommunication record: PERSON-0703 Abhishek Ahmed contacted PERSON-0375 Sumit Shukla via PHONE_CALL in relation to CASE-0009.
COMM-0010,CASE-0889,PERSON-0109,PERSON-0792,PHONE-0109,PHONE_CALL,Synthetic telecommunication record: PERSON-0109 Suresh Siddiqui contacted PERSON-0792 Vivek Patel via PHONE_CALL in relation to CASE-0889.
COMM-0011,CASE-1031,PERSON-0448,PERSON-0217,PHONE-0448,SMS,Synthetic telecommunication record: PERSON-0448 Anil Ghosh contacted PERSON-0217 Rakesh Sarkar via SMS in relation to CASE-1031.
COMM-0012,CASE-0168,PERSON-0748,PERSON-0603,PHONE-0248,SMS,Synthetic telecommunication record: PERSON-0748 Jitendra Sen contacted PERSON-0603 Deepak Gupta via SMS in relation to CASE-0168.
COMM-0013,CASE-1166,PERSON-0768,PERSON-0475,PHONE-0268,ENCRYPTED_CALL,Synthetic telecommunication record: PERSON-0768 Jyoti Ghosh contacted PERSON-0475 Manoj Kumar via ENCRYPTED_CALL in relation to CASE-1166.
COMM-0014,CASE-0343,PERSON-0721,PERSON-0708,PHONE-0221,PHONE_CALL,Synthetic telecommunication record: PERSON-0721 Dharmendra Singhal contacted PERSON-0708 Nitin Bose via PHONE_CALL in relation to CASE-0343.
COMM-0015,CASE-0782,PERSON-0570,PERSON-0530,PHONE-0070,PHONE_CALL,Synthetic telecommunication record: PERSON-0570 Ashok Mittal contacted PERSON-0530 Vivek Khan via PHONE_CALL in relation to CASE-0782.
COMM-0016,CASE-0104,PERSON-0769,PERSON-0792,PHONE-0269,SMS,Synthetic telecommunication record: PERSON-0769 Alok Goyal contacted PERSON-0792 Vivek Patel via SMS in relation to CASE-0104.
COMM-0017,CASE-0485,PERSON-0491,PERSON-0548,PHONE-0491,WHATSAPP,Synthetic telecommunication record: PERSON-0491 Kamla Kaur contacted PERSON-0548 Jitendra Ali via WHATSAPP in relation to CASE-0485.
COMM-0018,CASE-0138,PERSON-0561,PERSON-0385,PHONE-0061,WHATSAPP,Synthetic telecommunication record: PERSON-0561 Santosh Kumar contacted PERSON-0385 Ramesh Sarkar via WHATSAPP in relation to CASE-0138.
COMM-0019,CASE-1042,PERSON-0931,PERSON-0596,PHONE-0431,ENCRYPTED_CALL,Synthetic telecommunication record: PERSON-0931 Suresh Dutta contacted PERSON-0596 Asha Ghosh via ENCRYPTED_CALL in relation to CASE-1042.
COMM-0020,CASE-0354,PERSON-0823,PERSON-0522,PHONE-0323,SMS,Synthetic telecommunication record: PERSON-0823 Neetu Chatterjee contacted PERSON-0522 Meena Hussain via SMS in relation to CASE-0354.
COMM-0021,CASE-0680,PERSON-0985,PERSON-0904,PHONE-0485,SMS,Synthetic telecommunication record: PERSON-0985 Pradeep Goyal contacted PERSON-0904 Ritu Pandey via SMS in relation to CASE-0680.
COMM-0022,CASE-0110,PERSON-0674,PERSON-0099,PHONE-0174,WHATSAPP,Synthetic telecommunication record: PERSON-0674 Nitin Patel contacted PERSON-0099 Sumit Bose via WHATSAPP in relation to CASE-0110.
COMM-0023,CASE-0345,PERSON-0740,PERSON-0773,PHONE-0240,ENCRYPTED_CALL,Synthetic telecommunication record: PERSON-0740 Vandana Singh contacted PERSON-0773 Sunita Sen via ENCRYPTED_CALL in relation to CASE-0345.
COMM-0024,CASE-0333,PERSON-0002,PERSON-0056,PHONE-0002,WHATSAPP,Synthetic telecommunication record: PERSON-0002 Rohit Singh contacted PERSON-0056 Pawan Bhattacharya via WHATSAPP in relation to CASE-0333.
COMM-0025,CASE-1129,PERSON-0219,PERSON-0630,PHONE-0219,SMS,Synthetic telecommunication record: PERSON-0219 Abhishek Gupta contacted PERSON-0630 Rohit Bose via SMS in relation to CASE-1129.
COMM-0026,CASE-1100,PERSON-0131,PERSON-0641,PHONE-0131,WHATSAPP,Synthetic telecommunication record: PERSON-0131 Mukesh Garg contacted PERSON-0641 Kunal Ghosh via WHATSAPP in relation to CASE-1100.
COMM-0027,CASE-0278,PERSON-0679,PERSON-0969,PHONE-0179,WHATSAPP,Synthetic telecommunication record: PERSON-0679 Santosh Kumar contacted PERSON-0969 Seema Singhal via WHATSAPP in relation to CASE-0278.
COMM-0028,CASE-0122,PERSON-0259,PERSON-0091,PHONE-0259,SMS,Synthetic telecommunication record: PERSON-0259 Vikram Shukla contacted PERSON-0091 Pushpa Verma via SMS in relation to CASE-0122.
COMM-0029,CASE-0571,PERSON-0499,PERSON-0286,PHONE-0499,WHATSAPP,Synthetic telecommunication record: PERSON-0499 Arjun Gupta contacted PERSON-0286 Ajay Chatterjee via WHATSAPP in relation to CASE-0571.
COMM-0030,CASE-0270,PERSON-0947,PERSON-0768,PHONE-0447,PHONE_CALL,Synthetic telecommunication record: PERSON-0947 Sumit Ali contacted PERSON-0768 Jyoti Ghosh via PHONE_CALL in relation to CASE-0270.
COMM-0031,CASE-0136,PERSON-0432,PERSON-0998,PHONE-0432,SMS,Synthetic telecommunication record: PERSON-0432 Dharmendra Goyal contacted PERSON-0998 Pankaj Yadav via SMS in relation to CASE-0136.
COMM-0032,CASE-1183,PERSON-0617,PERSON-0728,PHONE-0117,WHATSAPP,Synthetic telecommunication record: PERSON-0617 Rohit Singhal contacted PERSON-0728 Manoj Tiwari via WHATSAPP in relation to CASE-1183.
COMM-0033,CASE-0021,PERSON-0690,PERSON-0130,PHONE-0190,PHONE_CALL,Synthetic telecommunication record: PERSON-0690 Subhash Qureshi contacted PERSON-0130 Santosh Jain via PHONE_CALL in relation to CASE-0021.
COMM-0034,CASE-0262,PERSON-0037,PERSON-0650,PHONE-0037,WHATSAPP,Synthetic telecommunication record: PERSON-0037 Vivek Banerjee contacted PERSON-0650 Abhishek Ahmed via WHATSAPP in relation to CASE-0262.
COMM-0035,CASE-0104,PERSON-0284,PERSON-0960,PHONE-0284,WHATSAPP,Synthetic telecommunication record: PERSON-0284 Vivek Kaur contacted PERSON-0960 Vikram Ali via WHATSAPP in relation to CASE-0104.
COMM-0036,CASE-0449,PERSON-0873,PERSON-0135,PHONE-0373,WHATSAPP,Synthetic telecommunication record: PERSON-0873 Vivek Das contacted PERSON-0135 Devendra Mehta via WHATSAPP in relation to CASE-0449.
COMM-0037,CASE-0899,PERSON-0510,PERSON-0368,PHONE-0010,WHATSAPP,Synthetic telecommunication record: PERSON-0510 Pankaj Pandey contacted PERSON-0368 Rajesh Sarkar via WHATSAPP in relation to CASE-0899.
COMM-0038,CASE-0212,PERSON-0250,PERSON-0382,PHONE-0250,WHATSAPP,Synthetic telecommunication record: PERSON-0250 Pankaj Banerjee contacted PERSON-0382 Amit Roy via WHATSAPP in relation to CASE-0212.
COMM-0039,CASE-0085,PERSON-0921,PERSON-0796,PHONE-0421,WHATSAPP,Synthetic telecommunication record: PERSON-0921 Pankaj Mehta contacted PERSON-0796 Seema Mehta via WHATSAPP in relation to CASE-0085.
COMM-0040,CASE-1031,PERSON-0096,PERSON-0428,PHONE-0096,SMS,Synthetic telecommunication record: PERSON-0096 Anita Tiwari contacted PERSON-0428 Mukesh Qureshi via SMS in relation to CASE-1031.
COMM-0041,CASE-0097,PERSON-0417,PERSON-0260,PHONE-0417,ENCRYPTED_CALL,Synthetic telecommunication record: PERSON-0417 Pawan Hussain contacted PERSON-0260 Sunil Siddiqui via ENCRYPTED_CALL in relation to CASE-0097.
COMM-0042,CASE-0404,PERSON-0003,PERSON-0699,PHONE-0003,PHONE_CALL,Synthetic telecommunication record: PERSON-0003 Vijay Banerjee contacted PERSON-0699 Vijay Mishra via PHONE_CALL in relation to CASE-0404.
COMM-0043,CASE-0706,PERSON-0733,PERSON-0813,PHONE-0233,WHATSAPP,Synthetic telecommunication record: PERSON-0733 Ramesh Verma contacted PERSON-0813 Sunita Hussain via WHATSAPP in relation to CASE-0706.
COMM-0044,CASE-0902,PERSON-0468,PERSON-0471,PHONE-0468,SMS,Synthetic telecommunication record: PERSON-0468 Asha Mittal contacted PERSON-0471 Kiran Ahmed via SMS in relation to CASE-0902.
COMM-0045,CASE-0815,PERSON-0925,PERSON-0599,PHONE-0425,PHONE_CALL,Synthetic telecommunication record: PERSON-0925 Sushma Das contacted PERSON-0599 Shobha Khan via PHONE_CALL in relation to CASE-0815.
COMM-0046,CASE-1101,PERSON-0230,PERSON-0136,PHONE-0230,PHONE_CALL,Synthetic telecommunication record: PERSON-0230 Sunil Mittal contacted PERSON-0136 Shashi Ahmed via PHONE_CALL in relation to CASE-1101.
COMM-0047,CASE-0047,PERSON-0668,PERSON-0166,PHONE-0168,PHONE_CALL,Synthetic telecommunication record: PERSON-0668 Suresh Patel contacted PERSON-0166 Rajesh Goyal via PHONE_CALL in relation to CASE-0047.
COMM-0048,CASE-0852,PERSON-0700,PERSON-0905,PHONE-0200,PHONE_CALL,Synthetic telecommunication record: PERSON-0700 Alok Qureshi contacted PERSON-0905 Vandana Qureshi via PHONE_CALL in relation to CASE-0852.
COMM-0049,CASE-0962,PERSON-0306,PERSON-0388,PHONE-0306,PHONE_CALL,Synthetic telecommunication record: PERSON-0306 Harish Tiwari contacted PERSON-0388 Dinesh Jain via PHONE_CALL in relation to CASE-0962.
COMM-0050,CASE-0326,PERSON-0597,PERSON-0768,PHONE-0097,WHATSAPP,Synthetic telecommunication record: PERSON-0597 Pooja Das contacted PERSON-0768 Jyoti Ghosh via WHATSAPP in relation to CASE-0326.
COMM-0051,CASE-0245,PERSON-0967,PERSON-0805,PHONE-0467,PHONE_CALL,Synthetic telecommunication record: PERSON-0967 Lata Garg contacted PERSON-0805 Alok Gupta via PHONE_CALL in relation to CASE-0245.
COMM-0052,CASE-0540,PERSON-0254,PERSON-0863,PHONE-0254,SMS,Synthetic telecommunication record: PERSON-0254 Nitin Pandey contacted PERSON-0863 Dinesh Agarwal via SMS in relation to CASE-0540.
COMM-0053,CASE-0137,PERSON-0635,PERSON-0397,PHONE-0135,ENCRYPTED_CALL,Synthetic telecommunication record: PERSON-0635 Harish Sarkar contacted PERSON-0397 Shashi Garg via ENCRYPTED_CALL in relation to CASE-0137.
COMM-0054,CASE-0333,PERSON-0155,PERSON-0582,PHONE-0155,PHONE_CALL,Synthetic telecommunication record: PERSON-0155 Neetu Chakraborty contacted PERSON-0582 Kamla Ansari via PHONE_CALL in relation to CASE-0333.
COMM-0055,CASE-0416,PERSON-0962,PERSON-0122,PHONE-0462,ENCRYPTED_CALL,Synthetic telecommunication record: PERSON-0962 Poonam Mehta contacted PERSON-0122 Rajesh Tiwari via ENCRYPTED_CALL in relation to CASE-0416.
COMM-0056,CASE-0998,PERSON-0015,PERSON-0514,PHONE-0015,PHONE_CALL,Synthetic telecommunication record: PERSON-0015 Harish Bhattacharya contacted PERSON-0514 Kunal Kumar via PHONE_CALL in relation to CASE-0998.
COMM-0057,CASE-0752,PERSON-0416,PERSON-0571,PHONE-0416,SMS,Synthetic telecommunication record: PERSON-0416 Mukesh Qureshi contacted PERSON-0571 Rajesh Sarkar via SMS in relation to CASE-0752.
COMM-0058,CASE-0856,PERSON-0862,PERSON-0993,PHONE-0362,ENCRYPTED_CALL,Synthetic telecommunication record: PERSON-0862 Rakesh Mehta contacted PERSON-0993 Anita Hussain via ENCRYPTED_CALL in relation to CASE-0856.
COMM-0059,CASE-0944,PERSON-0977,PERSON-0772,PHONE-0477,PHONE_CALL,Synthetic telecommunication record: PERSON-0977 Alok Singhal contacted PERSON-0772 Harish Garg via PHONE_CALL in relation to CASE-0944.
COMM-0060,CASE-0785,PERSON-0240,PERSON-0718,PHONE-0240,ENCRYPTED_CALL,Synthetic telecommunication record: PERSON-0240 Sanjay Bhattacharya contacted PERSON-0718 Radha Singh via ENCRYPTED_CALL in relation to CASE-0785.
COMM-0061,CASE-0314,PERSON-0087,PERSON-0585,PHONE-0087,ENCRYPTED_CALL,Synthetic telecommunication record: PERSON-0087 Satish Sarkar contacted PERSON-0585 Pankaj Khan via ENCRYPTED_CALL in relation to CASE-0314.
COMM-0062,CASE-0742,PERSON-0371,PERSON-0062,PHONE-0371,SMS,Synthetic telecommunication record: PERSON-0371 Amit Goyal contacted PERSON-0062 Ritu Bansal via SMS in relation to CASE-0742.
COMM-0063,CASE-1191,PERSON-0294,PERSON-0798,PHONE-0294,SMS,Synthetic telecommunication record: PERSON-0294 Harish Sharma contacted PERSON-0798 Devendra Mittal via SMS in relation to CASE-1191.
COMM-0064,CASE-0616,PERSON-0672,PERSON-0038,PHONE-0172,ENCRYPTED_CALL,Synthetic telecommunication record: PERSON-0672 Ajay Kumar contacted PERSON-0038 Sachin Chakraborty via ENCRYPTED_CALL in relation to CASE-0616.
COMM-0065,CASE-0884,PERSON-0401,PERSON-0202,PHONE-0401,SMS,Synthetic telecommunication record: PERSON-0401 Seema Gupta contacted PERSON-0202 Amit Roy via SMS in relation to CASE-0884.
COMM-0066,CASE-1239,PERSON-0789,PERSON-0194,PHONE-0289,WHATSAPP,Synthetic telecommunication record: PERSON-0789 Santosh Garg contacted PERSON-0194 Devendra Garg via WHATSAPP in relation to CASE-1239.
COMM-0067,CASE-1163,PERSON-0427,PERSON-0353,PHONE-0427,PHONE_CALL,Synthetic telecommunication record: PERSON-0427 Nitin Joshi contacted PERSON-0353 Asha Gupta via PHONE_CALL in relation to CASE-1163.
COMM-0068,CASE-0620,PERSON-0663,PERSON-0620,PHONE-0163,ENCRYPTED_CALL,Synthetic telecommunication record: PERSON-0663 Manju Ansari contacted PERSON-0620 Rohit Qureshi via ENCRYPTED_CALL in relation to CASE-0620.
COMM-0069,CASE-0343,PERSON-0465,PERSON-0195,PHONE-0465,WHATSAPP,Synthetic telecommunication record: PERSON-0465 Devendra Kaur contacted PERSON-0195 Kiran Ghosh via WHATSAPP in relation to CASE-0343.
COMM-0070,CASE-0346,PERSON-0395,PERSON-0138,PHONE-0395,ENCRYPTED_CALL,Synthetic telecommunication record: PERSON-0395 Sanjay Singh contacted PERSON-0138 Vandana Goyal via ENCRYPTED_CALL in relation to CASE-0346.
COMM-0071,CASE-0241,PERSON-0091,PERSON-0303,PHONE-0091,WHATSAPP,Synthetic telecommunication record: PERSON-0091 Pushpa Verma contacted PERSON-0303 Ramesh Mishra via WHATSAPP in relation to CASE-0241.
COMM-0072,CASE-0524,PERSON-0222,PERSON-0805,PHONE-0222,ENCRYPTED_CALL,Synthetic telecommunication record: PERSON-0222 Sachin Patel contacted PERSON-0805 Alok Gupta via ENCRYPTED_CALL in relation to CASE-0524.
COMM-0073,CASE-0282,PERSON-0942,PERSON-0849,PHONE-0442,SMS,Synthetic telecommunication record: PERSON-0942 Devendra Roy contacted PERSON-0849 Archana Sen via SMS in relation to CASE-0282.
COMM-0074,CASE-1137,PERSON-0713,PERSON-0329,PHONE-0213,SMS,Synthetic telecommunication record: PERSON-0713 Pawan Hussain contacted PERSON-0329 Manish Dutta via SMS in relation to CASE-1137.
COMM-0075,CASE-0310,PERSON-0104,PERSON-0696,PHONE-0104,PHONE_CALL,Synthetic telecommunication record: PERSON-0104 Reena Mishra contacted PERSON-0696 Kunal Sharma via PHONE_CALL in relation to CASE-0310.
COMM-0076,CASE-1094,PERSON-0753,PERSON-0505,PHONE-0253,PHONE_CALL,Synthetic telecommunication record: PERSON-0753 Sachin Agarwal contacted PERSON-0505 Amit Kaur via PHONE_CALL in relation to CASE-1094.
COMM-0077,CASE-0835,PERSON-0152,PERSON-0655,PHONE-0152,WHATSAPP,Synthetic telecommunication record: PERSON-0152 Suresh Das contacted PERSON-0655 Usha Qureshi via WHATSAPP in relation to CASE-0835.
COMM-0078,CASE-0638,PERSON-0930,PERSON-0841,PHONE-0430,PHONE_CALL,Synthetic telecommunication record: PERSON-0930 Rakesh Pandey contacted PERSON-0841 Manish Bhattacharya via PHONE_CALL in relation to CASE-0638.
COMM-0079,CASE-1231,PERSON-0585,PERSON-0700,PHONE-0085,ENCRYPTED_CALL,Synthetic telecommunication record: PERSON-0585 Pankaj Khan contacted PERSON-0700 Alok Qureshi via ENCRYPTED_CALL in relation to CASE-1231.
COMM-0080,CASE-0540,PERSON-0226,PERSON-0206,PHONE-0226,SMS,Synthetic telecommunication record: PERSON-0226 Sarita Pandey contacted PERSON-0206 Satish Bansal via SMS in relation to CASE-0540.
COMM-0081,CASE-0491,PERSON-0909,PERSON-0138,PHONE-0409,SMS,Synthetic telecommunication record: PERSON-0909 Naveen Singh contacted PERSON-0138 Vandana Goyal via SMS in relation to CASE-0491.
COMM-0082,CASE-0944,PERSON-0998,PERSON-0981,PHONE-0498,WHATSAPP,Synthetic telecommunication record: PERSON-0998 Pankaj Yadav contacted PERSON-0981 Naveen Mukherjee via WHATSAPP in relation to CASE-0944.
COMM-0083,CASE-0749,PERSON-0683,PERSON-0059,PHONE-0183,SMS,Synthetic telecommunication record: PERSON-0683 Vandana Das contacted PERSON-0059 Jitendra Sharma via SMS in relation to CASE-0749.
COMM-0084,CASE-1089,PERSON-0242,PERSON-0231,PHONE-0242,WHATSAPP,Synthetic telecommunication record: PERSON-0242 Hemant Mishra contacted PERSON-0231 Rahul Bose via WHATSAPP in relation to CASE-1089.
COMM-0085,CASE-0534,PERSON-0973,PERSON-0208,PHONE-0473,PHONE_CALL,Synthetic telecommunication record: PERSON-0973 Manish Pandey contacted PERSON-0208 Subhash Bose via PHONE_CALL in relation to CASE-0534.
COMM-0086,CASE-0494,PERSON-0080,PERSON-0081,PHONE-0080,SMS,Synthetic telecommunication record: PERSON-0080 Hemant Joshi contacted PERSON-0081 Radha Verma via SMS in relation to CASE-0494.
COMM-0087,CASE-1084,PERSON-0512,PERSON-0416,PHONE-0012,PHONE_CALL,Synthetic telecommunication record: PERSON-0512 Arjun Kaur contacted PERSON-0416 Mukesh Qureshi via PHONE_CALL in relation to CASE-1084.
COMM-0088,CASE-0766,PERSON-0737,PERSON-0274,PHONE-0237,SMS,Synthetic telecommunication record: PERSON-0737 Manish Mehta contacted PERSON-0274 Ajay Bhattacharya via SMS in relation to CASE-0766.
COMM-0089,CASE-0957,PERSON-0798,PERSON-0746,PHONE-0298,ENCRYPTED_CALL,Synthetic telecommunication record: PERSON-0798 Devendra Mittal contacted PERSON-0746 Rohit Shukla via ENCRYPTED_CALL in relation to CASE-0957.
COMM-0090,CASE-1155,PERSON-0692,PERSON-0276,PHONE-0192,ENCRYPTED_CALL,Synthetic telecommunication record: PERSON-0692 Seema Singhal contacted PERSON-0276 Poonam Qureshi via ENCRYPTED_CALL in relation to CASE-1155.
COMM-0091,CASE-0678,PERSON-0816,PERSON-0465,PHONE-0316,ENCRYPTED_CALL,Synthetic telecommunication record: PERSON-0816 Rajesh Verma contacted PERSON-0465 Devendra Kaur via ENCRYPTED_CALL in relation to CASE-0678.
COMM-0092,CASE-1202,PERSON-0730,PERSON-0917,PHONE-0230,SMS,Synthetic telecommunication record: PERSON-0730 Gaurav Chakraborty contacted PERSON-0917 Jyoti Mittal via SMS in relation to CASE-1202.
COMM-0093,CASE-0688,PERSON-0970,PERSON-0205,PHONE-0470,SMS,Synthetic telecommunication record: PERSON-0970 Subhash Bose contacted PERSON-0205 Gaurav Shukla via SMS in relation to CASE-0688.
COMM-0094,CASE-0492,PERSON-0448,PERSON-0380,PHONE-0448,ENCRYPTED_CALL,Synthetic telecommunication record: PERSON-0448 Anil Ghosh contacted PERSON-0380 Seema Banerjee via ENCRYPTED_CALL in relation to CASE-0492.
COMM-0095,CASE-0555,PERSON-0403,PERSON-0396,PHONE-0403,ENCRYPTED_CALL,Synthetic telecommunication record: PERSON-0403 Sushma Joshi contacted PERSON-0396 Shashi Pandey via ENCRYPTED_CALL in relation to CASE-0555.
COMM-0096,CASE-0131,PERSON-0442,PERSON-0214,PHONE-0442,SMS,Synthetic telecommunication record: PERSON-0442 Mamta Shukla contacted PERSON-0214 Sumit Ansari via SMS in relation to CASE-0131.
COMM-0097,CASE-0260,PERSON-0081,PERSON-0182,PHONE-0081,SMS,Synthetic telecommunication record: PERSON-0081 Radha Verma contacted PERSON-0182 Dinesh Kumar via SMS in relation to CASE-0260.
COMM-0098,CASE-0585,PERSON-0379,PERSON-0023,PHONE-0379,PHONE_CALL,Synthetic telecommunication record: PERSON-0379 Deepak Dutta contacted PERSON-0023 Manish Kaur via PHONE_CALL in relation to CASE-0585.
COMM-0099,CASE-1173,PERSON-0341,PERSON-0948,PHONE-0341,SMS,Synthetic telecommunication record: PERSON-0341 Usha Sharma contacted PERSON-0948 Rakesh Goyal via SMS in relation to CASE-1173.
COMM-0100,CASE-1041,PERSON-0090,PERSON-0835,PHONE-0090,SMS,Synthetic telecommunication record: PERSON-0090 Kunal Joshi contacted PERSON-0835 Sachin Jain via SMS in relation to CASE-1041.
COMM-0101,CASE-0380,PERSON-0779,PERSON-0409,PHONE-0279,WHATSAPP,Synthetic telecommunication record: PERSON-0779 Deepak Ghosh contacted PERSON-0409 Kavita Ali via WHATSAPP in relation to CASE-0380.
COMM-0102,CASE-0662,PERSON-0806,PERSON-0963,PHONE-0306,SMS,Synthetic telecommunication record: PERSON-0806 Kunal Bose contacted PERSON-0963 Vijay Mishra via SMS in relation to CASE-0662.
COMM-0103,CASE-1180,PERSON-0391,PERSON-0407,PHONE-0391,SMS,Synthetic telecommunication record: PERSON-0391 Manish Mukherjee contacted PERSON-0407 Abhishek Roy via SMS in relation to CASE-1180.
COMM-0104,CASE-0915,PERSON-0187,PERSON-0116,PHONE-0187,WHATSAPP,Synthetic telecommunication record: PERSON-0187 Naveen Ansari contacted PERSON-0116 Vivek Tiwari via WHATSAPP in relation to CASE-0915.
COMM-0105,CASE-0028,PERSON-0465,PERSON-0891,PHONE-0465,SMS,Synthetic telecommunication record: PERSON-0465 Devendra Kaur contacted PERSON-0891 Dinesh Garg via SMS in relation to CASE-0028.
COMM-0106,CASE-0280,PERSON-0246,PERSON-0377,PHONE-0246,PHONE_CALL,Synthetic telecommunication record: PERSON-0246 Jitendra Ghosh contacted PERSON-0377 Ajay Shukla via PHONE_CALL in relation to CASE-0280.
COMM-0107,CASE-0545,PERSON-0186,PERSON-0395,PHONE-0186,PHONE_CALL,Synthetic telecommunication record: PERSON-0186 Vandana Verma contacted PERSON-0395 Sanjay Singh via PHONE_CALL in relation to CASE-0545.
COMM-0108,CASE-0586,PERSON-0054,PERSON-0684,PHONE-0054,SMS,Synthetic telecommunication record: PERSON-0054 Nitin Mishra contacted PERSON-0684 Mukesh Sen via SMS in relation to CASE-0586.
COMM-0109,CASE-1116,PERSON-0598,PERSON-0201,PHONE-0098,WHATSAPP,Synthetic telecommunication record: PERSON-0598 Anil Yadav contacted PERSON-0201 Amit Shukla via WHATSAPP in relation to CASE-1116.
COMM-0110,CASE-0323,PERSON-0964,PERSON-0426,PHONE-0464,PHONE_CALL,Synthetic telecommunication record: PERSON-0964 Deepak Jain contacted PERSON-0426 Suresh Siddiqui via PHONE_CALL in relation to CASE-0323.
COMM-0111,CASE-0617,PERSON-0796,PERSON-0325,PHONE-0296,SMS,Synthetic telecommunication record: PERSON-0796 Seema Mehta contacted PERSON-0325 Kamla Shukla via SMS in relation to CASE-0617.
COMM-0112,CASE-0438,PERSON-0736,PERSON-0830,PHONE-0236,PHONE_CALL,Synthetic telecommunication record: PERSON-0736 Ramesh Pandey contacted PERSON-0830 Manju Agarwal via PHONE_CALL in relation to CASE-0438.
COMM-0113,CASE-0928,PERSON-0581,PERSON-0423,PHONE-0081,WHATSAPP,Synthetic telecommunication record: PERSON-0581 Alok Ansari contacted PERSON-0423 Pushpa Bhattacharya via WHATSAPP in relation to CASE-0928.
COMM-0114,CASE-0938,PERSON-0232,PERSON-0107,PHONE-0232,PHONE_CALL,Synthetic telecommunication record: PERSON-0232 Lata Das contacted PERSON-0107 Naveen Mehta via PHONE_CALL in relation to CASE-0938.
COMM-0115,CASE-0062,PERSON-0547,PERSON-0662,PHONE-0047,PHONE_CALL,Synthetic telecommunication record: PERSON-0547 Pooja Khan contacted PERSON-0662 Sushma Bose via PHONE_CALL in relation to CASE-0062.
COMM-0116,CASE-1016,PERSON-0963,PERSON-0544,PHONE-0463,SMS,Synthetic telecommunication record: PERSON-0963 Vijay Mishra contacted PERSON-0544 Manju Mittal via SMS in relation to CASE-1016.
COMM-0117,CASE-0343,PERSON-0146,PERSON-0955,PHONE-0146,PHONE_CALL,Synthetic telecommunication record: PERSON-0146 Kunal Bhattacharya contacted PERSON-0955 Sunil Kaur via PHONE_CALL in relation to CASE-0343.
COMM-0118,CASE-0163,PERSON-0378,PERSON-0748,PHONE-0378,ENCRYPTED_CALL,Synthetic telecommunication record: PERSON-0378 Amit Mukherjee contacted PERSON-0748 Jitendra Sen via ENCRYPTED_CALL in relation to CASE-0163.
COMM-0119,CASE-0190,PERSON-0939,PERSON-0955,PHONE-0439,SMS,Synthetic telecommunication record: PERSON-0939 Harish Shukla contacted PERSON-0955 Sunil Kaur via SMS in relation to CASE-0190.
COMM-0120,CASE-0652,PERSON-0161,PERSON-0215,PHONE-0161,SMS,Synthetic telecommunication record: PERSON-0161 Vikram Verma contacted PERSON-0215 Pushpa Kaur via SMS in relation to CASE-0652.
COMM-0121,CASE-0573,PERSON-0757,PERSON-0918,PHONE-0257,WHATSAPP,Synthetic telecommunication record: PERSON-0757 Kusum Ahmed contacted PERSON-0918 Ritu Bose via WHATSAPP in relation to CASE-0573.
COMM-0122,CASE-0887,PERSON-0911,PERSON-0928,PHONE-0411,ENCRYPTED_CALL,Synthetic telecommunication record: PERSON-0911 Babita Ali contacted PERSON-0928 Pushpa Ansari via ENCRYPTED_CALL in relation to CASE-0887.
COMM-0123,CASE-0532,PERSON-0274,PERSON-0865,PHONE-0274,ENCRYPTED_CALL,Synthetic telecommunication record: PERSON-0274 Ajay Bhattacharya contacted PERSON-0865 Sunil Khan via ENCRYPTED_CALL in relation to CASE-0532.
COMM-0124,CASE-0100,PERSON-0116,PERSON-0510,PHONE-0116,WHATSAPP,Synthetic telecommunication record: PERSON-0116 Vivek Tiwari contacted PERSON-0510 Pankaj Pandey via WHATSAPP in relation to CASE-0100.
COMM-0125,CASE-0336,PERSON-0891,PERSON-0664,PHONE-0391,PHONE_CALL,Synthetic telecommunication record: PERSON-0891 Dinesh Garg contacted PERSON-0664 Suresh Qureshi via PHONE_CALL in relation to CASE-0336.
COMM-0126,CASE-1084,PERSON-0421,PERSON-0816,PHONE-0421,SMS,Synthetic telecommunication record: PERSON-0421 Manju Roy contacted PERSON-0816 Rajesh Verma via SMS in relation to CASE-1084.
COMM-0127,CASE-0303,PERSON-0228,PERSON-0927,PHONE-0228,ENCRYPTED_CALL,Synthetic telecommunication record: PERSON-0228 Rohit Bansal contacted PERSON-0927 Rakesh Mehta via ENCRYPTED_CALL in relation to CASE-0303.
COMM-0128,CASE-0948,PERSON-0464,PERSON-0136,PHONE-0464,ENCRYPTED_CALL,Synthetic telecommunication record: PERSON-0464 Ramesh Ansari contacted PERSON-0136 Shashi Ahmed via ENCRYPTED_CALL in relation to CASE-0948.
COMM-0129,CASE-0820,PERSON-0699,PERSON-0332,PHONE-0199,ENCRYPTED_CALL,Synthetic telecommunication record: PERSON-0699 Vijay Mishra contacted PERSON-0332 Jyoti Mukherjee via ENCRYPTED_CALL in relation to CASE-0820.
COMM-0130,CASE-0386,PERSON-0200,PERSON-0480,PHONE-0200,PHONE_CALL,Synthetic telecommunication record: PERSON-0200 Sarita Ahmed contacted PERSON-0480 Sangeeta Pandey via PHONE_CALL in relation to CASE-0386.
COMM-0131,CASE-0229,PERSON-0286,PERSON-0933,PHONE-0286,PHONE_CALL,Synthetic telecommunication record: PERSON-0286 Ajay Chatterjee contacted PERSON-0933 Ramesh Ahmed via PHONE_CALL in relation to CASE-0229.
COMM-0132,CASE-0096,PERSON-0948,PERSON-0782,PHONE-0448,SMS,Synthetic telecommunication record: PERSON-0948 Rakesh Goyal contacted PERSON-0782 Dharmendra Banerjee via SMS in relation to CASE-0096.
COMM-0133,CASE-0313,PERSON-0834,PERSON-0450,PHONE-0334,PHONE_CALL,Synthetic telecommunication record: PERSON-0834 Kusum Banerjee contacted PERSON-0450 Anil Gupta via PHONE_CALL in relation to CASE-0313.
COMM-0134,CASE-0051,PERSON-0950,PERSON-0959,PHONE-0450,SMS,Synthetic telecommunication record: PERSON-0950 Pawan Roy contacted PERSON-0959 Manoj Yadav via SMS in relation to CASE-0051.
COMM-0135,CASE-0667,PERSON-0665,PERSON-0532,PHONE-0165,PHONE_CALL,Synthetic telecommunication record: PERSON-0665 Meena Mishra contacted PERSON-0532 Dinesh Shukla via PHONE_CALL in relation to CASE-0667.
COMM-0136,CASE-0075,PERSON-0026,PERSON-0943,PHONE-0026,WHATSAPP,Synthetic telecommunication record: PERSON-0026 Seema Qureshi contacted PERSON-0943 Dharmendra Patel via WHATSAPP in relation to CASE-0075.
COMM-0137,CASE-0991,PERSON-0877,PERSON-0699,PHONE-0377,WHATSAPP,Synthetic telecommunication record: PERSON-0877 Meena Kaur contacted PERSON-0699 Vijay Mishra via WHATSAPP in relation to CASE-0991.
COMM-0138,CASE-0263,PERSON-0068,PERSON-0317,PHONE-0068,WHATSAPP,Synthetic telecommunication record: PERSON-0068 Pushpa Sarkar contacted PERSON-0317 Harish Tiwari via WHATSAPP in relation to CASE-0263.
COMM-0139,CASE-0655,PERSON-0475,PERSON-0679,PHONE-0475,WHATSAPP,Synthetic telecommunication record: PERSON-0475 Manoj Kumar contacted PERSON-0679 Santosh Kumar via WHATSAPP in relation to CASE-0655.
COMM-0140,CASE-0246,PERSON-0436,PERSON-0028,PHONE-0436,SMS,Synthetic telecommunication record: PERSON-0436 Ashok Goyal contacted PERSON-0028 Santosh Singh via SMS in relation to CASE-0246.
COMM-0141,CASE-0465,PERSON-0991,PERSON-0588,PHONE-0491,PHONE_CALL,Synthetic telecommunication record: PERSON-0991 Dinesh Bansal contacted PERSON-0588 Arjun Pandey via PHONE_CALL in relation to CASE-0465.
COMM-0142,CASE-0446,PERSON-0782,PERSON-0408,PHONE-0282,PHONE_CALL,Synthetic telecommunication record: PERSON-0782 Dharmendra Banerjee contacted PERSON-0408 Vivek Kumar via PHONE_CALL in relation to CASE-0446.
COMM-0143,CASE-1013,PERSON-0169,PERSON-0931,PHONE-0169,PHONE_CALL,Synthetic telecommunication record: PERSON-0169 Amit Yadav contacted PERSON-0931 Suresh Dutta via PHONE_CALL in relation to CASE-1013.
COMM-0144,CASE-0407,PERSON-0125,PERSON-0203,PHONE-0125,ENCRYPTED_CALL,Synthetic telecommunication record: PERSON-0125 Meena Chatterjee contacted PERSON-0203 Subhash Chatterjee via ENCRYPTED_CALL in relation to CASE-0407.
COMM-0145,CASE-0709,PERSON-0360,PERSON-0727,PHONE-0360,WHATSAPP,Synthetic telecommunication record: PERSON-0360 Sarita Garg contacted PERSON-0727 Manju Joshi via WHATSAPP in relation to CASE-0709.
COMM-0146,CASE-1062,PERSON-0795,PERSON-0401,PHONE-0295,WHATSAPP,Synthetic telecommunication record: PERSON-0795 Ajay Chatterjee contacted PERSON-0401 Seema Gupta via WHATSAPP in relation to CASE-1062.
COMM-0147,CASE-0055,PERSON-0616,PERSON-0661,PHONE-0116,WHATSAPP,Synthetic telecommunication record: PERSON-0616 Rohit Ansari contacted PERSON-0661 Naveen Patel via WHATSAPP in relation to CASE-0055.
COMM-0148,CASE-1179,PERSON-0744,PERSON-0647,PHONE-0244,ENCRYPTED_CALL,Synthetic telecommunication record: PERSON-0744 Pushpa Chakraborty contacted PERSON-0647 Reena Khan via ENCRYPTED_CALL in relation to CASE-1179.
COMM-0149,CASE-0505,PERSON-0353,PERSON-0131,PHONE-0353,SMS,Synthetic telecommunication record: PERSON-0353 Asha Gupta contacted PERSON-0131 Mukesh Garg via SMS in relation to CASE-0505.
COMM-0150,CASE-0722,PERSON-0848,PERSON-0915,PHONE-0348,WHATSAPP,Synthetic telecommunication record: PERSON-0848 Seema Siddiqui contacted PERSON-0915 Rahul Khan via WHATSAPP in relation to CASE-0722.
COMM-0151,CASE-0481,PERSON-0152,PERSON-0174,PHONE-0152,WHATSAPP,Synthetic telecommunication record: PERSON-0152 Suresh Das contacted PERSON-0174 Manju Yadav via WHATSAPP in relation to CASE-0481.
COMM-0152,CASE-0907,PERSON-0233,PERSON-0717,PHONE-0233,WHATSAPP,Synthetic telecommunication record: PERSON-0233 Pushpa Qureshi contacted PERSON-0717 Abhishek Singh via WHATSAPP in relation to CASE-0907.
COMM-0153,CASE-1070,PERSON-0618,PERSON-0623,PHONE-0118,WHATSAPP,Synthetic telecommunication record: PERSON-0618 Devendra Ali contacted PERSON-0623 Ashok Pandey via WHATSAPP in relation to CASE-1070.
COMM-0154,CASE-0003,PERSON-0295,PERSON-0373,PHONE-0295,ENCRYPTED_CALL,Synthetic telecommunication record: PERSON-0295 Archana Patel contacted PERSON-0373 Rakesh Goyal via ENCRYPTED_CALL in relation to CASE-0003.
COMM-0155,CASE-0455,PERSON-0801,PERSON-0363,PHONE-0301,WHATSAPP,Synthetic telecommunication record: PERSON-0801 Geeta Sarkar contacted PERSON-0363 Satish Mukherjee via WHATSAPP in relation to CASE-0455.
COMM-0156,CASE-0265,PERSON-0233,PERSON-0434,PHONE-0233,ENCRYPTED_CALL,Synthetic telecommunication record: PERSON-0233 Pushpa Qureshi contacted PERSON-0434 Radha Siddiqui via ENCRYPTED_CALL in relation to CASE-0265.
COMM-0157,CASE-0179,PERSON-0520,PERSON-0359,PHONE-0020,PHONE_CALL,Synthetic telecommunication record: PERSON-0520 Rahul Sharma contacted PERSON-0359 Subhash Bose via PHONE_CALL in relation to CASE-0179.
COMM-0158,CASE-0962,PERSON-0407,PERSON-0094,PHONE-0407,PHONE_CALL,Synthetic telecommunication record: PERSON-0407 Abhishek Roy contacted PERSON-0094 Subhash Joshi via PHONE_CALL in relation to CASE-0962.
COMM-0159,CASE-1129,PERSON-1000,PERSON-0471,PHONE-0500,PHONE_CALL,Synthetic telecommunication record: PERSON-1000 Rohit Khan contacted PERSON-0471 Kiran Ahmed via PHONE_CALL in relation to CASE-1129.
COMM-0160,CASE-1048,PERSON-0192,PERSON-0399,PHONE-0192,ENCRYPTED_CALL,Synthetic telecommunication record: PERSON-0192 Kavita Qureshi contacted PERSON-0399 Naveen Tiwari via ENCRYPTED_CALL in relation to CASE-1048.
COMM-0161,CASE-0248,PERSON-0783,PERSON-0518,PHONE-0283,WHATSAPP,Synthetic telecommunication record: PERSON-0783 Abhishek Goyal contacted PERSON-0518 Jyoti Singh via WHATSAPP in relation to CASE-0248.
COMM-0162,CASE-0410,PERSON-0391,PERSON-0040,PHONE-0391,PHONE_CALL,Synthetic telecommunication record: PERSON-0391 Manish Mukherjee contacted PERSON-0040 Sunita Dutta via PHONE_CALL in relation to CASE-0410.
COMM-0163,CASE-0029,PERSON-0504,PERSON-0128,PHONE-0004,WHATSAPP,Synthetic telecommunication record: PERSON-0504 Pankaj Ahmed contacted PERSON-0128 Jitendra Mittal via WHATSAPP in relation to CASE-0029.
COMM-0164,CASE-0812,PERSON-0103,PERSON-0363,PHONE-0103,WHATSAPP,Synthetic telecommunication record: PERSON-0103 Rahul Goyal contacted PERSON-0363 Satish Mukherjee via WHATSAPP in relation to CASE-0812.
COMM-0165,CASE-1144,PERSON-0695,PERSON-0574,PHONE-0195,WHATSAPP,Synthetic telecommunication record: PERSON-0695 Suresh Hussain contacted PERSON-0574 Radha Roy via WHATSAPP in relation to CASE-1144.
COMM-0166,CASE-0184,PERSON-0987,PERSON-0880,PHONE-0487,ENCRYPTED_CALL,Synthetic telecommunication record: PERSON-0987 Rohit Mehta contacted PERSON-0880 Ramesh Mishra via ENCRYPTED_CALL in relation to CASE-0184.
COMM-0167,CASE-0891,PERSON-0946,PERSON-0725,PHONE-0446,SMS,Synthetic telecommunication record: PERSON-0946 Manju Singh contacted PERSON-0725 Ajay Singhal via SMS in relation to CASE-0891.
COMM-0168,CASE-1094,PERSON-0881,PERSON-0265,PHONE-0381,ENCRYPTED_CALL,Synthetic telecommunication record: PERSON-0881 Pushpa Goyal contacted PERSON-0265 Kamla Bose via ENCRYPTED_CALL in relation to CASE-1094.
COMM-0169,CASE-0980,PERSON-0206,PERSON-0333,PHONE-0206,ENCRYPTED_CALL,Synthetic telecommunication record: PERSON-0206 Satish Bansal contacted PERSON-0333 Vijay Siddiqui via ENCRYPTED_CALL in relation to CASE-0980.
COMM-0170,CASE-0538,PERSON-0135,PERSON-0149,PHONE-0135,WHATSAPP,Synthetic telecommunication record: PERSON-0135 Devendra Mehta contacted PERSON-0149 Rakesh Sen via WHATSAPP in relation to CASE-0538.
COMM-0171,CASE-0444,PERSON-0708,PERSON-0157,PHONE-0208,WHATSAPP,Synthetic telecommunication record: PERSON-0708 Nitin Bose contacted PERSON-0157 Kunal Ahmed via WHATSAPP in relation to CASE-0444.
COMM-0172,CASE-0331,PERSON-0942,PERSON-0730,PHONE-0442,PHONE_CALL,Synthetic telecommunication record: PERSON-0942 Devendra Roy contacted PERSON-0730 Gaurav Chakraborty via PHONE_CALL in relation to CASE-0331.
COMM-0173,CASE-0218,PERSON-0773,PERSON-0623,PHONE-0273,SMS,Synthetic telecommunication record: PERSON-0773 Sunita Sen contacted PERSON-0623 Ashok Pandey via SMS in relation to CASE-0218.
COMM-0174,CASE-0520,PERSON-0158,PERSON-0355,PHONE-0158,WHATSAPP,Synthetic telecommunication record: PERSON-0158 Rohit Singh contacted PERSON-0355 Kamla Yadav via WHATSAPP in relation to CASE-0520.
COMM-0175,CASE-0378,PERSON-0183,PERSON-0752,PHONE-0183,SMS,Synthetic telecommunication record: PERSON-0183 Jyoti Sarkar contacted PERSON-0752 Neetu Chakraborty via SMS in relation to CASE-0378.
COMM-0176,CASE-0830,PERSON-0059,PERSON-0387,PHONE-0059,WHATSAPP,Synthetic telecommunication record: PERSON-0059 Jitendra Sharma contacted PERSON-0387 Rohit Mishra via WHATSAPP in relation to CASE-0830.
COMM-0177,CASE-0692,PERSON-0217,PERSON-0381,PHONE-0217,PHONE_CALL,Synthetic telecommunication record: PERSON-0217 Rakesh Sarkar contacted PERSON-0381 Sanjay Singh via PHONE_CALL in relation to CASE-0692.
COMM-0178,CASE-0798,PERSON-0249,PERSON-0854,PHONE-0249,ENCRYPTED_CALL,Synthetic telecommunication record: PERSON-0249 Pooja Jain contacted PERSON-0854 Sushma Kaur via ENCRYPTED_CALL in relation to CASE-0798.
COMM-0179,CASE-0502,PERSON-0069,PERSON-0876,PHONE-0069,PHONE_CALL,Synthetic telecommunication record: PERSON-0069 Satish Yadav contacted PERSON-0876 Seema Ansari via PHONE_CALL in relation to CASE-0502.
COMM-0180,CASE-1089,PERSON-0057,PERSON-0279,PHONE-0057,ENCRYPTED_CALL,Synthetic telecommunication record: PERSON-0057 Manish Chatterjee contacted PERSON-0279 Sushma Chakraborty via ENCRYPTED_CALL in relation to CASE-1089.
COMM-0181,CASE-1008,PERSON-0283,PERSON-0108,PHONE-0283,WHATSAPP,Synthetic telecommunication record: PERSON-0283 Pradeep Sen contacted PERSON-0108 Pawan Shukla via WHATSAPP in relation to CASE-1008.
COMM-0182,CASE-0013,PERSON-0498,PERSON-0686,PHONE-0498,SMS,Synthetic telecommunication record: PERSON-0498 Ritu Agarwal contacted PERSON-0686 Reena Roy via SMS in relation to CASE-0013.
COMM-0183,CASE-0470,PERSON-0878,PERSON-0573,PHONE-0378,SMS,Synthetic telecommunication record: PERSON-0878 Sachin Shukla contacted PERSON-0573 Pushpa Pandey via SMS in relation to CASE-0470.
COMM-0184,CASE-0250,PERSON-0669,PERSON-0576,PHONE-0169,SMS,Synthetic telecommunication record: PERSON-0669 Kamla Sarkar contacted PERSON-0576 Alok Singh via SMS in relation to CASE-0250.
COMM-0185,CASE-0305,PERSON-0014,PERSON-0910,PHONE-0014,PHONE_CALL,Synthetic telecommunication record: PERSON-0014 Santosh Mittal contacted PERSON-0910 Dinesh Garg via PHONE_CALL in relation to CASE-0305.
COMM-0186,CASE-0451,PERSON-0794,PERSON-0395,PHONE-0294,WHATSAPP,Synthetic telecommunication record: PERSON-0794 Vikram Ghosh contacted PERSON-0395 Sanjay Singh via WHATSAPP in relation to CASE-0451.
COMM-0187,CASE-0822,PERSON-0677,PERSON-0059,PHONE-0177,SMS,Synthetic telecommunication record: PERSON-0677 Sarita Shukla contacted PERSON-0059 Jitendra Sharma via SMS in relation to CASE-0822.
COMM-0188,CASE-0818,PERSON-0235,PERSON-0585,PHONE-0235,ENCRYPTED_CALL,Synthetic telecommunication record: PERSON-0235 Dinesh Chatterjee contacted PERSON-0585 Pankaj Khan via ENCRYPTED_CALL in relation to CASE-0818.
COMM-0189,CASE-0749,PERSON-0396,PERSON-0065,PHONE-0396,SMS,Synthetic telecommunication record: PERSON-0396 Shashi Pandey contacted PERSON-0065 Ajay Agarwal via SMS in relation to CASE-0749.
COMM-0190,CASE-0567,PERSON-0810,PERSON-0488,PHONE-0310,PHONE_CALL,Synthetic telecommunication record: PERSON-0810 Rahul Yadav contacted PERSON-0488 Deepak Garg via PHONE_CALL in relation to CASE-0567.
COMM-0191,CASE-0741,PERSON-0327,PERSON-0258,PHONE-0327,PHONE_CALL,Synthetic telecommunication record: PERSON-0327 Amit Bansal contacted PERSON-0258 Santosh Garg via PHONE_CALL in relation to CASE-0741.
COMM-0192,CASE-0357,PERSON-0960,PERSON-0642,PHONE-0460,PHONE_CALL,Synthetic telecommunication record: PERSON-0960 Vikram Ali contacted PERSON-0642 Rahul Dutta via PHONE_CALL in relation to CASE-0357.
COMM-0193,CASE-0755,PERSON-0089,PERSON-0439,PHONE-0089,SMS,Synthetic telecommunication record: PERSON-0089 Suresh Verma contacted PERSON-0439 Asha Sarkar via SMS in relation to CASE-0755.
COMM-0194,CASE-0148,PERSON-0080,PERSON-0580,PHONE-0080,SMS,Synthetic telecommunication record: PERSON-0080 Hemant Joshi contacted PERSON-0580 Sanjay Ahmed via SMS in relation to CASE-0148.
COMM-0195,CASE-0676,PERSON-0439,PERSON-0279,PHONE-0439,PHONE_CALL,Synthetic telecommunication record: PERSON-0439 Asha Sarkar contacted PERSON-0279 Sushma Chakraborty via PHONE_CALL in relation to CASE-0676.
COMM-0196,CASE-1167,PERSON-0956,PERSON-0687,PHONE-0456,PHONE_CALL,Synthetic telecommunication record: PERSON-0956 Vivek Bhattacharya contacted PERSON-0687 Anil Sarkar via PHONE_CALL in relation to CASE-1167.
COMM-0197,CASE-1181,PERSON-0739,PERSON-0385,PHONE-0239,WHATSAPP,Synthetic telecommunication record: PERSON-0739 Jitendra Khan contacted PERSON-0385 Ramesh Sarkar via WHATSAPP in relation to CASE-1181.
COMM-0198,CASE-1211,PERSON-0329,PERSON-0462,PHONE-0329,ENCRYPTED_CALL,Synthetic telecommunication record: PERSON-0329 Manish Dutta contacted PERSON-0462 Abhishek Mittal via ENCRYPTED_CALL in relation to CASE-1211.
COMM-0199,CASE-0733,PERSON-0825,PERSON-0190,PHONE-0325,PHONE_CALL,Synthetic telecommunication record: PERSON-0825 Rahul Chakraborty contacted PERSON-0190 Rohit Banerjee via PHONE_CALL in relation to CASE-0733.
COMM-0200,CASE-0978,PERSON-0823,PERSON-0001,PHONE-0323,WHATSAPP,Synthetic telecommunication record: PERSON-0823 Neetu Chatterjee contacted PERSON-0001 Santosh Chatterjee via WHATSAPP in relation to CASE-0978.
COMM-0201,CASE-0038,PERSON-0260,PERSON-0173,PHONE-0260,ENCRYPTED_CALL,Synthetic telecommunication record: PERSON-0260 Sunil Siddiqui contacted PERSON-0173 Pawan Khan via ENCRYPTED_CALL in relation to CASE-0038.
COMM-0202,CASE-0325,PERSON-0683,PERSON-0016,PHONE-0183,PHONE_CALL,Synthetic telecommunication record: PERSON-0683 Vandana Das contacted PERSON-0016 Abhishek Yadav via PHONE_CALL in relation to CASE-0325.
COMM-0203,CASE-1017,PERSON-0099,PERSON-0140,PHONE-0099,PHONE_CALL,Synthetic telecommunication record: PERSON-0099 Sumit Bose contacted PERSON-0140 Alok Shukla via PHONE_CALL in relation to CASE-1017.
COMM-0204,CASE-0307,PERSON-0315,PERSON-0076,PHONE-0315,WHATSAPP,Synthetic telecommunication record: PERSON-0315 Pradeep Ansari contacted PERSON-0076 Suresh Singhal via WHATSAPP in relation to CASE-0307.
COMM-0205,CASE-1171,PERSON-0250,PERSON-0770,PHONE-0250,ENCRYPTED_CALL,Synthetic telecommunication record: PERSON-0250 Pankaj Banerjee contacted PERSON-0770 Geeta Mittal via ENCRYPTED_CALL in relation to CASE-1171.
COMM-0206,CASE-0827,PERSON-0474,PERSON-0545,PHONE-0474,ENCRYPTED_CALL,Synthetic telecommunication record: PERSON-0474 Arjun Gupta contacted PERSON-0545 Vijay Singhal via ENCRYPTED_CALL in relation to CASE-0827.
COMM-0207,CASE-0832,PERSON-0038,PERSON-0580,PHONE-0038,ENCRYPTED_CALL,Synthetic telecommunication record: PERSON-0038 Sachin Chakraborty contacted PERSON-0580 Sanjay Ahmed via ENCRYPTED_CALL in relation to CASE-0832.
COMM-0208,CASE-0442,PERSON-0076,PERSON-0169,PHONE-0076,ENCRYPTED_CALL,Synthetic telecommunication record: PERSON-0076 Suresh Singhal contacted PERSON-0169 Amit Yadav via ENCRYPTED_CALL in relation to CASE-0442.
COMM-0209,CASE-1005,PERSON-0915,PERSON-0496,PHONE-0415,WHATSAPP,Synthetic telecommunication record: PERSON-0915 Rahul Khan contacted PERSON-0496 Lata Ahmed via WHATSAPP in relation to CASE-1005.
COMM-0210,CASE-0164,PERSON-0818,PERSON-0617,PHONE-0318,WHATSAPP,Synthetic telecommunication record: PERSON-0818 Kunal Roy contacted PERSON-0617 Rohit Singhal via WHATSAPP in relation to CASE-0164.
COMM-0211,CASE-0271,PERSON-0449,PERSON-0668,PHONE-0449,ENCRYPTED_CALL,Synthetic telecommunication record: PERSON-0449 Harish Chakraborty contacted PERSON-0668 Suresh Patel via ENCRYPTED_CALL in relation to CASE-0271.
COMM-0212,CASE-0058,PERSON-0472,PERSON-0983,PHONE-0472,SMS,Synthetic telecommunication record: PERSON-0472 Abhishek Bansal contacted PERSON-0983 Neetu Dutta via SMS in relation to CASE-0058.
COMM-0213,CASE-1182,PERSON-0987,PERSON-0544,PHONE-0487,ENCRYPTED_CALL,Synthetic telecommunication record: PERSON-0987 Rohit Mehta contacted PERSON-0544 Manju Mittal via ENCRYPTED_CALL in relation to CASE-1182.
COMM-0214,CASE-1116,PERSON-0431,PERSON-0361,PHONE-0431,WHATSAPP,Synthetic telecommunication record: PERSON-0431 Vijay Mehta contacted PERSON-0361 Ajay Banerjee via WHATSAPP in relation to CASE-1116.
COMM-0215,CASE-0426,PERSON-0964,PERSON-0647,PHONE-0464,SMS,Synthetic telecommunication record: PERSON-0964 Deepak Jain contacted PERSON-0647 Reena Khan via SMS in relation to CASE-0426.
COMM-0216,CASE-0416,PERSON-0119,PERSON-0618,PHONE-0119,PHONE_CALL,Synthetic telecommunication record: PERSON-0119 Pooja Joshi contacted PERSON-0618 Devendra Ali via PHONE_CALL in relation to CASE-0416.
COMM-0217,CASE-0783,PERSON-0337,PERSON-0317,PHONE-0337,WHATSAPP,Synthetic telecommunication record: PERSON-0337 Rajesh Singhal contacted PERSON-0317 Harish Tiwari via WHATSAPP in relation to CASE-0783.
COMM-0218,CASE-0064,PERSON-0977,PERSON-0525,PHONE-0477,SMS,Synthetic telecommunication record: PERSON-0977 Alok Singhal contacted PERSON-0525 Vijay Sharma via SMS in relation to CASE-0064.
COMM-0219,CASE-0373,PERSON-0239,PERSON-0128,PHONE-0239,WHATSAPP,Synthetic telecommunication record: PERSON-0239 Satish Banerjee contacted PERSON-0128 Jitendra Mittal via WHATSAPP in relation to CASE-0373.
COMM-0220,CASE-0094,PERSON-0163,PERSON-0124,PHONE-0163,PHONE_CALL,Synthetic telecommunication record: PERSON-0163 Ramesh Agarwal contacted PERSON-0124 Shashi Bhattacharya via PHONE_CALL in relation to CASE-0094.
COMM-0221,CASE-0721,PERSON-0863,PERSON-0025,PHONE-0363,SMS,Synthetic telecommunication record: PERSON-0863 Dinesh Agarwal contacted PERSON-0025 Sangeeta Hussain via SMS in relation to CASE-0721.
COMM-0222,CASE-0996,PERSON-0827,PERSON-0388,PHONE-0327,SMS,Synthetic telecommunication record: PERSON-0827 Gaurav Tiwari contacted PERSON-0388 Dinesh Jain via SMS in relation to CASE-0996.
COMM-0223,CASE-0580,PERSON-0577,PERSON-0656,PHONE-0077,ENCRYPTED_CALL,Synthetic telecommunication record: PERSON-0577 Amit Garg contacted PERSON-0656 Satish Kaur via ENCRYPTED_CALL in relation to CASE-0580.
COMM-0224,CASE-0582,PERSON-0492,PERSON-0008,PHONE-0492,PHONE_CALL,Synthetic telecommunication record: PERSON-0492 Nitin Chakraborty contacted PERSON-0008 Sanjay Jain via PHONE_CALL in relation to CASE-0582.
COMM-0225,CASE-0003,PERSON-0144,PERSON-0431,PHONE-0144,ENCRYPTED_CALL,Synthetic telecommunication record: PERSON-0144 Poonam Roy contacted PERSON-0431 Vijay Mehta via ENCRYPTED_CALL in relation to CASE-0003.
COMM-0226,CASE-0811,PERSON-0314,PERSON-0317,PHONE-0314,ENCRYPTED_CALL,Synthetic telecommunication record: PERSON-0314 Hemant Pandey contacted PERSON-0317 Harish Tiwari via ENCRYPTED_CALL in relation to CASE-0811.
COMM-0227,CASE-1017,PERSON-0411,PERSON-0305,PHONE-0411,ENCRYPTED_CALL,Synthetic telecommunication record: PERSON-0411 Manju Patel contacted PERSON-0305 Manish Patel via ENCRYPTED_CALL in relation to CASE-1017.
COMM-0228,CASE-1215,PERSON-0461,PERSON-0946,PHONE-0461,SMS,Synthetic telecommunication record: PERSON-0461 Pawan Kaur contacted PERSON-0946 Manju Singh via SMS in relation to CASE-1215.
COMM-0229,CASE-0183,PERSON-0430,PERSON-0836,PHONE-0430,WHATSAPP,Synthetic telecommunication record: PERSON-0430 Seema Joshi contacted PERSON-0836 Naveen Agarwal via WHATSAPP in relation to CASE-0183.
COMM-0230,CASE-0790,PERSON-0912,PERSON-0356,PHONE-0412,ENCRYPTED_CALL,Synthetic telecommunication record: PERSON-0912 Abhishek Bose contacted PERSON-0356 Ramesh Mishra via ENCRYPTED_CALL in relation to CASE-0790.
COMM-0231,CASE-0070,PERSON-0264,PERSON-0879,PHONE-0264,SMS,Synthetic telecommunication record: PERSON-0264 Manoj Bose contacted PERSON-0879 Vikram Mehta via SMS in relation to CASE-0070.
COMM-0232,CASE-0068,PERSON-0024,PERSON-0417,PHONE-0024,WHATSAPP,Synthetic telecommunication record: PERSON-0024 Pankaj Bhattacharya contacted PERSON-0417 Pawan Hussain via WHATSAPP in relation to CASE-0068.
COMM-0233,CASE-0723,PERSON-0323,PERSON-0716,PHONE-0323,WHATSAPP,Synthetic telecommunication record: PERSON-0323 Anil Kaur contacted PERSON-0716 Dinesh Ahmed via WHATSAPP in relation to CASE-0723.
COMM-0234,CASE-0964,PERSON-0204,PERSON-0039,PHONE-0204,ENCRYPTED_CALL,Synthetic telecommunication record: PERSON-0204 Amit Kaur contacted PERSON-0039 Dinesh Goyal via ENCRYPTED_CALL in relation to CASE-0964.
COMM-0235,CASE-0558,PERSON-0579,PERSON-0437,PHONE-0079,WHATSAPP,Synthetic telecommunication record: PERSON-0579 Mukesh Sarkar contacted PERSON-0437 Sumit Gupta via WHATSAPP in relation to CASE-0558.
COMM-0236,CASE-0952,PERSON-0452,PERSON-0081,PHONE-0452,PHONE_CALL,Synthetic telecommunication record: PERSON-0452 Sunil Garg contacted PERSON-0081 Radha Verma via PHONE_CALL in relation to CASE-0952.
COMM-0237,CASE-1159,PERSON-0666,PERSON-0367,PHONE-0166,WHATSAPP,Synthetic telecommunication record: PERSON-0666 Subhash Sarkar contacted PERSON-0367 Neetu Garg via WHATSAPP in relation to CASE-1159.
COMM-0238,CASE-1166,PERSON-0713,PERSON-0390,PHONE-0213,WHATSAPP,Synthetic telecommunication record: PERSON-0713 Pawan Hussain contacted PERSON-0390 Suresh Kaur via WHATSAPP in relation to CASE-1166.
COMM-0239,CASE-0658,PERSON-0211,PERSON-0051,PHONE-0211,SMS,Synthetic telecommunication record: PERSON-0211 Sunil Agarwal contacted PERSON-0051 Sumit Agarwal via SMS in relation to CASE-0658.
COMM-0240,CASE-1216,PERSON-0478,PERSON-0737,PHONE-0478,PHONE_CALL,Synthetic telecommunication record: PERSON-0478 Dinesh Jain contacted PERSON-0737 Manish Mehta via PHONE_CALL in relation to CASE-1216.
COMM-0241,CASE-0368,PERSON-0377,PERSON-0359,PHONE-0377,PHONE_CALL,Synthetic telecommunication record: PERSON-0377 Ajay Shukla contacted PERSON-0359 Subhash Bose via PHONE_CALL in relation to CASE-0368.
COMM-0242,CASE-0331,PERSON-0542,PERSON-0165,PHONE-0042,ENCRYPTED_CALL,Synthetic telecommunication record: PERSON-0542 Nitin Verma contacted PERSON-0165 Devendra Shukla via ENCRYPTED_CALL in relation to CASE-0331.
COMM-0243,CASE-0847,PERSON-0691,PERSON-0212,PHONE-0191,ENCRYPTED_CALL,Synthetic telecommunication record: PERSON-0691 Suresh Banerjee contacted PERSON-0212 Suresh Chakraborty via ENCRYPTED_CALL in relation to CASE-0847.
COMM-0244,CASE-0614,PERSON-0241,PERSON-0081,PHONE-0241,SMS,Synthetic telecommunication record: PERSON-0241 Dharmendra Jain contacted PERSON-0081 Radha Verma via SMS in relation to CASE-0614.
COMM-0245,CASE-0594,PERSON-0939,PERSON-0538,PHONE-0439,SMS,Synthetic telecommunication record: PERSON-0939 Harish Shukla contacted PERSON-0538 Pushpa Chatterjee via SMS in relation to CASE-0594.
COMM-0246,CASE-0806,PERSON-0358,PERSON-0945,PHONE-0358,SMS,Synthetic telecommunication record: PERSON-0358 Kamla Ahmed contacted PERSON-0945 Geeta Tiwari via SMS in relation to CASE-0806.
COMM-0247,CASE-0848,PERSON-0674,PERSON-0446,PHONE-0174,WHATSAPP,Synthetic telecommunication record: PERSON-0674 Nitin Patel contacted PERSON-0446 Asha Singh via WHATSAPP in relation to CASE-0848.
COMM-0248,CASE-0612,PERSON-0996,PERSON-0339,PHONE-0496,SMS,Synthetic telecommunication record: PERSON-0996 Sanjay Khan contacted PERSON-0339 Sanjay Bansal via SMS in relation to CASE-0612.
COMM-0249,CASE-0599,PERSON-0764,PERSON-0227,PHONE-0264,SMS,Synthetic telecommunication record: PERSON-0764 Rajesh Khan contacted PERSON-0227 Pooja Goyal via SMS in relation to CASE-0599.
COMM-0250,CASE-0528,PERSON-0805,PERSON-0075,PHONE-0305,SMS,Synthetic telecommunication record: PERSON-0805 Alok Gupta contacted PERSON-0075 Amit Chatterjee via SMS in relation to CASE-0528.
COMM-0251,CASE-0249,PERSON-0406,PERSON-0584,PHONE-0406,WHATSAPP,Synthetic telecommunication record: PERSON-0406 Amit Shukla contacted PERSON-0584 Champa Gupta via WHATSAPP in relation to CASE-0249.
COMM-0252,CASE-1245,PERSON-0249,PERSON-0854,PHONE-0249,SMS,Synthetic telecommunication record: PERSON-0249 Pooja Jain contacted PERSON-0854 Sushma Kaur via SMS in relation to CASE-1245.
COMM-0253,CASE-0565,PERSON-0593,PERSON-0462,PHONE-0093,SMS,Synthetic telecommunication record: PERSON-0593 Kavita Chakraborty contacted PERSON-0462 Abhishek Mittal via SMS in relation to CASE-0565.
COMM-0254,CASE-0464,PERSON-0589,PERSON-0903,PHONE-0089,SMS,Synthetic telecommunication record: PERSON-0589 Pradeep Khan contacted PERSON-0903 Sachin Goyal via SMS in relation to CASE-0464.
COMM-0255,CASE-0840,PERSON-0271,PERSON-0018,PHONE-0271,WHATSAPP,Synthetic telecommunication record: PERSON-0271 Shobha Chatterjee contacted PERSON-0018 Hemant Ahmed via WHATSAPP in relation to CASE-0840.
COMM-0256,CASE-0300,PERSON-0230,PERSON-0049,PHONE-0230,SMS,Synthetic telecommunication record: PERSON-0230 Sunil Mittal contacted PERSON-0049 Suresh Ahmed via SMS in relation to CASE-0300.
COMM-0257,CASE-1026,PERSON-0431,PERSON-0132,PHONE-0431,ENCRYPTED_CALL,Synthetic telecommunication record: PERSON-0431 Vijay Mehta contacted PERSON-0132 Anil Bose via ENCRYPTED_CALL in relation to CASE-1026.
COMM-0258,CASE-0448,PERSON-0590,PERSON-0686,PHONE-0090,SMS,Synthetic telecommunication record: PERSON-0590 Pankaj Qureshi contacted PERSON-0686 Reena Roy via SMS in relation to CASE-0448.
COMM-0259,CASE-0205,PERSON-0256,PERSON-0162,PHONE-0256,PHONE_CALL,Synthetic telecommunication record: PERSON-0256 Manju Chatterjee contacted PERSON-0162 Pawan Pandey via PHONE_CALL in relation to CASE-0205.
COMM-0260,CASE-0017,PERSON-0916,PERSON-0779,PHONE-0416,ENCRYPTED_CALL,Synthetic telecommunication record: PERSON-0916 Naveen Tiwari contacted PERSON-0779 Deepak Ghosh via ENCRYPTED_CALL in relation to CASE-0017.
COMM-0261,CASE-0265,PERSON-0063,PERSON-0708,PHONE-0063,WHATSAPP,Synthetic telecommunication record: PERSON-0063 Sumit Mehta contacted PERSON-0708 Nitin Bose via WHATSAPP in relation to CASE-0265.
COMM-0262,CASE-0236,PERSON-0882,PERSON-0491,PHONE-0382,PHONE_CALL,Synthetic telecommunication record: PERSON-0882 Shobha Chatterjee contacted PERSON-0491 Kamla Kaur via PHONE_CALL in relation to CASE-0236.
COMM-0263,CASE-0981,PERSON-0335,PERSON-0309,PHONE-0335,SMS,Synthetic telecommunication record: PERSON-0335 Naveen Verma contacted PERSON-0309 Rekha Kumar via SMS in relation to CASE-0981.
COMM-0264,CASE-0395,PERSON-0294,PERSON-0646,PHONE-0294,ENCRYPTED_CALL,Synthetic telecommunication record: PERSON-0294 Harish Sharma contacted PERSON-0646 Rakesh Bhattacharya via ENCRYPTED_CALL in relation to CASE-0395.
COMM-0265,CASE-0759,PERSON-0345,PERSON-0484,PHONE-0345,WHATSAPP,Synthetic telecommunication record: PERSON-0345 Sunil Singh contacted PERSON-0484 Pradeep Roy via WHATSAPP in relation to CASE-0759.
COMM-0266,CASE-0258,PERSON-0039,PERSON-0251,PHONE-0039,PHONE_CALL,Synthetic telecommunication record: PERSON-0039 Dinesh Goyal contacted PERSON-0251 Shobha Chatterjee via PHONE_CALL in relation to CASE-0258.
COMM-0267,CASE-0088,PERSON-0310,PERSON-0285,PHONE-0310,ENCRYPTED_CALL,Synthetic telecommunication record: PERSON-0310 Pankaj Garg contacted PERSON-0285 Archana Hussain via ENCRYPTED_CALL in relation to CASE-0088.
COMM-0268,CASE-0624,PERSON-0391,PERSON-0952,PHONE-0391,PHONE_CALL,Synthetic telecommunication record: PERSON-0391 Manish Mukherjee contacted PERSON-0952 Abhishek Mishra via PHONE_CALL in relation to CASE-0624.
COMM-0269,CASE-0304,PERSON-0741,PERSON-0626,PHONE-0241,WHATSAPP,Synthetic telecommunication record: PERSON-0741 Sangeeta Sen contacted PERSON-0626 Shobha Kaur via WHATSAPP in relation to CASE-0304.
COMM-0270,CASE-1161,PERSON-0056,PERSON-0843,PHONE-0056,PHONE_CALL,Synthetic telecommunication record: PERSON-0056 Pawan Bhattacharya contacted PERSON-0843 Suresh Ghosh via PHONE_CALL in relation to CASE-1161.
COMM-0271,CASE-0290,PERSON-0919,PERSON-0755,PHONE-0419,SMS,Synthetic telecommunication record: PERSON-0919 Manju Kumar contacted PERSON-0755 Amit Ahmed via SMS in relation to CASE-0290.
COMM-0272,CASE-0219,PERSON-0140,PERSON-0798,PHONE-0140,PHONE_CALL,Synthetic telecommunication record: PERSON-0140 Alok Shukla contacted PERSON-0798 Devendra Mittal via PHONE_CALL in relation to CASE-0219.
COMM-0273,CASE-0418,PERSON-0752,PERSON-0885,PHONE-0252,ENCRYPTED_CALL,Synthetic telecommunication record: PERSON-0752 Neetu Chakraborty contacted PERSON-0885 Devendra Qureshi via ENCRYPTED_CALL in relation to CASE-0418.
COMM-0274,CASE-0683,PERSON-0880,PERSON-0403,PHONE-0380,SMS,Synthetic telecommunication record: PERSON-0880 Ramesh Mishra contacted PERSON-0403 Sushma Joshi via SMS in relation to CASE-0683.
COMM-0275,CASE-1083,PERSON-0724,PERSON-0610,PHONE-0224,ENCRYPTED_CALL,Synthetic telecommunication record: PERSON-0724 Vikram Mishra contacted PERSON-0610 Satish Tiwari via ENCRYPTED_CALL in relation to CASE-1083.
COMM-0276,CASE-0390,PERSON-0339,PERSON-0597,PHONE-0339,SMS,Synthetic telecommunication record: PERSON-0339 Sanjay Bansal contacted PERSON-0597 Pooja Das via SMS in relation to CASE-0390.
COMM-0277,CASE-0966,PERSON-0987,PERSON-0003,PHONE-0487,ENCRYPTED_CALL,Synthetic telecommunication record: PERSON-0987 Rohit Mehta contacted PERSON-0003 Vijay Banerjee via ENCRYPTED_CALL in relation to CASE-0966.
COMM-0278,CASE-0162,PERSON-0945,PERSON-0588,PHONE-0445,WHATSAPP,Synthetic telecommunication record: PERSON-0945 Geeta Tiwari contacted PERSON-0588 Arjun Pandey via WHATSAPP in relation to CASE-0162.
COMM-0279,CASE-0141,PERSON-0268,PERSON-0723,PHONE-0268,SMS,Synthetic telecommunication record: PERSON-0268 Reena Mittal contacted PERSON-0723 Pawan Patel via SMS in relation to CASE-0141.
COMM-0280,CASE-1132,PERSON-0306,PERSON-0194,PHONE-0306,SMS,Synthetic telecommunication record: PERSON-0306 Harish Tiwari contacted PERSON-0194 Devendra Garg via SMS in relation to CASE-1132.
COMM-0281,CASE-0671,PERSON-0407,PERSON-0398,PHONE-0407,WHATSAPP,Synthetic telecommunication record: PERSON-0407 Abhishek Roy contacted PERSON-0398 Vikram Chakraborty via WHATSAPP in relation to CASE-0671.
COMM-0282,CASE-0174,PERSON-0075,PERSON-0229,PHONE-0075,SMS,Synthetic telecommunication record: PERSON-0075 Amit Chatterjee contacted PERSON-0229 Dharmendra Pandey via SMS in relation to CASE-0174.
COMM-0283,CASE-0099,PERSON-0907,PERSON-0210,PHONE-0407,SMS,Synthetic telecommunication record: PERSON-0907 Manju Shukla contacted PERSON-0210 Asha Qureshi via SMS in relation to CASE-0099.
COMM-0284,CASE-0376,PERSON-0196,PERSON-0849,PHONE-0196,ENCRYPTED_CALL,Synthetic telecommunication record: PERSON-0196 Devendra Jain contacted PERSON-0849 Archana Sen via ENCRYPTED_CALL in relation to CASE-0376.
COMM-0285,CASE-0323,PERSON-0956,PERSON-0687,PHONE-0456,WHATSAPP,Synthetic telecommunication record: PERSON-0956 Vivek Bhattacharya contacted PERSON-0687 Anil Sarkar via WHATSAPP in relation to CASE-0323.
COMM-0286,CASE-0069,PERSON-0879,PERSON-0255,PHONE-0379,WHATSAPP,Synthetic telecommunication record: PERSON-0879 Vikram Mehta contacted PERSON-0255 Sunita Roy via WHATSAPP in relation to CASE-0069.
COMM-0287,CASE-0635,PERSON-0469,PERSON-0300,PHONE-0469,WHATSAPP,Synthetic telecommunication record: PERSON-0469 Hemant Jain contacted PERSON-0300 Ramesh Ghosh via WHATSAPP in relation to CASE-0635.
COMM-0288,CASE-0543,PERSON-0417,PERSON-0213,PHONE-0417,PHONE_CALL,Synthetic telecommunication record: PERSON-0417 Pawan Hussain contacted PERSON-0213 Vijay Joshi via PHONE_CALL in relation to CASE-0543.
COMM-0289,CASE-0039,PERSON-0309,PERSON-0238,PHONE-0309,ENCRYPTED_CALL,Synthetic telecommunication record: PERSON-0309 Rekha Kumar contacted PERSON-0238 Rekha Gupta via ENCRYPTED_CALL in relation to CASE-0039.
COMM-0290,CASE-1187,PERSON-0426,PERSON-0517,PHONE-0426,ENCRYPTED_CALL,Synthetic telecommunication record: PERSON-0426 Suresh Siddiqui contacted PERSON-0517 Sachin Gupta via ENCRYPTED_CALL in relation to CASE-1187.
COMM-0291,CASE-1107,PERSON-0852,PERSON-0029,PHONE-0352,PHONE_CALL,Synthetic telecommunication record: PERSON-0852 Rohit Bansal contacted PERSON-0029 Reena Shukla via PHONE_CALL in relation to CASE-1107.
COMM-0292,CASE-1131,PERSON-0811,PERSON-0924,PHONE-0311,SMS,Synthetic telecommunication record: PERSON-0811 Hemant Khan contacted PERSON-0924 Hemant Verma via SMS in relation to CASE-1131.
COMM-0293,CASE-0289,PERSON-0583,PERSON-0882,PHONE-0083,SMS,Synthetic telecommunication record: PERSON-0583 Satish Garg contacted PERSON-0882 Shobha Chatterjee via SMS in relation to CASE-0289.
COMM-0294,CASE-0782,PERSON-0772,PERSON-0597,PHONE-0272,PHONE_CALL,Synthetic telecommunication record: PERSON-0772 Harish Garg contacted PERSON-0597 Pooja Das via PHONE_CALL in relation to CASE-0782.
COMM-0295,CASE-0314,PERSON-0908,PERSON-0825,PHONE-0408,PHONE_CALL,Synthetic telecommunication record: PERSON-0908 Vandana Verma contacted PERSON-0825 Rahul Chakraborty via PHONE_CALL in relation to CASE-0314.
COMM-0296,CASE-0998,PERSON-0449,PERSON-0911,PHONE-0449,SMS,Synthetic telecommunication record: PERSON-0449 Harish Chakraborty contacted PERSON-0911 Babita Ali via SMS in relation to CASE-0998.
COMM-0297,CASE-0132,PERSON-0477,PERSON-0270,PHONE-0477,WHATSAPP,Synthetic telecommunication record: PERSON-0477 Babita Chakraborty contacted PERSON-0270 Gaurav Dutta via WHATSAPP in relation to CASE-0132.
COMM-0298,CASE-0077,PERSON-0310,PERSON-0213,PHONE-0310,SMS,Synthetic telecommunication record: PERSON-0310 Pankaj Garg contacted PERSON-0213 Vijay Joshi via SMS in relation to CASE-0077.
COMM-0299,CASE-0120,PERSON-0159,PERSON-0234,PHONE-0159,SMS,Synthetic telecommunication record: PERSON-0159 Manju Patel contacted PERSON-0234 Sanjay Mittal via SMS in relation to CASE-0120.
COMM-0300,CASE-0097,PERSON-0168,PERSON-0166,PHONE-0168,SMS,Synthetic telecommunication record: PERSON-0168 Rekha Yadav contacted PERSON-0166 Rajesh Goyal via SMS in relation to CASE-0097.
COMM-0301,CASE-0865,PERSON-0401,PERSON-0347,PHONE-0401,WHATSAPP,Synthetic telecommunication record: PERSON-0401 Seema Gupta contacted PERSON-0347 Pradeep Sarkar via WHATSAPP in relation to CASE-0865.
COMM-0302,CASE-0919,PERSON-0770,PERSON-0345,PHONE-0270,WHATSAPP,Synthetic telecommunication record: PERSON-0770 Geeta Mittal contacted PERSON-0345 Sunil Singh via WHATSAPP in relation to CASE-0919.
COMM-0303,CASE-0408,PERSON-0206,PERSON-0137,PHONE-0206,WHATSAPP,Synthetic telecommunication record: PERSON-0206 Satish Bansal contacted PERSON-0137 Jitendra Joshi via WHATSAPP in relation to CASE-0408.
COMM-0304,CASE-0479,PERSON-0010,PERSON-0140,PHONE-0010,PHONE_CALL,Synthetic telecommunication record: PERSON-0010 Manoj Tiwari contacted PERSON-0140 Alok Shukla via PHONE_CALL in relation to CASE-0479.
COMM-0305,CASE-0276,PERSON-0339,PERSON-0411,PHONE-0339,PHONE_CALL,Synthetic telecommunication record: PERSON-0339 Sanjay Bansal contacted PERSON-0411 Manju Patel via PHONE_CALL in relation to CASE-0276.
COMM-0306,CASE-0442,PERSON-0210,PERSON-0899,PHONE-0210,PHONE_CALL,Synthetic telecommunication record: PERSON-0210 Asha Qureshi contacted PERSON-0899 Ritu Ghosh via PHONE_CALL in relation to CASE-0442.
COMM-0307,CASE-0471,PERSON-0023,PERSON-0225,PHONE-0023,WHATSAPP,Synthetic telecommunication record: PERSON-0023 Manish Kaur contacted PERSON-0225 Sunita Siddiqui via WHATSAPP in relation to CASE-0471.
COMM-0308,CASE-0520,PERSON-0419,PERSON-0480,PHONE-0419,ENCRYPTED_CALL,Synthetic telecommunication record: PERSON-0419 Sanjay Verma contacted PERSON-0480 Sangeeta Pandey via ENCRYPTED_CALL in relation to CASE-0520.
COMM-0309,CASE-0139,PERSON-0752,PERSON-0709,PHONE-0252,PHONE_CALL,Synthetic telecommunication record: PERSON-0752 Neetu Chakraborty contacted PERSON-0709 Santosh Tiwari via PHONE_CALL in relation to CASE-0139.
COMM-0310,CASE-0877,PERSON-0803,PERSON-0468,PHONE-0303,SMS,Synthetic telecommunication record: PERSON-0803 Manish Bansal contacted PERSON-0468 Asha Mittal via SMS in relation to CASE-0877.
COMM-0311,CASE-0022,PERSON-0449,PERSON-0877,PHONE-0449,ENCRYPTED_CALL,Synthetic telecommunication record: PERSON-0449 Harish Chakraborty contacted PERSON-0877 Meena Kaur via ENCRYPTED_CALL in relation to CASE-0022.
COMM-0312,CASE-0291,PERSON-0795,PERSON-0490,PHONE-0295,SMS,Synthetic telecommunication record: PERSON-0795 Ajay Chatterjee contacted PERSON-0490 Champa Kumar via SMS in relation to CASE-0291.
COMM-0313,CASE-0646,PERSON-0256,PERSON-0921,PHONE-0256,PHONE_CALL,Synthetic telecommunication record: PERSON-0256 Manju Chatterjee contacted PERSON-0921 Pankaj Mehta via PHONE_CALL in relation to CASE-0646.
COMM-0314,CASE-0356,PERSON-0285,PERSON-0658,PHONE-0285,SMS,Synthetic telecommunication record: PERSON-0285 Archana Hussain contacted PERSON-0658 Deepak Sarkar via SMS in relation to CASE-0356.
COMM-0315,CASE-0432,PERSON-0058,PERSON-0081,PHONE-0058,WHATSAPP,Synthetic telecommunication record: PERSON-0058 Rahul Mittal contacted PERSON-0081 Radha Verma via WHATSAPP in relation to CASE-0432.
COMM-0316,CASE-0473,PERSON-0753,PERSON-0596,PHONE-0253,SMS,Synthetic telecommunication record: PERSON-0753 Sachin Agarwal contacted PERSON-0596 Asha Ghosh via SMS in relation to CASE-0473.
COMM-0317,CASE-0999,PERSON-0175,PERSON-0241,PHONE-0175,PHONE_CALL,Synthetic telecommunication record: PERSON-0175 Sunil Joshi contacted PERSON-0241 Dharmendra Jain via PHONE_CALL in relation to CASE-0999.
COMM-0318,CASE-0444,PERSON-0278,PERSON-0734,PHONE-0278,WHATSAPP,Synthetic telecommunication record: PERSON-0278 Rajesh Bhattacharya contacted PERSON-0734 Ramesh Goyal via WHATSAPP in relation to CASE-0444.
COMM-0319,CASE-0096,PERSON-0131,PERSON-0554,PHONE-0131,SMS,Synthetic telecommunication record: PERSON-0131 Mukesh Garg contacted PERSON-0554 Sangeeta Joshi via SMS in relation to CASE-0096.
COMM-0320,CASE-0939,PERSON-0070,PERSON-0970,PHONE-0070,PHONE_CALL,Synthetic telecommunication record: PERSON-0070 Deepak Bansal contacted PERSON-0970 Subhash Bose via PHONE_CALL in relation to CASE-0939.
COMM-0321,CASE-0187,PERSON-0466,PERSON-0735,PHONE-0466,WHATSAPP,Synthetic telecommunication record: PERSON-0466 Manoj Singhal contacted PERSON-0735 Vijay Bhattacharya via WHATSAPP in relation to CASE-0187.
COMM-0322,CASE-0335,PERSON-0678,PERSON-0817,PHONE-0178,WHATSAPP,Synthetic telecommunication record: PERSON-0678 Gaurav Mukherjee contacted PERSON-0817 Lata Dutta via WHATSAPP in relation to CASE-0335.
COMM-0323,CASE-0600,PERSON-0054,PERSON-0903,PHONE-0054,SMS,Synthetic telecommunication record: PERSON-0054 Nitin Mishra contacted PERSON-0903 Sachin Goyal via SMS in relation to CASE-0600.
COMM-0324,CASE-0120,PERSON-0450,PERSON-0834,PHONE-0450,ENCRYPTED_CALL,Synthetic telecommunication record: PERSON-0450 Anil Gupta contacted PERSON-0834 Kusum Banerjee via ENCRYPTED_CALL in relation to CASE-0120.
COMM-0325,CASE-0531,PERSON-0677,PERSON-0905,PHONE-0177,ENCRYPTED_CALL,Synthetic telecommunication record: PERSON-0677 Sarita Shukla contacted PERSON-0905 Vandana Qureshi via ENCRYPTED_CALL in relation to CASE-0531.
COMM-0326,CASE-0209,PERSON-0852,PERSON-0940,PHONE-0352,ENCRYPTED_CALL,Synthetic telecommunication record: PERSON-0852 Rohit Bansal contacted PERSON-0940 Kavita Agarwal via ENCRYPTED_CALL in relation to CASE-0209.
COMM-0327,CASE-1015,PERSON-0329,PERSON-0845,PHONE-0329,SMS,Synthetic telecommunication record: PERSON-0329 Manish Dutta contacted PERSON-0845 Shashi Shukla via SMS in relation to CASE-1015.
COMM-0328,CASE-0848,PERSON-0109,PERSON-0638,PHONE-0109,WHATSAPP,Synthetic telecommunication record: PERSON-0109 Suresh Siddiqui contacted PERSON-0638 Mukesh Jain via WHATSAPP in relation to CASE-0848.
COMM-0329,CASE-0541,PERSON-0052,PERSON-0396,PHONE-0052,SMS,Synthetic telecommunication record: PERSON-0052 Shashi Patel contacted PERSON-0396 Shashi Pandey via SMS in relation to CASE-0541.
COMM-0330,CASE-1110,PERSON-0233,PERSON-0550,PHONE-0233,ENCRYPTED_CALL,Synthetic telecommunication record: PERSON-0233 Pushpa Qureshi contacted PERSON-0550 Suresh Singh via ENCRYPTED_CALL in relation to CASE-1110.
COMM-0331,CASE-0316,PERSON-0808,PERSON-0694,PHONE-0308,ENCRYPTED_CALL,Synthetic telecommunication record: PERSON-0808 Jyoti Singhal contacted PERSON-0694 Shobha Ali via ENCRYPTED_CALL in relation to CASE-0316.
COMM-0332,CASE-0304,PERSON-0348,PERSON-0518,PHONE-0348,PHONE_CALL,Synthetic telecommunication record: PERSON-0348 Rahul Sharma contacted PERSON-0518 Jyoti Singh via PHONE_CALL in relation to CASE-0304.
COMM-0333,CASE-0369,PERSON-0160,PERSON-0325,PHONE-0160,PHONE_CALL,Synthetic telecommunication record: PERSON-0160 Harish Joshi contacted PERSON-0325 Kamla Shukla via PHONE_CALL in relation to CASE-0369.
COMM-0334,CASE-1198,PERSON-0801,PERSON-0705,PHONE-0301,SMS,Synthetic telecommunication record: PERSON-0801 Geeta Sarkar contacted PERSON-0705 Abhishek Kumar via SMS in relation to CASE-1198.
COMM-0335,CASE-0790,PERSON-0404,PERSON-0777,PHONE-0404,SMS,Synthetic telecommunication record: PERSON-0404 Anita Agarwal contacted PERSON-0777 Manish Sarkar via SMS in relation to CASE-0790.
COMM-0336,CASE-0522,PERSON-0937,PERSON-0520,PHONE-0437,WHATSAPP,Synthetic telecommunication record: PERSON-0937 Deepak Kumar contacted PERSON-0520 Rahul Sharma via WHATSAPP in relation to CASE-0522.
COMM-0337,CASE-0507,PERSON-0498,PERSON-0256,PHONE-0498,WHATSAPP,Synthetic telecommunication record: PERSON-0498 Ritu Agarwal contacted PERSON-0256 Manju Chatterjee via WHATSAPP in relation to CASE-0507.
COMM-0338,CASE-0925,PERSON-0588,PERSON-0788,PHONE-0088,PHONE_CALL,Synthetic telecommunication record: PERSON-0588 Arjun Pandey contacted PERSON-0788 Champa Bose via PHONE_CALL in relation to CASE-0925.
COMM-0339,CASE-0382,PERSON-0103,PERSON-0134,PHONE-0103,PHONE_CALL,Synthetic telecommunication record: PERSON-0103 Rahul Goyal contacted PERSON-0134 Manish Jain via PHONE_CALL in relation to CASE-0382.
COMM-0340,CASE-0177,PERSON-0049,PERSON-0123,PHONE-0049,ENCRYPTED_CALL,Synthetic telecommunication record: PERSON-0049 Suresh Ahmed contacted PERSON-0123 Rohit Sharma via ENCRYPTED_CALL in relation to CASE-0177.
COMM-0341,CASE-1052,PERSON-0043,PERSON-0242,PHONE-0043,SMS,Synthetic telecommunication record: PERSON-0043 Nitin Khan contacted PERSON-0242 Hemant Mishra via SMS in relation to CASE-1052.
COMM-0342,CASE-1133,PERSON-0426,PERSON-0827,PHONE-0426,PHONE_CALL,Synthetic telecommunication record: PERSON-0426 Suresh Siddiqui contacted PERSON-0827 Gaurav Tiwari via PHONE_CALL in relation to CASE-1133.
COMM-0343,CASE-0152,PERSON-0466,PERSON-0876,PHONE-0466,PHONE_CALL,Synthetic telecommunication record: PERSON-0466 Manoj Singhal contacted PERSON-0876 Seema Ansari via PHONE_CALL in relation to CASE-0152.
COMM-0344,CASE-0993,PERSON-0299,PERSON-0711,PHONE-0299,PHONE_CALL,Synthetic telecommunication record: PERSON-0299 Rohit Ghosh contacted PERSON-0711 Champa Tiwari via PHONE_CALL in relation to CASE-0993.
COMM-0345,CASE-0462,PERSON-0613,PERSON-0155,PHONE-0113,SMS,Synthetic telecommunication record: PERSON-0613 Rajesh Kumar contacted PERSON-0155 Neetu Chakraborty via SMS in relation to CASE-0462.
COMM-0346,CASE-0213,PERSON-0602,PERSON-0995,PHONE-0102,SMS,Synthetic telecommunication record: PERSON-0602 Sanjay Chatterjee contacted PERSON-0995 Arjun Yadav via SMS in relation to CASE-0213.
COMM-0347,CASE-0727,PERSON-0183,PERSON-0613,PHONE-0183,SMS,Synthetic telecommunication record: PERSON-0183 Jyoti Sarkar contacted PERSON-0613 Rajesh Kumar via SMS in relation to CASE-0727.
COMM-0348,CASE-0225,PERSON-0506,PERSON-0105,PHONE-0006,WHATSAPP,Synthetic telecommunication record: PERSON-0506 Rahul Qureshi contacted PERSON-0105 Rakesh Khan via WHATSAPP in relation to CASE-0225.
COMM-0349,CASE-0360,PERSON-0146,PERSON-0928,PHONE-0146,ENCRYPTED_CALL,Synthetic telecommunication record: PERSON-0146 Kunal Bhattacharya contacted PERSON-0928 Pushpa Ansari via ENCRYPTED_CALL in relation to CASE-0360.
COMM-0350,CASE-0795,PERSON-0767,PERSON-0261,PHONE-0267,WHATSAPP,Synthetic telecommunication record: PERSON-0767 Manish Kaur contacted PERSON-0261 Deepak Kumar via WHATSAPP in relation to CASE-0795.
COMM-0351,CASE-0452,PERSON-0571,PERSON-0466,PHONE-0071,WHATSAPP,Synthetic telecommunication record: PERSON-0571 Rajesh Sarkar contacted PERSON-0466 Manoj Singhal via WHATSAPP in relation to CASE-0452.
COMM-0352,CASE-0335,PERSON-0022,PERSON-0370,PHONE-0022,SMS,Synthetic telecommunication record: PERSON-0022 Ashok Mukherjee contacted PERSON-0370 Abhishek Roy via SMS in relation to CASE-0335.
COMM-0353,CASE-0307,PERSON-0148,PERSON-0116,PHONE-0148,ENCRYPTED_CALL,Synthetic telecommunication record: PERSON-0148 Sachin Agarwal contacted PERSON-0116 Vivek Tiwari via ENCRYPTED_CALL in relation to CASE-0307.
COMM-0354,CASE-0361,PERSON-0386,PERSON-0696,PHONE-0386,SMS,Synthetic telecommunication record: PERSON-0386 Santosh Goyal contacted PERSON-0696 Kunal Sharma via SMS in relation to CASE-0361.
COMM-0355,CASE-0534,PERSON-0606,PERSON-0901,PHONE-0106,ENCRYPTED_CALL,Synthetic telecommunication record: PERSON-0606 Sumit Singh contacted PERSON-0901 Radha Singh via ENCRYPTED_CALL in relation to CASE-0534.
COMM-0356,CASE-0394,PERSON-0931,PERSON-0200,PHONE-0431,PHONE_CALL,Synthetic telecommunication record: PERSON-0931 Suresh Dutta contacted PERSON-0200 Sarita Ahmed via PHONE_CALL in relation to CASE-0394.
COMM-0357,CASE-1106,PERSON-0837,PERSON-0201,PHONE-0337,WHATSAPP,Synthetic telecommunication record: PERSON-0837 Satish Sharma contacted PERSON-0201 Amit Shukla via WHATSAPP in relation to CASE-1106.
COMM-0358,CASE-0594,PERSON-0302,PERSON-0310,PHONE-0302,ENCRYPTED_CALL,Synthetic telecommunication record: PERSON-0302 Pushpa Qureshi contacted PERSON-0310 Pankaj Garg via ENCRYPTED_CALL in relation to CASE-0594.
COMM-0359,CASE-0038,PERSON-0313,PERSON-0515,PHONE-0313,ENCRYPTED_CALL,Synthetic telecommunication record: PERSON-0313 Radha Goyal contacted PERSON-0515 Sachin Shukla via ENCRYPTED_CALL in relation to CASE-0038.
COMM-0360,CASE-1042,PERSON-0614,PERSON-0595,PHONE-0114,SMS,Synthetic telecommunication record: PERSON-0614 Alok Ansari contacted PERSON-0595 Sunil Yadav via SMS in relation to CASE-1042.
COMM-0361,CASE-0025,PERSON-0278,PERSON-0476,PHONE-0278,PHONE_CALL,Synthetic telecommunication record: PERSON-0278 Rajesh Bhattacharya contacted PERSON-0476 Reena Joshi via PHONE_CALL in relation to CASE-0025.
COMM-0362,CASE-0341,PERSON-0011,PERSON-0881,PHONE-0011,SMS,Synthetic telecommunication record: PERSON-0011 Kusum Das contacted PERSON-0881 Pushpa Goyal via SMS in relation to CASE-0341.
COMM-0363,CASE-0774,PERSON-0785,PERSON-0520,PHONE-0285,SMS,Synthetic telecommunication record: PERSON-0785 Sachin Chakraborty contacted PERSON-0520 Rahul Sharma via SMS in relation to CASE-0774.
COMM-0364,CASE-0147,PERSON-0627,PERSON-0785,PHONE-0127,SMS,Synthetic telecommunication record: PERSON-0627 Sunil Goyal contacted PERSON-0785 Sachin Chakraborty via SMS in relation to CASE-0147.
COMM-0365,CASE-0389,PERSON-0807,PERSON-0699,PHONE-0307,ENCRYPTED_CALL,Synthetic telecommunication record: PERSON-0807 Champa Agarwal contacted PERSON-0699 Vijay Mishra via ENCRYPTED_CALL in relation to CASE-0389.
COMM-0366,CASE-1018,PERSON-0264,PERSON-0639,PHONE-0264,WHATSAPP,Synthetic telecommunication record: PERSON-0264 Manoj Bose contacted PERSON-0639 Ritu Qureshi via WHATSAPP in relation to CASE-1018.
COMM-0367,CASE-0814,PERSON-0438,PERSON-0650,PHONE-0438,WHATSAPP,Synthetic telecommunication record: PERSON-0438 Anil Mittal contacted PERSON-0650 Abhishek Ahmed via WHATSAPP in relation to CASE-0814.
COMM-0368,CASE-0328,PERSON-0971,PERSON-0899,PHONE-0471,SMS,Synthetic telecommunication record: PERSON-0971 Gaurav Ahmed contacted PERSON-0899 Ritu Ghosh via SMS in relation to CASE-0328.
COMM-0369,CASE-0849,PERSON-0239,PERSON-0275,PHONE-0239,WHATSAPP,Synthetic telecommunication record: PERSON-0239 Satish Banerjee contacted PERSON-0275 Sushma Joshi via WHATSAPP in relation to CASE-0849.
COMM-0370,CASE-0927,PERSON-0944,PERSON-0510,PHONE-0444,ENCRYPTED_CALL,Synthetic telecommunication record: PERSON-0944 Sachin Verma contacted PERSON-0510 Pankaj Pandey via ENCRYPTED_CALL in relation to CASE-0927.
COMM-0371,CASE-0654,PERSON-0814,PERSON-0175,PHONE-0314,WHATSAPP,Synthetic telecommunication record: PERSON-0814 Devendra Gupta contacted PERSON-0175 Sunil Joshi via WHATSAPP in relation to CASE-0654.
COMM-0372,CASE-0735,PERSON-0581,PERSON-0158,PHONE-0081,PHONE_CALL,Synthetic telecommunication record: PERSON-0581 Alok Ansari contacted PERSON-0158 Rohit Singh via PHONE_CALL in relation to CASE-0735.
COMM-0373,CASE-0857,PERSON-0083,PERSON-0908,PHONE-0083,ENCRYPTED_CALL,Synthetic telecommunication record: PERSON-0083 Mukesh Chakraborty contacted PERSON-0908 Vandana Verma via ENCRYPTED_CALL in relation to CASE-0857.
COMM-0374,CASE-0716,PERSON-0556,PERSON-0086,PHONE-0056,WHATSAPP,Synthetic telecommunication record: PERSON-0556 Subhash Gupta contacted PERSON-0086 Amit Chatterjee via WHATSAPP in relation to CASE-0716.
COMM-0375,CASE-1239,PERSON-0138,PERSON-0029,PHONE-0138,SMS,Synthetic telecommunication record: PERSON-0138 Vandana Goyal contacted PERSON-0029 Reena Shukla via SMS in relation to CASE-1239.
COMM-0376,CASE-1173,PERSON-0743,PERSON-0950,PHONE-0243,WHATSAPP,Synthetic telecommunication record: PERSON-0743 Sarita Khan contacted PERSON-0950 Pawan Roy via WHATSAPP in relation to CASE-1173.
COMM-0377,CASE-0310,PERSON-0607,PERSON-0293,PHONE-0107,PHONE_CALL,Synthetic telecommunication record: PERSON-0607 Anil Jain contacted PERSON-0293 Ajay Mittal via PHONE_CALL in relation to CASE-0310.
COMM-0378,CASE-0147,PERSON-0331,PERSON-0947,PHONE-0331,ENCRYPTED_CALL,Synthetic telecommunication record: PERSON-0331 Gaurav Kaur contacted PERSON-0947 Sumit Ali via ENCRYPTED_CALL in relation to CASE-0147.
COMM-0379,CASE-0448,PERSON-0044,PERSON-0156,PHONE-0044,SMS,Synthetic telecommunication record: PERSON-0044 Rekha Singh contacted PERSON-0156 Anil Gupta via SMS in relation to CASE-0448.
COMM-0380,CASE-0647,PERSON-0776,PERSON-0681,PHONE-0276,ENCRYPTED_CALL,Synthetic telecommunication record: PERSON-0776 Ashok Tiwari contacted PERSON-0681 Subhash Verma via ENCRYPTED_CALL in relation to CASE-0647.
COMM-0381,CASE-0477,PERSON-0447,PERSON-0251,PHONE-0447,ENCRYPTED_CALL,Synthetic telecommunication record: PERSON-0447 Pradeep Ghosh contacted PERSON-0251 Shobha Chatterjee via ENCRYPTED_CALL in relation to CASE-0477.
COMM-0382,CASE-0316,PERSON-0662,PERSON-0419,PHONE-0162,WHATSAPP,Synthetic telecommunication record: PERSON-0662 Sushma Bose contacted PERSON-0419 Sanjay Verma via WHATSAPP in relation to CASE-0316.
COMM-0383,CASE-0608,PERSON-0681,PERSON-0783,PHONE-0181,WHATSAPP,Synthetic telecommunication record: PERSON-0681 Subhash Verma contacted PERSON-0783 Abhishek Goyal via WHATSAPP in relation to CASE-0608.
COMM-0384,CASE-0088,PERSON-0442,PERSON-0387,PHONE-0442,PHONE_CALL,Synthetic telecommunication record: PERSON-0442 Mamta Shukla contacted PERSON-0387 Rohit Mishra via PHONE_CALL in relation to CASE-0088.
COMM-0385,CASE-0687,PERSON-0680,PERSON-0266,PHONE-0180,PHONE_CALL,Synthetic telecommunication record: PERSON-0680 Sushma Banerjee contacted PERSON-0266 Deepak Agarwal via PHONE_CALL in relation to CASE-0687.
COMM-0386,CASE-1129,PERSON-0348,PERSON-0100,PHONE-0348,WHATSAPP,Synthetic telecommunication record: PERSON-0348 Rahul Sharma contacted PERSON-0100 Manju Khan via WHATSAPP in relation to CASE-1129.
COMM-0387,CASE-0420,PERSON-0742,PERSON-0110,PHONE-0242,WHATSAPP,Synthetic telecommunication record: PERSON-0742 Rajesh Pandey contacted PERSON-0110 Usha Kumar via WHATSAPP in relation to CASE-0420.
COMM-0388,CASE-1103,PERSON-0779,PERSON-0872,PHONE-0279,PHONE_CALL,Synthetic telecommunication record: PERSON-0779 Deepak Ghosh contacted PERSON-0872 Santosh Qureshi via PHONE_CALL in relation to CASE-1103.
COMM-0389,CASE-0090,PERSON-0280,PERSON-0588,PHONE-0280,WHATSAPP,Synthetic telecommunication record: PERSON-0280 Rahul Kumar contacted PERSON-0588 Arjun Pandey via WHATSAPP in relation to CASE-0090.
COMM-0390,CASE-0322,PERSON-0066,PERSON-0839,PHONE-0066,PHONE_CALL,Synthetic telecommunication record: PERSON-0066 Dharmendra Das contacted PERSON-0839 Suresh Das via PHONE_CALL in relation to CASE-0322.
COMM-0391,CASE-0363,PERSON-0871,PERSON-0156,PHONE-0371,PHONE_CALL,Synthetic telecommunication record: PERSON-0871 Sushma Sharma contacted PERSON-0156 Anil Gupta via PHONE_CALL in relation to CASE-0363.
COMM-0392,CASE-0355,PERSON-0801,PERSON-0079,PHONE-0301,SMS,Synthetic telecommunication record: PERSON-0801 Geeta Sarkar contacted PERSON-0079 Sumit Banerjee via SMS in relation to CASE-0355.
COMM-0393,CASE-0607,PERSON-0524,PERSON-0679,PHONE-0024,PHONE_CALL,Synthetic telecommunication record: PERSON-0524 Sushma Sarkar contacted PERSON-0679 Santosh Kumar via PHONE_CALL in relation to CASE-0607.
COMM-0394,CASE-0763,PERSON-0552,PERSON-0158,PHONE-0052,ENCRYPTED_CALL,Synthetic telecommunication record: PERSON-0552 Vandana Hussain contacted PERSON-0158 Rohit Singh via ENCRYPTED_CALL in relation to CASE-0763.
COMM-0395,CASE-1113,PERSON-0428,PERSON-0549,PHONE-0428,ENCRYPTED_CALL,Synthetic telecommunication record: PERSON-0428 Mukesh Qureshi contacted PERSON-0549 Arjun Khan via ENCRYPTED_CALL in relation to CASE-1113.
COMM-0396,CASE-0823,PERSON-0306,PERSON-0916,PHONE-0306,PHONE_CALL,Synthetic telecommunication record: PERSON-0306 Harish Tiwari contacted PERSON-0916 Naveen Tiwari via PHONE_CALL in relation to CASE-0823.
COMM-0397,CASE-0213,PERSON-0782,PERSON-0597,PHONE-0282,PHONE_CALL,Synthetic telecommunication record: PERSON-0782 Dharmendra Banerjee contacted PERSON-0597 Pooja Das via PHONE_CALL in relation to CASE-0213.
COMM-0398,CASE-1088,PERSON-0335,PERSON-0269,PHONE-0335,PHONE_CALL,Synthetic telecommunication record: PERSON-0335 Naveen Verma contacted PERSON-0269 Kamla Goyal via PHONE_CALL in relation to CASE-1088.
COMM-0399,CASE-0798,PERSON-0317,PERSON-0313,PHONE-0317,WHATSAPP,Synthetic telecommunication record: PERSON-0317 Harish Tiwari contacted PERSON-0313 Radha Goyal via WHATSAPP in relation to CASE-0798.
COMM-0400,CASE-0002,PERSON-0044,PERSON-0814,PHONE-0044,ENCRYPTED_CALL,Synthetic telecommunication record: PERSON-0044 Rekha Singh contacted PERSON-0814 Devendra Gupta via ENCRYPTED_CALL in relation to CASE-0002.
COMM-0401,CASE-0364,PERSON-0584,PERSON-0951,PHONE-0084,ENCRYPTED_CALL,Synthetic telecommunication record: PERSON-0584 Champa Gupta contacted PERSON-0951 Pooja Bhattacharya via ENCRYPTED_CALL in relation to CASE-0364.
COMM-0402,CASE-0906,PERSON-0654,PERSON-0538,PHONE-0154,ENCRYPTED_CALL,Synthetic telecommunication record: PERSON-0654 Nitin Jain contacted PERSON-0538 Pushpa Chatterjee via ENCRYPTED_CALL in relation to CASE-0906.
COMM-0403,CASE-0501,PERSON-0852,PERSON-0322,PHONE-0352,SMS,Synthetic telecommunication record: PERSON-0852 Rohit Bansal contacted PERSON-0322 Arjun Goyal via SMS in relation to CASE-0501.
COMM-0404,CASE-0795,PERSON-0654,PERSON-0412,PHONE-0154,SMS,Synthetic telecommunication record: PERSON-0654 Nitin Jain contacted PERSON-0412 Jitendra Kaur via SMS in relation to CASE-0795.
COMM-0405,CASE-0818,PERSON-0767,PERSON-0319,PHONE-0267,PHONE_CALL,Synthetic telecommunication record: PERSON-0767 Manish Kaur contacted PERSON-0319 Suresh Ansari via PHONE_CALL in relation to CASE-0818.
COMM-0406,CASE-1221,PERSON-0446,PERSON-0742,PHONE-0446,WHATSAPP,Synthetic telecommunication record: PERSON-0446 Asha Singh contacted PERSON-0742 Rajesh Pandey via WHATSAPP in relation to CASE-1221.
COMM-0407,CASE-0446,PERSON-0304,PERSON-0675,PHONE-0304,WHATSAPP,Synthetic telecommunication record: PERSON-0304 Kunal Bose contacted PERSON-0675 Kusum Patel via WHATSAPP in relation to CASE-0446.
COMM-0408,CASE-0229,PERSON-0626,PERSON-0145,PHONE-0126,ENCRYPTED_CALL,Synthetic telecommunication record: PERSON-0626 Shobha Kaur contacted PERSON-0145 Poonam Sen via ENCRYPTED_CALL in relation to CASE-0229.
COMM-0409,CASE-0297,PERSON-0184,PERSON-0077,PHONE-0184,WHATSAPP,Synthetic telecommunication record: PERSON-0184 Manish Sharma contacted PERSON-0077 Vivek Das via WHATSAPP in relation to CASE-0297.
COMM-0410,CASE-0375,PERSON-0018,PERSON-0313,PHONE-0018,PHONE_CALL,Synthetic telecommunication record: PERSON-0018 Hemant Ahmed contacted PERSON-0313 Radha Goyal via PHONE_CALL in relation to CASE-0375.
COMM-0411,CASE-0094,PERSON-0292,PERSON-0168,PHONE-0292,SMS,Synthetic telecommunication record: PERSON-0292 Ashok Qureshi contacted PERSON-0168 Rekha Yadav via SMS in relation to CASE-0094.
COMM-0412,CASE-1090,PERSON-0223,PERSON-0815,PHONE-0223,PHONE_CALL,Synthetic telecommunication record: PERSON-0223 Satish Sharma contacted PERSON-0815 Sumit Khan via PHONE_CALL in relation to CASE-1090.
COMM-0413,CASE-0577,PERSON-0751,PERSON-0498,PHONE-0251,PHONE_CALL,Synthetic telecommunication record: PERSON-0751 Jyoti Dutta contacted PERSON-0498 Ritu Agarwal via PHONE_CALL in relation to CASE-0577.
COMM-0414,CASE-0185,PERSON-0483,PERSON-0884,PHONE-0483,ENCRYPTED_CALL,Synthetic telecommunication record: PERSON-0483 Arjun Siddiqui contacted PERSON-0884 Pankaj Joshi via ENCRYPTED_CALL in relation to CASE-0185.
COMM-0415,CASE-0315,PERSON-0846,PERSON-0779,PHONE-0346,ENCRYPTED_CALL,Synthetic telecommunication record: PERSON-0846 Pooja Dutta contacted PERSON-0779 Deepak Ghosh via ENCRYPTED_CALL in relation to CASE-0315.
COMM-0416,CASE-1205,PERSON-0625,PERSON-0609,PHONE-0125,SMS,Synthetic telecommunication record: PERSON-0625 Gaurav Bansal contacted PERSON-0609 Harish Mehta via SMS in relation to CASE-1205.
COMM-0417,CASE-1179,PERSON-0708,PERSON-0540,PHONE-0208,PHONE_CALL,Synthetic telecommunication record: PERSON-0708 Nitin Bose contacted PERSON-0540 Abhishek Pandey via PHONE_CALL in relation to CASE-1179.
COMM-0418,CASE-0330,PERSON-0527,PERSON-0716,PHONE-0027,WHATSAPP,Synthetic telecommunication record: PERSON-0527 Anita Das contacted PERSON-0716 Dinesh Ahmed via WHATSAPP in relation to CASE-0330.
COMM-0419,CASE-0228,PERSON-0754,PERSON-0563,PHONE-0254,PHONE_CALL,Synthetic telecommunication record: PERSON-0754 Naveen Hussain contacted PERSON-0563 Vikram Roy via PHONE_CALL in relation to CASE-0228.
COMM-0420,CASE-0117,PERSON-0225,PERSON-0897,PHONE-0225,ENCRYPTED_CALL,Synthetic telecommunication record: PERSON-0225 Sunita Siddiqui contacted PERSON-0897 Suresh Ahmed via ENCRYPTED_CALL in relation to CASE-0117.
COMM-0421,CASE-0865,PERSON-0420,PERSON-0022,PHONE-0420,WHATSAPP,Synthetic telecommunication record: PERSON-0420 Devendra Dutta contacted PERSON-0022 Ashok Mukherjee via WHATSAPP in relation to CASE-0865.
COMM-0422,CASE-0005,PERSON-0064,PERSON-0006,PHONE-0064,SMS,Synthetic telecommunication record: PERSON-0064 Jitendra Mukherjee contacted PERSON-0006 Santosh Joshi via SMS in relation to CASE-0005.
COMM-0423,CASE-0403,PERSON-0766,PERSON-0166,PHONE-0266,SMS,Synthetic telecommunication record: PERSON-0766 Vivek Ansari contacted PERSON-0166 Rajesh Goyal via SMS in relation to CASE-0403.
COMM-0424,CASE-0397,PERSON-0558,PERSON-0406,PHONE-0058,WHATSAPP,Synthetic telecommunication record: PERSON-0558 Abhishek Ghosh contacted PERSON-0406 Amit Shukla via WHATSAPP in relation to CASE-0397.
COMM-0425,CASE-0198,PERSON-0004,PERSON-0330,PHONE-0004,PHONE_CALL,Synthetic telecommunication record: PERSON-0004 Ashok Shukla contacted PERSON-0330 Sanjay Verma via PHONE_CALL in relation to CASE-0198.
COMM-0426,CASE-0669,PERSON-0830,PERSON-0184,PHONE-0330,SMS,Synthetic telecommunication record: PERSON-0830 Manju Agarwal contacted PERSON-0184 Manish Sharma via SMS in relation to CASE-0669.
COMM-0427,CASE-0501,PERSON-0908,PERSON-0543,PHONE-0408,WHATSAPP,Synthetic telecommunication record: PERSON-0908 Vandana Verma contacted PERSON-0543 Anil Sen via WHATSAPP in relation to CASE-0501.
COMM-0428,CASE-1127,PERSON-0727,PERSON-0002,PHONE-0227,SMS,Synthetic telecommunication record: PERSON-0727 Manju Joshi contacted PERSON-0002 Rohit Singh via SMS in relation to CASE-1127.
COMM-0429,CASE-1133,PERSON-0706,PERSON-0166,PHONE-0206,ENCRYPTED_CALL,Synthetic telecommunication record: PERSON-0706 Kiran Agarwal contacted PERSON-0166 Rajesh Goyal via ENCRYPTED_CALL in relation to CASE-1133.
COMM-0430,CASE-0351,PERSON-0676,PERSON-0798,PHONE-0176,PHONE_CALL,Synthetic telecommunication record: PERSON-0676 Mukesh Kaur contacted PERSON-0798 Devendra Mittal via PHONE_CALL in relation to CASE-0351.
COMM-0431,CASE-0123,PERSON-0462,PERSON-0408,PHONE-0462,ENCRYPTED_CALL,Synthetic telecommunication record: PERSON-0462 Abhishek Mittal contacted PERSON-0408 Vivek Kumar via ENCRYPTED_CALL in relation to CASE-0123.
COMM-0432,CASE-0336,PERSON-0843,PERSON-0469,PHONE-0343,ENCRYPTED_CALL,Synthetic telecommunication record: PERSON-0843 Suresh Ghosh contacted PERSON-0469 Hemant Jain via ENCRYPTED_CALL in relation to CASE-0336.
COMM-0433,CASE-0500,PERSON-0879,PERSON-0233,PHONE-0379,WHATSAPP,Synthetic telecommunication record: PERSON-0879 Vikram Mehta contacted PERSON-0233 Pushpa Qureshi via WHATSAPP in relation to CASE-0500.
COMM-0434,CASE-1139,PERSON-0911,PERSON-0212,PHONE-0411,ENCRYPTED_CALL,Synthetic telecommunication record: PERSON-0911 Babita Ali contacted PERSON-0212 Suresh Chakraborty via ENCRYPTED_CALL in relation to CASE-1139.
COMM-0435,CASE-0418,PERSON-0220,PERSON-0835,PHONE-0220,ENCRYPTED_CALL,Synthetic telecommunication record: PERSON-0220 Rahul Verma contacted PERSON-0835 Sachin Jain via ENCRYPTED_CALL in relation to CASE-0418.
COMM-0436,CASE-0835,PERSON-0922,PERSON-0765,PHONE-0422,PHONE_CALL,Synthetic telecommunication record: PERSON-0922 Babita Garg contacted PERSON-0765 Babita Siddiqui via PHONE_CALL in relation to CASE-0835.
COMM-0437,CASE-1036,PERSON-0345,PERSON-0651,PHONE-0345,PHONE_CALL,Synthetic telecommunication record: PERSON-0345 Sunil Singh contacted PERSON-0651 Pankaj Goyal via PHONE_CALL in relation to CASE-1036.
COMM-0438,CASE-1111,PERSON-0935,PERSON-0831,PHONE-0435,ENCRYPTED_CALL,Synthetic telecommunication record: PERSON-0935 Sangeeta Sen contacted PERSON-0831 Manoj Shukla via ENCRYPTED_CALL in relation to CASE-1111.
COMM-0439,CASE-0363,PERSON-0408,PERSON-0466,PHONE-0408,PHONE_CALL,Synthetic telecommunication record: PERSON-0408 Vivek Kumar contacted PERSON-0466 Manoj Singhal via PHONE_CALL in relation to CASE-0363.
COMM-0440,CASE-0508,PERSON-0445,PERSON-0566,PHONE-0445,SMS,Synthetic telecommunication record: PERSON-0445 Devendra Kumar contacted PERSON-0566 Jitendra Goyal via SMS in relation to CASE-0508.
COMM-0441,CASE-0223,PERSON-0001,PERSON-0997,PHONE-0001,PHONE_CALL,Synthetic telecommunication record: PERSON-0001 Santosh Chatterjee contacted PERSON-0997 Pawan Ali via PHONE_CALL in relation to CASE-0223.
COMM-0442,CASE-0389,PERSON-0159,PERSON-0680,PHONE-0159,WHATSAPP,Synthetic telecommunication record: PERSON-0159 Manju Patel contacted PERSON-0680 Sushma Banerjee via WHATSAPP in relation to CASE-0389.
COMM-0443,CASE-0412,PERSON-0922,PERSON-0232,PHONE-0422,WHATSAPP,Synthetic telecommunication record: PERSON-0922 Babita Garg contacted PERSON-0232 Lata Das via WHATSAPP in relation to CASE-0412.
COMM-0444,CASE-0204,PERSON-0690,PERSON-0554,PHONE-0190,WHATSAPP,Synthetic telecommunication record: PERSON-0690 Subhash Qureshi contacted PERSON-0554 Sangeeta Joshi via WHATSAPP in relation to CASE-0204.
COMM-0445,CASE-0716,PERSON-0920,PERSON-0192,PHONE-0420,ENCRYPTED_CALL,Synthetic telecommunication record: PERSON-0920 Vikram Singhal contacted PERSON-0192 Kavita Qureshi via ENCRYPTED_CALL in relation to CASE-0716.
COMM-0446,CASE-1229,PERSON-0746,PERSON-0877,PHONE-0246,PHONE_CALL,Synthetic telecommunication record: PERSON-0746 Rohit Shukla contacted PERSON-0877 Meena Kaur via PHONE_CALL in relation to CASE-1229.
COMM-0447,CASE-1083,PERSON-0489,PERSON-0334,PHONE-0489,PHONE_CALL,Synthetic telecommunication record: PERSON-0489 Sunil Bose contacted PERSON-0334 Rajesh Goyal via PHONE_CALL in relation to CASE-1083.
COMM-0448,CASE-0832,PERSON-0976,PERSON-0918,PHONE-0476,ENCRYPTED_CALL,Synthetic telecommunication record: PERSON-0976 Ramesh Kaur contacted PERSON-0918 Ritu Bose via ENCRYPTED_CALL in relation to CASE-0832.
COMM-0449,CASE-1010,PERSON-0395,PERSON-0098,PHONE-0395,PHONE_CALL,Synthetic telecommunication record: PERSON-0395 Sanjay Singh contacted PERSON-0098 Suresh Sen via PHONE_CALL in relation to CASE-1010.
COMM-0450,CASE-0866,PERSON-0774,PERSON-0645,PHONE-0274,SMS,Synthetic telecommunication record: PERSON-0774 Gaurav Kumar contacted PERSON-0645 Santosh Ghosh via SMS in relation to CASE-0866.
COMM-0451,CASE-1192,PERSON-0172,PERSON-0007,PHONE-0172,PHONE_CALL,Synthetic telecommunication record: PERSON-0172 Poonam Patel contacted PERSON-0007 Sangeeta Das via PHONE_CALL in relation to CASE-1192.
COMM-0452,CASE-0546,PERSON-0254,PERSON-0789,PHONE-0254,PHONE_CALL,Synthetic telecommunication record: PERSON-0254 Nitin Pandey contacted PERSON-0789 Santosh Garg via PHONE_CALL in relation to CASE-0546.
COMM-0453,CASE-0261,PERSON-0479,PERSON-0622,PHONE-0479,ENCRYPTED_CALL,Synthetic telecommunication record: PERSON-0479 Rajesh Mittal contacted PERSON-0622 Amit Gupta via ENCRYPTED_CALL in relation to CASE-0261.
COMM-0454,CASE-0840,PERSON-0120,PERSON-0472,PHONE-0120,PHONE_CALL,Synthetic telecommunication record: PERSON-0120 Nitin Singhal contacted PERSON-0472 Abhishek Bansal via PHONE_CALL in relation to CASE-0840.
COMM-0455,CASE-0722,PERSON-0994,PERSON-0608,PHONE-0494,ENCRYPTED_CALL,Synthetic telecommunication record: PERSON-0994 Kunal Dutta contacted PERSON-0608 Satish Mehta via ENCRYPTED_CALL in relation to CASE-0722.
COMM-0456,CASE-1187,PERSON-0874,PERSON-0547,PHONE-0374,WHATSAPP,Synthetic telecommunication record: PERSON-0874 Sunil Roy contacted PERSON-0547 Pooja Khan via WHATSAPP in relation to CASE-1187.
COMM-0457,CASE-1109,PERSON-0710,PERSON-0307,PHONE-0210,SMS,Synthetic telecommunication record: PERSON-0710 Asha Sarkar contacted PERSON-0307 Vivek Kumar via SMS in relation to CASE-1109.
COMM-0458,CASE-1019,PERSON-0183,PERSON-0753,PHONE-0183,PHONE_CALL,Synthetic telecommunication record: PERSON-0183 Jyoti Sarkar contacted PERSON-0753 Sachin Agarwal via PHONE_CALL in relation to CASE-1019.
COMM-0459,CASE-0309,PERSON-0719,PERSON-0401,PHONE-0219,ENCRYPTED_CALL,Synthetic telecommunication record: PERSON-0719 Rohit Verma contacted PERSON-0401 Seema Gupta via ENCRYPTED_CALL in relation to CASE-0309.
COMM-0460,CASE-0755,PERSON-0713,PERSON-0977,PHONE-0213,ENCRYPTED_CALL,Synthetic telecommunication record: PERSON-0713 Pawan Hussain contacted PERSON-0977 Alok Singhal via ENCRYPTED_CALL in relation to CASE-0755.
COMM-0461,CASE-1094,PERSON-0394,PERSON-0783,PHONE-0394,WHATSAPP,Synthetic telecommunication record: PERSON-0394 Nitin Mishra contacted PERSON-0783 Abhishek Goyal via WHATSAPP in relation to CASE-1094.
COMM-0462,CASE-0725,PERSON-0589,PERSON-0850,PHONE-0089,PHONE_CALL,Synthetic telecommunication record: PERSON-0589 Pradeep Khan contacted PERSON-0850 Vivek Goyal via PHONE_CALL in relation to CASE-0725.
COMM-0463,CASE-0284,PERSON-0332,PERSON-0459,PHONE-0332,WHATSAPP,Synthetic telecommunication record: PERSON-0332 Jyoti Mukherjee contacted PERSON-0459 Ramesh Sarkar via WHATSAPP in relation to CASE-0284.
COMM-0464,CASE-0631,PERSON-0632,PERSON-0520,PHONE-0132,WHATSAPP,Synthetic telecommunication record: PERSON-0632 Lata Singhal contacted PERSON-0520 Rahul Sharma via WHATSAPP in relation to CASE-0631.
COMM-0465,CASE-0704,PERSON-0334,PERSON-0229,PHONE-0334,SMS,Synthetic telecommunication record: PERSON-0334 Rajesh Goyal contacted PERSON-0229 Dharmendra Pandey via SMS in relation to CASE-0704.
COMM-0466,CASE-0892,PERSON-0644,PERSON-0652,PHONE-0144,PHONE_CALL,Synthetic telecommunication record: PERSON-0644 Poonam Singh contacted PERSON-0652 Geeta Kumar via PHONE_CALL in relation to CASE-0892.
COMM-0467,CASE-0911,PERSON-0756,PERSON-0306,PHONE-0256,WHATSAPP,Synthetic telecommunication record: PERSON-0756 Jitendra Ali contacted PERSON-0306 Harish Tiwari via WHATSAPP in relation to CASE-0911.
COMM-0468,CASE-1187,PERSON-0883,PERSON-0623,PHONE-0383,PHONE_CALL,Synthetic telecommunication record: PERSON-0883 Ashok Mehta contacted PERSON-0623 Ashok Pandey via PHONE_CALL in relation to CASE-1187.
COMM-0469,CASE-0912,PERSON-0275,PERSON-0643,PHONE-0275,ENCRYPTED_CALL,Synthetic telecommunication record: PERSON-0275 Sushma Joshi contacted PERSON-0643 Manish Ali via ENCRYPTED_CALL in relation to CASE-0912.
COMM-0470,CASE-0293,PERSON-0784,PERSON-0633,PHONE-0284,ENCRYPTED_CALL,Synthetic telecommunication record: PERSON-0784 Sarita Mishra contacted PERSON-0633 Sumit Khan via ENCRYPTED_CALL in relation to CASE-0293.
COMM-0471,CASE-0867,PERSON-0605,PERSON-0312,PHONE-0105,PHONE_CALL,Synthetic telecommunication record: PERSON-0605 Arjun Yadav contacted PERSON-0312 Suresh Banerjee via PHONE_CALL in relation to CASE-0867.
COMM-0472,CASE-0897,PERSON-0588,PERSON-0634,PHONE-0088,ENCRYPTED_CALL,Synthetic telecommunication record: PERSON-0588 Arjun Pandey contacted PERSON-0634 Alok Singhal via ENCRYPTED_CALL in relation to CASE-0897.
COMM-0473,CASE-0993,PERSON-0023,PERSON-0576,PHONE-0023,PHONE_CALL,Synthetic telecommunication record: PERSON-0023 Manish Kaur contacted PERSON-0576 Alok Singh via PHONE_CALL in relation to CASE-0993.
COMM-0474,CASE-1134,PERSON-0801,PERSON-0610,PHONE-0301,ENCRYPTED_CALL,Synthetic telecommunication record: PERSON-0801 Geeta Sarkar contacted PERSON-0610 Satish Tiwari via ENCRYPTED_CALL in relation to CASE-1134.
COMM-0475,CASE-0629,PERSON-0703,PERSON-0697,PHONE-0203,ENCRYPTED_CALL,Synthetic telecommunication record: PERSON-0703 Abhishek Ahmed contacted PERSON-0697 Amit Roy via ENCRYPTED_CALL in relation to CASE-0629.
COMM-0476,CASE-0523,PERSON-0573,PERSON-0361,PHONE-0073,SMS,Synthetic telecommunication record: PERSON-0573 Pushpa Pandey contacted PERSON-0361 Ajay Banerjee via SMS in relation to CASE-0523.
COMM-0477,CASE-0831,PERSON-0283,PERSON-0078,PHONE-0283,WHATSAPP,Synthetic telecommunication record: PERSON-0283 Pradeep Sen contacted PERSON-0078 Nitin Ahmed via WHATSAPP in relation to CASE-0831.
COMM-0478,CASE-1246,PERSON-0822,PERSON-0517,PHONE-0322,SMS,Synthetic telecommunication record: PERSON-0822 Kunal Mishra contacted PERSON-0517 Sachin Gupta via SMS in relation to CASE-1246.
COMM-0479,CASE-0231,PERSON-0421,PERSON-0474,PHONE-0421,WHATSAPP,Synthetic telecommunication record: PERSON-0421 Manju Roy contacted PERSON-0474 Arjun Gupta via WHATSAPP in relation to CASE-0231.
COMM-0480,CASE-0592,PERSON-0860,PERSON-0470,PHONE-0360,SMS,Synthetic telecommunication record: PERSON-0860 Vijay Das contacted PERSON-0470 Geeta Mehta via SMS in relation to CASE-0592.
COMM-0481,CASE-0423,PERSON-0409,PERSON-0751,PHONE-0409,PHONE_CALL,Synthetic telecommunication record: PERSON-0409 Kavita Ali contacted PERSON-0751 Jyoti Dutta via PHONE_CALL in relation to CASE-0423.
COMM-0482,CASE-0780,PERSON-0300,PERSON-0796,PHONE-0300,PHONE_CALL,Synthetic telecommunication record: PERSON-0300 Ramesh Ghosh contacted PERSON-0796 Seema Mehta via PHONE_CALL in relation to CASE-0780.
COMM-0483,CASE-0544,PERSON-0297,PERSON-0324,PHONE-0297,PHONE_CALL,Synthetic telecommunication record: PERSON-0297 Poonam Goyal contacted PERSON-0324 Jitendra Joshi via PHONE_CALL in relation to CASE-0544.
COMM-0484,CASE-1239,PERSON-0171,PERSON-0679,PHONE-0171,ENCRYPTED_CALL,Synthetic telecommunication record: PERSON-0171 Sumit Ansari contacted PERSON-0679 Santosh Kumar via ENCRYPTED_CALL in relation to CASE-1239.
COMM-0485,CASE-0021,PERSON-0335,PERSON-0989,PHONE-0335,WHATSAPP,Synthetic telecommunication record: PERSON-0335 Naveen Verma contacted PERSON-0989 Anil Agarwal via WHATSAPP in relation to CASE-0021.
COMM-0486,CASE-0243,PERSON-0856,PERSON-0909,PHONE-0356,PHONE_CALL,Synthetic telecommunication record: PERSON-0856 Subhash Tiwari contacted PERSON-0909 Naveen Singh via PHONE_CALL in relation to CASE-0243.
COMM-0487,CASE-0336,PERSON-0409,PERSON-0143,PHONE-0409,ENCRYPTED_CALL,Synthetic telecommunication record: PERSON-0409 Kavita Ali contacted PERSON-0143 Ajay Bansal via ENCRYPTED_CALL in relation to CASE-0336.
COMM-0488,CASE-0081,PERSON-0407,PERSON-0410,PHONE-0407,SMS,Synthetic telecommunication record: PERSON-0407 Abhishek Roy contacted PERSON-0410 Rakesh Hussain via SMS in relation to CASE-0081.
COMM-0489,CASE-1133,PERSON-0617,PERSON-0924,PHONE-0117,PHONE_CALL,Synthetic telecommunication record: PERSON-0617 Rohit Singhal contacted PERSON-0924 Hemant Verma via PHONE_CALL in relation to CASE-1133.
COMM-0490,CASE-0038,PERSON-0861,PERSON-0558,PHONE-0361,WHATSAPP,Synthetic telecommunication record: PERSON-0861 Devendra Mittal contacted PERSON-0558 Abhishek Ghosh via WHATSAPP in relation to CASE-0038.
COMM-0491,CASE-0555,PERSON-0548,PERSON-0854,PHONE-0048,SMS,Synthetic telecommunication record: PERSON-0548 Jitendra Ali contacted PERSON-0854 Sushma Kaur via SMS in relation to CASE-0555.
COMM-0492,CASE-0735,PERSON-0533,PERSON-0107,PHONE-0033,WHATSAPP,Synthetic telecommunication record: PERSON-0533 Neetu Hussain contacted PERSON-0107 Naveen Mehta via WHATSAPP in relation to CASE-0735.
COMM-0493,CASE-0002,PERSON-0570,PERSON-0899,PHONE-0070,WHATSAPP,Synthetic telecommunication record: PERSON-0570 Ashok Mittal contacted PERSON-0899 Ritu Ghosh via WHATSAPP in relation to CASE-0002.
COMM-0494,CASE-0085,PERSON-0338,PERSON-0495,PHONE-0338,SMS,Synthetic telecommunication record: PERSON-0338 Mukesh Kumar contacted PERSON-0495 Vivek Kaur via SMS in relation to CASE-0085.
COMM-0495,CASE-1108,PERSON-0565,PERSON-0243,PHONE-0065,ENCRYPTED_CALL,Synthetic telecommunication record: PERSON-0565 Champa Khan contacted PERSON-0243 Nitin Pandey via ENCRYPTED_CALL in relation to CASE-1108.
COMM-0496,CASE-0537,PERSON-0854,PERSON-0876,PHONE-0354,PHONE_CALL,Synthetic telecommunication record: PERSON-0854 Sushma Kaur contacted PERSON-0876 Seema Ansari via PHONE_CALL in relation to CASE-0537.
COMM-0497,CASE-1134,PERSON-0356,PERSON-0426,PHONE-0356,WHATSAPP,Synthetic telecommunication record: PERSON-0356 Ramesh Mishra contacted PERSON-0426 Suresh Siddiqui via WHATSAPP in relation to CASE-1134.
COMM-0498,CASE-0030,PERSON-0153,PERSON-0948,PHONE-0153,ENCRYPTED_CALL,Synthetic telecommunication record: PERSON-0153 Pawan Kaur contacted PERSON-0948 Rakesh Goyal via ENCRYPTED_CALL in relation to CASE-0030.
COMM-0499,CASE-0759,PERSON-0938,PERSON-0014,PHONE-0438,PHONE_CALL,Synthetic telecommunication record: PERSON-0938 Manoj Sarkar contacted PERSON-0014 Santosh Mittal via PHONE_CALL in relation to CASE-0759.
COMM-0500,CASE-0002,PERSON-0218,PERSON-0048,PHONE-0218,SMS,Synthetic telecommunication record: PERSON-0218 Rahul Banerjee contacted PERSON-0048 Rohit Singhal via SMS in relation to CASE-0002.
COMM-0501,CASE-0800,PERSON-0779,PERSON-0696,PHONE-0279,ENCRYPTED_CALL,Synthetic telecommunication record: PERSON-0779 Deepak Ghosh contacted PERSON-0696 Kunal Sharma via ENCRYPTED_CALL in relation to CASE-0800.
COMM-0502,CASE-0209,PERSON-0607,PERSON-0910,PHONE-0107,SMS,Synthetic telecommunication record: PERSON-0607 Anil Jain contacted PERSON-0910 Dinesh Garg via SMS in relation to CASE-0209.
COMM-0503,CASE-0417,PERSON-0018,PERSON-0934,PHONE-0018,SMS,Synthetic telecommunication record: PERSON-0018 Hemant Ahmed contacted PERSON-0934 Gaurav Siddiqui via SMS in relation to CASE-0417.
COMM-0504,CASE-0794,PERSON-0300,PERSON-0100,PHONE-0300,SMS,Synthetic telecommunication record: PERSON-0300 Ramesh Ghosh contacted PERSON-0100 Manju Khan via SMS in relation to CASE-0794.
COMM-0505,CASE-1158,PERSON-0197,PERSON-0846,PHONE-0197,ENCRYPTED_CALL,Synthetic telecommunication record: PERSON-0197 Rakesh Banerjee contacted PERSON-0846 Pooja Dutta via ENCRYPTED_CALL in relation to CASE-1158.
COMM-0506,CASE-1109,PERSON-0681,PERSON-0865,PHONE-0181,SMS,Synthetic telecommunication record: PERSON-0681 Subhash Verma contacted PERSON-0865 Sunil Khan via SMS in relation to CASE-1109.
COMM-0507,CASE-0885,PERSON-0460,PERSON-0584,PHONE-0460,PHONE_CALL,Synthetic telecommunication record: PERSON-0460 Rohit Singhal contacted PERSON-0584 Champa Gupta via PHONE_CALL in relation to CASE-0885.
COMM-0508,CASE-1030,PERSON-0780,PERSON-0492,PHONE-0280,PHONE_CALL,Synthetic telecommunication record: PERSON-0780 Vikram Khan contacted PERSON-0492 Nitin Chakraborty via PHONE_CALL in relation to CASE-1030.
COMM-0509,CASE-0243,PERSON-0544,PERSON-0484,PHONE-0044,WHATSAPP,Synthetic telecommunication record: PERSON-0544 Manju Mittal contacted PERSON-0484 Pradeep Roy via WHATSAPP in relation to CASE-0243.
COMM-0510,CASE-0849,PERSON-0900,PERSON-0659,PHONE-0400,PHONE_CALL,Synthetic telecommunication record: PERSON-0900 Vivek Ahmed contacted PERSON-0659 Mamta Bhattacharya via PHONE_CALL in relation to CASE-0849.
COMM-0511,CASE-0064,PERSON-0116,PERSON-0647,PHONE-0116,WHATSAPP,Synthetic telecommunication record: PERSON-0116 Vivek Tiwari contacted PERSON-0647 Reena Khan via WHATSAPP in relation to CASE-0064.
COMM-0512,CASE-0876,PERSON-0382,PERSON-0910,PHONE-0382,PHONE_CALL,Synthetic telecommunication record: PERSON-0382 Amit Roy contacted PERSON-0910 Dinesh Garg via PHONE_CALL in relation to CASE-0876.
COMM-0513,CASE-0098,PERSON-0237,PERSON-0278,PHONE-0237,SMS,Synthetic telecommunication record: PERSON-0237 Devendra Kumar contacted PERSON-0278 Rajesh Bhattacharya via SMS in relation to CASE-0098.
COMM-0514,CASE-0621,PERSON-0973,PERSON-0993,PHONE-0473,SMS,Synthetic telecommunication record: PERSON-0973 Manish Pandey contacted PERSON-0993 Anita Hussain via SMS in relation to CASE-0621.
COMM-0515,CASE-0270,PERSON-0616,PERSON-0610,PHONE-0116,PHONE_CALL,Synthetic telecommunication record: PERSON-0616 Rohit Ansari contacted PERSON-0610 Satish Tiwari via PHONE_CALL in relation to CASE-0270.
COMM-0516,CASE-0806,PERSON-0496,PERSON-0281,PHONE-0496,SMS,Synthetic telecommunication record: PERSON-0496 Lata Ahmed contacted PERSON-0281 Lata Chakraborty via SMS in relation to CASE-0806.
COMM-0517,CASE-0865,PERSON-0573,PERSON-0925,PHONE-0073,ENCRYPTED_CALL,Synthetic telecommunication record: PERSON-0573 Pushpa Pandey contacted PERSON-0925 Sushma Das via ENCRYPTED_CALL in relation to CASE-0865.
COMM-0518,CASE-0767,PERSON-0169,PERSON-0309,PHONE-0169,PHONE_CALL,Synthetic telecommunication record: PERSON-0169 Amit Yadav contacted PERSON-0309 Rekha Kumar via PHONE_CALL in relation to CASE-0767.
COMM-0519,CASE-0774,PERSON-0146,PERSON-0807,PHONE-0146,WHATSAPP,Synthetic telecommunication record: PERSON-0146 Kunal Bhattacharya contacted PERSON-0807 Champa Agarwal via WHATSAPP in relation to CASE-0774.
COMM-0520,CASE-0240,PERSON-0332,PERSON-0933,PHONE-0332,SMS,Synthetic telecommunication record: PERSON-0332 Jyoti Mukherjee contacted PERSON-0933 Ramesh Ahmed via SMS in relation to CASE-0240.
COMM-0521,CASE-1224,PERSON-0447,PERSON-0894,PHONE-0447,ENCRYPTED_CALL,Synthetic telecommunication record: PERSON-0447 Pradeep Ghosh contacted PERSON-0894 Neetu Garg via ENCRYPTED_CALL in relation to CASE-1224.
COMM-0522,CASE-0281,PERSON-0323,PERSON-0955,PHONE-0323,ENCRYPTED_CALL,Synthetic telecommunication record: PERSON-0323 Anil Kaur contacted PERSON-0955 Sunil Kaur via ENCRYPTED_CALL in relation to CASE-0281.
COMM-0523,CASE-0366,PERSON-0189,PERSON-0962,PHONE-0189,WHATSAPP,Synthetic telecommunication record: PERSON-0189 Kusum Das contacted PERSON-0962 Poonam Mehta via WHATSAPP in relation to CASE-0366.
COMM-0524,CASE-0256,PERSON-0624,PERSON-0009,PHONE-0124,SMS,Synthetic telecommunication record: PERSON-0624 Jitendra Qureshi contacted PERSON-0009 Sunil Qureshi via SMS in relation to CASE-0256.
COMM-0525,CASE-0484,PERSON-0221,PERSON-0955,PHONE-0221,SMS,Synthetic telecommunication record: PERSON-0221 Usha Khan contacted PERSON-0955 Sunil Kaur via SMS in relation to CASE-0484.
COMM-0526,CASE-0901,PERSON-0813,PERSON-0031,PHONE-0313,SMS,Synthetic telecommunication record: PERSON-0813 Sunita Hussain contacted PERSON-0031 Alok Chatterjee via SMS in relation to CASE-0901.
COMM-0527,CASE-1022,PERSON-0315,PERSON-0492,PHONE-0315,ENCRYPTED_CALL,Synthetic telecommunication record: PERSON-0315 Pradeep Ansari contacted PERSON-0492 Nitin Chakraborty via ENCRYPTED_CALL in relation to CASE-1022.
COMM-0528,CASE-0622,PERSON-0555,PERSON-0296,PHONE-0055,SMS,Synthetic telecommunication record: PERSON-0555 Shobha Kaur contacted PERSON-0296 Vijay Kaur via SMS in relation to CASE-0622.
COMM-0529,CASE-0763,PERSON-0612,PERSON-0229,PHONE-0112,ENCRYPTED_CALL,Synthetic telecommunication record: PERSON-0612 Deepak Agarwal contacted PERSON-0229 Dharmendra Pandey via ENCRYPTED_CALL in relation to CASE-0763.
COMM-0530,CASE-0669,PERSON-0175,PERSON-0099,PHONE-0175,WHATSAPP,Synthetic telecommunication record: PERSON-0175 Sunil Joshi contacted PERSON-0099 Sumit Bose via WHATSAPP in relation to CASE-0669.
COMM-0531,CASE-1095,PERSON-0231,PERSON-0321,PHONE-0231,PHONE_CALL,Synthetic telecommunication record: PERSON-0231 Rahul Bose contacted PERSON-0321 Mukesh Siddiqui via PHONE_CALL in relation to CASE-1095.
COMM-0532,CASE-1002,PERSON-0851,PERSON-0084,PHONE-0351,WHATSAPP,Synthetic telecommunication record: PERSON-0851 Arjun Qureshi contacted PERSON-0084 Ashok Garg via WHATSAPP in relation to CASE-1002.
COMM-0533,CASE-0589,PERSON-0342,PERSON-0747,PHONE-0342,SMS,Synthetic telecommunication record: PERSON-0342 Rakesh Mittal contacted PERSON-0747 Manoj Agarwal via SMS in relation to CASE-0589.
COMM-0534,CASE-0447,PERSON-0105,PERSON-0171,PHONE-0105,PHONE_CALL,Synthetic telecommunication record: PERSON-0105 Rakesh Khan contacted PERSON-0171 Sumit Ansari via PHONE_CALL in relation to CASE-0447.
COMM-0535,CASE-0007,PERSON-0759,PERSON-0256,PHONE-0259,ENCRYPTED_CALL,Synthetic telecommunication record: PERSON-0759 Vijay Hussain contacted PERSON-0256 Manju Chatterjee via ENCRYPTED_CALL in relation to CASE-0007.
COMM-0536,CASE-0262,PERSON-0675,PERSON-0190,PHONE-0175,PHONE_CALL,Synthetic telecommunication record: PERSON-0675 Kusum Patel contacted PERSON-0190 Rohit Banerjee via PHONE_CALL in relation to CASE-0262.
COMM-0537,CASE-0140,PERSON-0952,PERSON-0735,PHONE-0452,ENCRYPTED_CALL,Synthetic telecommunication record: PERSON-0952 Abhishek Mishra contacted PERSON-0735 Vijay Bhattacharya via ENCRYPTED_CALL in relation to CASE-0140.
COMM-0538,CASE-0486,PERSON-0946,PERSON-0798,PHONE-0446,WHATSAPP,Synthetic telecommunication record: PERSON-0946 Manju Singh contacted PERSON-0798 Devendra Mittal via WHATSAPP in relation to CASE-0486.
COMM-0539,CASE-0949,PERSON-0507,PERSON-0161,PHONE-0007,ENCRYPTED_CALL,Synthetic telecommunication record: PERSON-0507 Sanjay Bansal contacted PERSON-0161 Vikram Verma via ENCRYPTED_CALL in relation to CASE-0949.
COMM-0540,CASE-0555,PERSON-0549,PERSON-0658,PHONE-0049,WHATSAPP,Synthetic telecommunication record: PERSON-0549 Arjun Khan contacted PERSON-0658 Deepak Sarkar via WHATSAPP in relation to CASE-0555.
COMM-0541,CASE-0710,PERSON-0570,PERSON-0329,PHONE-0070,SMS,Synthetic telecommunication record: PERSON-0570 Ashok Mittal contacted PERSON-0329 Manish Dutta via SMS in relation to CASE-0710.
COMM-0542,CASE-1135,PERSON-0333,PERSON-0176,PHONE-0333,WHATSAPP,Synthetic telecommunication record: PERSON-0333 Vijay Siddiqui contacted PERSON-0176 Kavita Siddiqui via WHATSAPP in relation to CASE-1135.
COMM-0543,CASE-1197,PERSON-0685,PERSON-0313,PHONE-0185,WHATSAPP,Synthetic telecommunication record: PERSON-0685 Gaurav Patel contacted PERSON-0313 Radha Goyal via WHATSAPP in relation to CASE-1197.
COMM-0544,CASE-0710,PERSON-0144,PERSON-0730,PHONE-0144,SMS,Synthetic telecommunication record: PERSON-0144 Poonam Roy contacted PERSON-0730 Gaurav Chakraborty via SMS in relation to CASE-0710.
COMM-0545,CASE-0208,PERSON-0416,PERSON-0119,PHONE-0416,SMS,Synthetic telecommunication record: PERSON-0416 Mukesh Qureshi contacted PERSON-0119 Pooja Joshi via SMS in relation to CASE-0208.
COMM-0546,CASE-1002,PERSON-0378,PERSON-0630,PHONE-0378,PHONE_CALL,Synthetic telecommunication record: PERSON-0378 Amit Mukherjee contacted PERSON-0630 Rohit Bose via PHONE_CALL in relation to CASE-1002.
COMM-0547,CASE-0919,PERSON-0069,PERSON-0057,PHONE-0069,SMS,Synthetic telecommunication record: PERSON-0069 Satish Yadav contacted PERSON-0057 Manish Chatterjee via SMS in relation to CASE-0919.
COMM-0548,CASE-0107,PERSON-0542,PERSON-0873,PHONE-0042,PHONE_CALL,Synthetic telecommunication record: PERSON-0542 Nitin Verma contacted PERSON-0873 Vivek Das via PHONE_CALL in relation to CASE-0107.
COMM-0549,CASE-0744,PERSON-0316,PERSON-0614,PHONE-0316,PHONE_CALL,Synthetic telecommunication record: PERSON-0316 Sumit Sarkar contacted PERSON-0614 Alok Ansari via PHONE_CALL in relation to CASE-0744.
COMM-0550,CASE-0530,PERSON-0459,PERSON-0466,PHONE-0459,SMS,Synthetic telecommunication record: PERSON-0459 Ramesh Sarkar contacted PERSON-0466 Manoj Singhal via SMS in relation to CASE-0530.
COMM-0551,CASE-0552,PERSON-0483,PERSON-0236,PHONE-0483,SMS,Synthetic telecommunication record: PERSON-0483 Arjun Siddiqui contacted PERSON-0236 Radha Hussain via SMS in relation to CASE-0552.
COMM-0552,CASE-0440,PERSON-0366,PERSON-0791,PHONE-0366,WHATSAPP,Synthetic telecommunication record: PERSON-0366 Amit Sen contacted PERSON-0791 Kusum Ali via WHATSAPP in relation to CASE-0440.
COMM-0553,CASE-0610,PERSON-0449,PERSON-0895,PHONE-0449,SMS,Synthetic telecommunication record: PERSON-0449 Harish Chakraborty contacted PERSON-0895 Rahul Qureshi via SMS in relation to CASE-0610.
COMM-0554,CASE-0230,PERSON-0854,PERSON-0809,PHONE-0354,ENCRYPTED_CALL,Synthetic telecommunication record: PERSON-0854 Sushma Kaur contacted PERSON-0809 Rahul Das via ENCRYPTED_CALL in relation to CASE-0230.
COMM-0555,CASE-0244,PERSON-0365,PERSON-0595,PHONE-0365,SMS,Synthetic telecommunication record: PERSON-0365 Meena Garg contacted PERSON-0595 Sunil Yadav via SMS in relation to CASE-0244.
COMM-0556,CASE-1170,PERSON-0471,PERSON-0205,PHONE-0471,SMS,Synthetic telecommunication record: PERSON-0471 Kiran Ahmed contacted PERSON-0205 Gaurav Shukla via SMS in relation to CASE-1170.
COMM-0557,CASE-0593,PERSON-0868,PERSON-0923,PHONE-0368,WHATSAPP,Synthetic telecommunication record: PERSON-0868 Kamla Goyal contacted PERSON-0923 Kunal Bhattacharya via WHATSAPP in relation to CASE-0593.
COMM-0558,CASE-0076,PERSON-0342,PERSON-0237,PHONE-0342,ENCRYPTED_CALL,Synthetic telecommunication record: PERSON-0342 Rakesh Mittal contacted PERSON-0237 Devendra Kumar via ENCRYPTED_CALL in relation to CASE-0076.
COMM-0559,CASE-1046,PERSON-0548,PERSON-0032,PHONE-0048,WHATSAPP,Synthetic telecommunication record: PERSON-0548 Jitendra Ali contacted PERSON-0032 Pawan Gupta via WHATSAPP in relation to CASE-1046.
COMM-0560,CASE-0400,PERSON-0128,PERSON-0543,PHONE-0128,WHATSAPP,Synthetic telecommunication record: PERSON-0128 Jitendra Mittal contacted PERSON-0543 Anil Sen via WHATSAPP in relation to CASE-0400.
COMM-0561,CASE-0863,PERSON-0086,PERSON-0895,PHONE-0086,PHONE_CALL,Synthetic telecommunication record: PERSON-0086 Amit Chatterjee contacted PERSON-0895 Rahul Qureshi via PHONE_CALL in relation to CASE-0863.
COMM-0562,CASE-0412,PERSON-0246,PERSON-0846,PHONE-0246,WHATSAPP,Synthetic telecommunication record: PERSON-0246 Jitendra Ghosh contacted PERSON-0846 Pooja Dutta via WHATSAPP in relation to CASE-0412.
COMM-0563,CASE-0875,PERSON-0959,PERSON-0039,PHONE-0459,ENCRYPTED_CALL,Synthetic telecommunication record: PERSON-0959 Manoj Yadav contacted PERSON-0039 Dinesh Goyal via ENCRYPTED_CALL in relation to CASE-0875.
COMM-0564,CASE-1037,PERSON-0548,PERSON-0911,PHONE-0048,WHATSAPP,Synthetic telecommunication record: PERSON-0548 Jitendra Ali contacted PERSON-0911 Babita Ali via WHATSAPP in relation to CASE-1037.
COMM-0565,CASE-1141,PERSON-0070,PERSON-0362,PHONE-0070,WHATSAPP,Synthetic telecommunication record: PERSON-0070 Deepak Bansal contacted PERSON-0362 Mamta Yadav via WHATSAPP in relation to CASE-1141.
COMM-0566,CASE-0983,PERSON-0557,PERSON-0487,PHONE-0057,WHATSAPP,Synthetic telecommunication record: PERSON-0557 Pawan Singhal contacted PERSON-0487 Pankaj Bose via WHATSAPP in relation to CASE-0983.
COMM-0567,CASE-0020,PERSON-0293,PERSON-0848,PHONE-0293,ENCRYPTED_CALL,Synthetic telecommunication record: PERSON-0293 Ajay Mittal contacted PERSON-0848 Seema Siddiqui via ENCRYPTED_CALL in relation to CASE-0020.
COMM-0568,CASE-0377,PERSON-0324,PERSON-0701,PHONE-0324,PHONE_CALL,Synthetic telecommunication record: PERSON-0324 Jitendra Joshi contacted PERSON-0701 Ramesh Bhattacharya via PHONE_CALL in relation to CASE-0377.
COMM-0569,CASE-0642,PERSON-0186,PERSON-0126,PHONE-0186,ENCRYPTED_CALL,Synthetic telecommunication record: PERSON-0186 Vandana Verma contacted PERSON-0126 Manish Garg via ENCRYPTED_CALL in relation to CASE-0642.
COMM-0570,CASE-0627,PERSON-0419,PERSON-0335,PHONE-0419,WHATSAPP,Synthetic telecommunication record: PERSON-0419 Sanjay Verma contacted PERSON-0335 Naveen Verma via WHATSAPP in relation to CASE-0627.
COMM-0571,CASE-0671,PERSON-0747,PERSON-0232,PHONE-0247,ENCRYPTED_CALL,Synthetic telecommunication record: PERSON-0747 Manoj Agarwal contacted PERSON-0232 Lata Das via ENCRYPTED_CALL in relation to CASE-0671.
COMM-0572,CASE-1049,PERSON-0052,PERSON-0104,PHONE-0052,PHONE_CALL,Synthetic telecommunication record: PERSON-0052 Shashi Patel contacted PERSON-0104 Reena Mishra via PHONE_CALL in relation to CASE-1049.
COMM-0573,CASE-0730,PERSON-0436,PERSON-0703,PHONE-0436,ENCRYPTED_CALL,Synthetic telecommunication record: PERSON-0436 Ashok Goyal contacted PERSON-0703 Abhishek Ahmed via ENCRYPTED_CALL in relation to CASE-0730.
COMM-0574,CASE-0386,PERSON-0300,PERSON-0286,PHONE-0300,ENCRYPTED_CALL,Synthetic telecommunication record: PERSON-0300 Ramesh Ghosh contacted PERSON-0286 Ajay Chatterjee via ENCRYPTED_CALL in relation to CASE-0386.
COMM-0575,CASE-1017,PERSON-0090,PERSON-0753,PHONE-0090,ENCRYPTED_CALL,Synthetic telecommunication record: PERSON-0090 Kunal Joshi contacted PERSON-0753 Sachin Agarwal via ENCRYPTED_CALL in relation to CASE-1017.
COMM-0576,CASE-0907,PERSON-0761,PERSON-0388,PHONE-0261,WHATSAPP,Synthetic telecommunication record: PERSON-0761 Jitendra Pandey contacted PERSON-0388 Dinesh Jain via WHATSAPP in relation to CASE-0907.
COMM-0577,CASE-1214,PERSON-0829,PERSON-0408,PHONE-0329,PHONE_CALL,Synthetic telecommunication record: PERSON-0829 Shobha Sen contacted PERSON-0408 Vivek Kumar via PHONE_CALL in relation to CASE-1214.
COMM-0578,CASE-0636,PERSON-0230,PERSON-0215,PHONE-0230,ENCRYPTED_CALL,Synthetic telecommunication record: PERSON-0230 Sunil Mittal contacted PERSON-0215 Pushpa Kaur via ENCRYPTED_CALL in relation to CASE-0636.
COMM-0579,CASE-0280,PERSON-0602,PERSON-0620,PHONE-0102,SMS,Synthetic telecommunication record: PERSON-0602 Sanjay Chatterjee contacted PERSON-0620 Rohit Qureshi via SMS in relation to CASE-0280.
COMM-0580,CASE-0771,PERSON-0645,PERSON-0813,PHONE-0145,ENCRYPTED_CALL,Synthetic telecommunication record: PERSON-0645 Santosh Ghosh contacted PERSON-0813 Sunita Hussain via ENCRYPTED_CALL in relation to CASE-0771.
COMM-0581,CASE-0537,PERSON-0995,PERSON-0928,PHONE-0495,SMS,Synthetic telecommunication record: PERSON-0995 Arjun Yadav contacted PERSON-0928 Pushpa Ansari via SMS in relation to CASE-0537.
COMM-0582,CASE-0108,PERSON-0625,PERSON-0602,PHONE-0125,PHONE_CALL,Synthetic telecommunication record: PERSON-0625 Gaurav Bansal contacted PERSON-0602 Sanjay Chatterjee via PHONE_CALL in relation to CASE-0108.
COMM-0583,CASE-0076,PERSON-0115,PERSON-0050,PHONE-0115,SMS,Synthetic telecommunication record: PERSON-0115 Rajesh Jain contacted PERSON-0050 Sunil Patel via SMS in relation to CASE-0076.
COMM-0584,CASE-0983,PERSON-0234,PERSON-0592,PHONE-0234,PHONE_CALL,Synthetic telecommunication record: PERSON-0234 Sanjay Mittal contacted PERSON-0592 Gaurav Mishra via PHONE_CALL in relation to CASE-0983.
COMM-0585,CASE-1089,PERSON-0928,PERSON-0240,PHONE-0428,SMS,Synthetic telecommunication record: PERSON-0928 Pushpa Ansari contacted PERSON-0240 Sanjay Bhattacharya via SMS in relation to CASE-1089.
COMM-0586,CASE-0336,PERSON-0098,PERSON-0722,PHONE-0098,PHONE_CALL,Synthetic telecommunication record: PERSON-0098 Suresh Sen contacted PERSON-0722 Abhishek Mittal via PHONE_CALL in relation to CASE-0336.
COMM-0587,CASE-1107,PERSON-0609,PERSON-0420,PHONE-0109,SMS,Synthetic telecommunication record: PERSON-0609 Harish Mehta contacted PERSON-0420 Devendra Dutta via SMS in relation to CASE-1107.
COMM-0588,CASE-0589,PERSON-0175,PERSON-0667,PHONE-0175,SMS,Synthetic telecommunication record: PERSON-0175 Sunil Joshi contacted PERSON-0667 Vivek Das via SMS in relation to CASE-0589.
COMM-0589,CASE-0799,PERSON-0284,PERSON-0754,PHONE-0284,SMS,Synthetic telecommunication record: PERSON-0284 Vivek Kaur contacted PERSON-0754 Naveen Hussain via SMS in relation to CASE-0799.
COMM-0590,CASE-0938,PERSON-0597,PERSON-0380,PHONE-0097,ENCRYPTED_CALL,Synthetic telecommunication record: PERSON-0597 Pooja Das contacted PERSON-0380 Seema Banerjee via ENCRYPTED_CALL in relation to CASE-0938.
COMM-0591,CASE-0350,PERSON-0575,PERSON-0933,PHONE-0075,SMS,Synthetic telecommunication record: PERSON-0575 Jyoti Sen contacted PERSON-0933 Ramesh Ahmed via SMS in relation to CASE-0350.
COMM-0592,CASE-1005,PERSON-0337,PERSON-0651,PHONE-0337,SMS,Synthetic telecommunication record: PERSON-0337 Rajesh Singhal contacted PERSON-0651 Pankaj Goyal via SMS in relation to CASE-1005.
COMM-0593,CASE-1065,PERSON-0130,PERSON-0969,PHONE-0130,PHONE_CALL,Synthetic telecommunication record: PERSON-0130 Santosh Jain contacted PERSON-0969 Seema Singhal via PHONE_CALL in relation to CASE-1065.
COMM-0594,CASE-1214,PERSON-0053,PERSON-0184,PHONE-0053,WHATSAPP,Synthetic telecommunication record: PERSON-0053 Nitin Gupta contacted PERSON-0184 Manish Sharma via WHATSAPP in relation to CASE-1214.
COMM-0595,CASE-0147,PERSON-0452,PERSON-0764,PHONE-0452,ENCRYPTED_CALL,Synthetic telecommunication record: PERSON-0452 Sunil Garg contacted PERSON-0764 Rajesh Khan via ENCRYPTED_CALL in relation to CASE-0147.
COMM-0596,CASE-1104,PERSON-0624,PERSON-0677,PHONE-0124,PHONE_CALL,Synthetic telecommunication record: PERSON-0624 Jitendra Qureshi contacted PERSON-0677 Sarita Shukla via PHONE_CALL in relation to CASE-1104.
COMM-0597,CASE-0282,PERSON-0307,PERSON-0542,PHONE-0307,WHATSAPP,Synthetic telecommunication record: PERSON-0307 Vivek Kumar contacted PERSON-0542 Nitin Verma via WHATSAPP in relation to CASE-0282.
COMM-0598,CASE-1247,PERSON-0930,PERSON-0881,PHONE-0430,ENCRYPTED_CALL,Synthetic telecommunication record: PERSON-0930 Rakesh Pandey contacted PERSON-0881 Pushpa Goyal via ENCRYPTED_CALL in relation to CASE-1247.
COMM-0599,CASE-0168,PERSON-0474,PERSON-0015,PHONE-0474,SMS,Synthetic telecommunication record: PERSON-0474 Arjun Gupta contacted PERSON-0015 Harish Bhattacharya via SMS in relation to CASE-0168.
