ground_truth_id,source_entity_id,target_entity_id,relationship_type,expected_relationship,case_id,evidence_reference
GT-0001,PERSON-0474,PERSON-0475,CONTACTED,1,CASE-0524,Synthetic telecommunication record: PERSON-0474 Arjun Gupta contacted PERSON-0475 Manoj Kumar via PHONE_CALL in relation to CASE-0524.
GT-0002,PERSON-0130,PERSON-0002,CONTACTED,1,CASE-1221,Synthetic telecommunication record: PERSON-0130 Santosh Jain contacted PERSON-0002 Rohit Singh via ENCRYPTED_CALL in relation to CASE-1221.
GT-0003,PERSON-0094,PERSON-0821,CONTACTED,1,CASE-0235,Synthetic telecommunication record: PERSON-0094 Subhash Joshi contacted PERSON-0821 Santosh Garg via SMS in relation to CASE-0235.
GT-0004,PERSON-0232,PERSON-0731,CONTACTED,1,CASE-0332,Synthetic telecommunication record: PERSON-0232 Lata Das contacted PERSON-0731 Deepak Joshi via PHONE_CALL in relation to CASE-0332.
GT-0005,PERSON-0194,PERSON-0442,CONTACTED,1,CASE-0371,Synthetic telecommunication record: PERSON-0194 Devendra Garg contacted PERSON-0442 Mamta Shukla via WHATSAPP in relation to CASE-0371.
GT-0006,PERSON-0663,PERSON-0815,CONTACTED,1,CASE-0203,Synthetic telecommunication record: PERSON-0663 Manju Ansari contacted PERSON-0815 Sumit Khan via WHATSAPP in relation to CASE-0203.
GT-0007,PERSON-0362,PERSON-0929,CONTACTED,1,CASE-0139,Synthetic telecommunication record: PERSON-0362 Mamta Yadav contacted PERSON-0929 Lata Ahmed via PHONE_CALL in relation to CASE-0139.
GT-0008,PERSON-0587,PERSON-0932,CONTACTED,1,CASE-1070,Synthetic telecommunication record: PERSON-0587 Alok Singhal contacted PERSON-0932 Harish Mukherjee via ENCRYPTED_CALL in relation to CASE-1070.
GT-0009,PERSON-0703,PERSON-0375,CONTACTED,1,CASE-0009,Synthetic telecommunication record: PERSON-0703 Abhishek Ahmed contacted PERSON-0375 Sumit Shukla via PHONE_CALL in relation to CASE-0009.
GT-0010,PERSON-0109,PERSON-0792,CONTACTED,1,CASE-0889,Synthetic telecommunication record: PERSON-0109 Suresh Siddiqui contacted PERSON-0792 Vivek Patel via PHONE_CALL in relation to CASE-0889.
GT-0011,PERSON-0448,PERSON-0217,CONTACTED,1,CASE-1031,Synthetic telecommunication record: PERSON-0448 Anil Ghosh contacted PERSON-0217 Rakesh Sarkar via SMS in relation to CASE-1031.
GT-0012,PERSON-0748,PERSON-0603,CONTACTED,1,CASE-0168,Synthetic telecommunication record: PERSON-0748 Jitendra Sen contacted PERSON-0603 Deepak Gupta via SMS in relation to CASE-0168.
GT-0013,PERSON-0768,PERSON-0475,CONTACTED,1,CASE-1166,Synthetic telecommunication record: PERSON-0768 Jyoti Ghosh contacted PERSON-0475 Manoj Kumar via ENCRYPTED_CALL in relation to CASE-1166.
GT-0014,PERSON-0721,PERSON-0708,CONTACTED,1,CASE-0343,Synthetic telecommunication record: PERSON-0721 Dharmendra Singhal contacted PERSON-0708 Nitin Bose via PHONE_CALL in relation to CASE-0343.
GT-0015,PERSON-0570,PERSON-0530,CONTACTED,1,CASE-0782,Synthetic telecommunication record: PERSON-0570 Ashok Mittal contacted PERSON-0530 Vivek Khan via PHONE_CALL in relation to CASE-0782.
GT-0016,PERSON-0769,PERSON-0792,CONTACTED,1,CASE-0104,Synthetic telecommunication record: PERSON-0769 Alok Goyal contacted PERSON-0792 Vivek Patel via SMS in relation to CASE-0104.
GT-0017,PERSON-0491,PERSON-0548,CONTACTED,1,CASE-0485,Synthetic telecommunication record: PERSON-0491 Kamla Kaur contacted PERSON-0548 Jitendra Ali via WHATSAPP in relation to CASE-0485.
GT-0018,PERSON-0561,PERSON-0385,CONTACTED,1,CASE-0138,Synthetic telecommunication record: PERSON-0561 Santosh Kumar contacted PERSON-0385 Ramesh Sarkar via WHATSAPP in relation to CASE-0138.
GT-0019,PERSON-0931,PERSON-0596,CONTACTED,1,CASE-1042,Synthetic telecommunication record: PERSON-0931 Suresh Dutta contacted PERSON-0596 Asha Ghosh via ENCRYPTED_CALL in relation to CASE-1042.
GT-0020,PERSON-0823,PERSON-0522,CONTACTED,1,CASE-0354,Synthetic telecommunication record: PERSON-0823 Neetu Chatterjee contacted PERSON-0522 Meena Hussain via SMS in relation to CASE-0354.
GT-0021,PERSON-0985,PERSON-0904,CONTACTED,1,CASE-0680,Synthetic telecommunication record: PERSON-0985 Pradeep Goyal contacted PERSON-0904 Ritu Pandey via SMS in relation to CASE-0680.
GT-0022,PERSON-0674,PERSON-0099,CONTACTED,1,CASE-0110,Synthetic telecommunication record: PERSON-0674 Nitin Patel contacted PERSON-0099 Sumit Bose via WHATSAPP in relation to CASE-0110.
GT-0023,PERSON-0740,PERSON-0773,CONTACTED,1,CASE-0345,Synthetic telecommunication record: PERSON-0740 Vandana Singh contacted PERSON-0773 Sunita Sen via ENCRYPTED_CALL in relation to CASE-0345.
GT-0024,PERSON-0002,PERSON-0056,CONTACTED,1,CASE-0333,Synthetic telecommunication record: PERSON-0002 Rohit Singh contacted PERSON-0056 Pawan Bhattacharya via WHATSAPP in relation to CASE-0333.
GT-0025,PERSON-0219,PERSON-0630,CONTACTED,1,CASE-1129,Synthetic telecommunication record: PERSON-0219 Abhishek Gupta contacted PERSON-0630 Rohit Bose via SMS in relation to CASE-1129.
GT-0026,PERSON-0131,PERSON-0641,CONTACTED,1,CASE-1100,Synthetic telecommunication record: PERSON-0131 Mukesh Garg contacted PERSON-0641 Kunal Ghosh via WHATSAPP in relation to CASE-1100.
GT-0027,PERSON-0679,PERSON-0969,CONTACTED,1,CASE-0278,Synthetic telecommunication record: PERSON-0679 Santosh Kumar contacted PERSON-0969 Seema Singhal via WHATSAPP in relation to CASE-0278.
GT-0028,PERSON-0259,PERSON-0091,CONTACTED,1,CASE-0122,Synthetic telecommunication record: PERSON-0259 Vikram Shukla contacted PERSON-0091 Pushpa Verma via SMS in relation to CASE-0122.
GT-0029,PERSON-0499,PERSON-0286,CONTACTED,1,CASE-0571,Synthetic telecommunication record: PERSON-0499 Arjun Gupta contacted PERSON-0286 Ajay Chatterjee via WHATSAPP in relation to CASE-0571.
GT-0030,PERSON-0947,PERSON-0768,CONTACTED,1,CASE-0270,Synthetic telecommunication record: PERSON-0947 Sumit Ali contacted PERSON-0768 Jyoti Ghosh via PHONE_CALL in relation to CASE-0270.
GT-0031,PERSON-0432,PERSON-0998,CONTACTED,1,CASE-0136,Synthetic telecommunication record: PERSON-0432 Dharmendra Goyal contacted PERSON-0998 Pankaj Yadav via SMS in relation to CASE-0136.
GT-0032,PERSON-0617,PERSON-0728,CONTACTED,1,CASE-1183,Synthetic telecommunication record: PERSON-0617 Rohit Singhal contacted PERSON-0728 Manoj Tiwari via WHATSAPP in relation to CASE-1183.
GT-0033,PERSON-0690,PERSON-0130,CONTACTED,1,CASE-0021,Synthetic telecommunication record: PERSON-0690 Subhash Qureshi contacted PERSON-0130 Santosh Jain via PHONE_CALL in relation to CASE-0021.
GT-0034,PERSON-0037,PERSON-0650,CONTACTED,1,CASE-0262,Synthetic telecommunication record: PERSON-0037 Vivek Banerjee contacted PERSON-0650 Abhishek Ahmed via WHATSAPP in relation to CASE-0262.
GT-0035,PERSON-0284,PERSON-0960,CONTACTED,1,CASE-0104,Synthetic telecommunication record: PERSON-0284 Vivek Kaur contacted PERSON-0960 Vikram Ali via WHATSAPP in relation to CASE-0104.
GT-0036,PERSON-0873,PERSON-0135,CONTACTED,1,CASE-0449,Synthetic telecommunication record: PERSON-0873 Vivek Das contacted PERSON-0135 Devendra Mehta via WHATSAPP in relation to CASE-0449.
GT-0037,PERSON-0510,PERSON-0368,CONTACTED,1,CASE-0899,Synthetic telecommunication record: PERSON-0510 Pankaj Pandey contacted PERSON-0368 Rajesh Sarkar via WHATSAPP in relation to CASE-0899.
GT-0038,PERSON-0250,PERSON-0382,CONTACTED,1,CASE-0212,Synthetic telecommunication record: PERSON-0250 Pankaj Banerjee contacted PERSON-0382 Amit Roy via WHATSAPP in relation to CASE-0212.
GT-0039,PERSON-0921,PERSON-0796,CONTACTED,1,CASE-0085,Synthetic telecommunication record: PERSON-0921 Pankaj Mehta contacted PERSON-0796 Seema Mehta via WHATSAPP in relation to CASE-0085.
GT-0040,PERSON-0096,PERSON-0428,CONTACTED,1,CASE-1031,Synthetic telecommunication record: PERSON-0096 Anita Tiwari contacted PERSON-0428 Mukesh Qureshi via SMS in relation to CASE-1031.
GT-0041,PERSON-0417,PERSON-0260,CONTACTED,1,CASE-0097,Synthetic telecommunication record: PERSON-0417 Pawan Hussain contacted PERSON-0260 Sunil Siddiqui via ENCRYPTED_CALL in relation to CASE-0097.
GT-0042,PERSON-0003,PERSON-0699,CONTACTED,1,CASE-0404,Synthetic telecommunication record: PERSON-0003 Vijay Banerjee contacted PERSON-0699 Vijay Mishra via PHONE_CALL in relation to CASE-0404.
GT-0043,PERSON-0733,PERSON-0813,CONTACTED,1,CASE-0706,Synthetic telecommunication record: PERSON-0733 Ramesh Verma contacted PERSON-0813 Sunita Hussain via WHATSAPP in relation to CASE-0706.
GT-0044,PERSON-0468,PERSON-0471,CONTACTED,1,CASE-0902,Synthetic telecommunication record: PERSON-0468 Asha Mittal contacted PERSON-0471 Kiran Ahmed via SMS in relation to CASE-0902.
GT-0045,PERSON-0925,PERSON-0599,CONTACTED,1,CASE-0815,Synthetic telecommunication record: PERSON-0925 Sushma Das contacted PERSON-0599 Shobha Khan via PHONE_CALL in relation to CASE-0815.
GT-0046,PERSON-0230,PERSON-0136,CONTACTED,1,CASE-1101,Synthetic telecommunication record: PERSON-0230 Sunil Mittal contacted PERSON-0136 Shashi Ahmed via PHONE_CALL in relation to CASE-1101.
GT-0047,PERSON-0668,PERSON-0166,CONTACTED,1,CASE-0047,Synthetic telecommunication record: PERSON-0668 Suresh Patel contacted PERSON-0166 Rajesh Goyal via PHONE_CALL in relation to CASE-0047.
GT-0048,PERSON-0700,PERSON-0905,CONTACTED,1,CASE-0852,Synthetic telecommunication record: PERSON-0700 Alok Qureshi contacted PERSON-0905 Vandana Qureshi via PHONE_CALL in relation to CASE-0852.
GT-0049,PERSON-0306,PERSON-0388,CONTACTED,1,CASE-0962,Synthetic telecommunication record: PERSON-0306 Harish Tiwari contacted PERSON-0388 Dinesh Jain via PHONE_CALL in relation to CASE-0962.
GT-0050,PERSON-0597,PERSON-0768,CONTACTED,1,CASE-0326,Synthetic telecommunication record: PERSON-0597 Pooja Das contacted PERSON-0768 Jyoti Ghosh via WHATSAPP in relation to CASE-0326.
GT-0051,PERSON-0967,PERSON-0805,CONTACTED,1,CASE-0245,Synthetic telecommunication record: PERSON-0967 Lata Garg contacted PERSON-0805 Alok Gupta via PHONE_CALL in relation to CASE-0245.
GT-0052,PERSON-0254,PERSON-0863,CONTACTED,1,CASE-0540,Synthetic telecommunication record: PERSON-0254 Nitin Pandey contacted PERSON-0863 Dinesh Agarwal via SMS in relation to CASE-0540.
GT-0053,PERSON-0635,PERSON-0397,CONTACTED,1,CASE-0137,Synthetic telecommunication record: PERSON-0635 Harish Sarkar contacted PERSON-0397 Shashi Garg via ENCRYPTED_CALL in relation to CASE-0137.
GT-0054,PERSON-0155,PERSON-0582,CONTACTED,1,CASE-0333,Synthetic telecommunication record: PERSON-0155 Neetu Chakraborty contacted PERSON-0582 Kamla Ansari via PHONE_CALL in relation to CASE-0333.
GT-0055,PERSON-0962,PERSON-0122,CONTACTED,1,CASE-0416,Synthetic telecommunication record: PERSON-0962 Poonam Mehta contacted PERSON-0122 Rajesh Tiwari via ENCRYPTED_CALL in relation to CASE-0416.
GT-0056,PERSON-0015,PERSON-0514,CONTACTED,1,CASE-0998,Synthetic telecommunication record: PERSON-0015 Harish Bhattacharya contacted PERSON-0514 Kunal Kumar via PHONE_CALL in relation to CASE-0998.
GT-0057,PERSON-0416,PERSON-0571,CONTACTED,1,CASE-0752,Synthetic telecommunication record: PERSON-0416 Mukesh Qureshi contacted PERSON-0571 Rajesh Sarkar via SMS in relation to CASE-0752.
GT-0058,PERSON-0862,PERSON-0993,CONTACTED,1,CASE-0856,Synthetic telecommunication record: PERSON-0862 Rakesh Mehta contacted PERSON-0993 Anita Hussain via ENCRYPTED_CALL in relation to CASE-0856.
GT-0059,PERSON-0977,PERSON-0772,CONTACTED,1,CASE-0944,Synthetic telecommunication record: PERSON-0977 Alok Singhal contacted PERSON-0772 Harish Garg via PHONE_CALL in relation to CASE-0944.
GT-0060,PERSON-0240,PERSON-0718,CONTACTED,1,CASE-0785,Synthetic telecommunication record: PERSON-0240 Sanjay Bhattacharya contacted PERSON-0718 Radha Singh via ENCRYPTED_CALL in relation to CASE-0785.
GT-0061,PERSON-0087,PERSON-0585,CONTACTED,1,CASE-0314,Synthetic telecommunication record: PERSON-0087 Satish Sarkar contacted PERSON-0585 Pankaj Khan via ENCRYPTED_CALL in relation to CASE-0314.
GT-0062,PERSON-0371,PERSON-0062,CONTACTED,1,CASE-0742,Synthetic telecommunication record: PERSON-0371 Amit Goyal contacted PERSON-0062 Ritu Bansal via SMS in relation to CASE-0742.
GT-0063,PERSON-0294,PERSON-0798,CONTACTED,1,CASE-1191,Synthetic telecommunication record: PERSON-0294 Harish Sharma contacted PERSON-0798 Devendra Mittal via SMS in relation to CASE-1191.
GT-0064,PERSON-0672,PERSON-0038,CONTACTED,1,CASE-0616,Synthetic telecommunication record: PERSON-0672 Ajay Kumar contacted PERSON-0038 Sachin Chakraborty via ENCRYPTED_CALL in relation to CASE-0616.
GT-0065,PERSON-0401,PERSON-0202,CONTACTED,1,CASE-0884,Synthetic telecommunication record: PERSON-0401 Seema Gupta contacted PERSON-0202 Amit Roy via SMS in relation to CASE-0884.
GT-0066,PERSON-0789,PERSON-0194,CONTACTED,1,CASE-1239,Synthetic telecommunication record: PERSON-0789 Santosh Garg contacted PERSON-0194 Devendra Garg via WHATSAPP in relation to CASE-1239.
GT-0067,PERSON-0427,PERSON-0353,CONTACTED,1,CASE-1163,Synthetic telecommunication record: PERSON-0427 Nitin Joshi contacted PERSON-0353 Asha Gupta via PHONE_CALL in relation to CASE-1163.
GT-0068,PERSON-0663,PERSON-0620,CONTACTED,1,CASE-0620,Synthetic telecommunication record: PERSON-0663 Manju Ansari contacted PERSON-0620 Rohit Qureshi via ENCRYPTED_CALL in relation to CASE-0620.
GT-0069,PERSON-0465,PERSON-0195,CONTACTED,1,CASE-0343,Synthetic telecommunication record: PERSON-0465 Devendra Kaur contacted PERSON-0195 Kiran Ghosh via WHATSAPP in relation to CASE-0343.
GT-0070,PERSON-0395,PERSON-0138,CONTACTED,1,CASE-0346,Synthetic telecommunication record: PERSON-0395 Sanjay Singh contacted PERSON-0138 Vandana Goyal via ENCRYPTED_CALL in relation to CASE-0346.
GT-0071,PERSON-0091,PERSON-0303,CONTACTED,1,CASE-0241,Synthetic telecommunication record: PERSON-0091 Pushpa Verma contacted PERSON-0303 Ramesh Mishra via WHATSAPP in relation to CASE-0241.
GT-0072,PERSON-0222,PERSON-0805,CONTACTED,1,CASE-0524,Synthetic telecommunication record: PERSON-0222 Sachin Patel contacted PERSON-0805 Alok Gupta via ENCRYPTED_CALL in relation to CASE-0524.
GT-0073,PERSON-0942,PERSON-0849,CONTACTED,1,CASE-0282,Synthetic telecommunication record: PERSON-0942 Devendra Roy contacted PERSON-0849 Archana Sen via SMS in relation to CASE-0282.
GT-0074,PERSON-0713,PERSON-0329,CONTACTED,1,CASE-1137,Synthetic telecommunication record: PERSON-0713 Pawan Hussain contacted PERSON-0329 Manish Dutta via SMS in relation to CASE-1137.
GT-0075,PERSON-0104,PERSON-0696,CONTACTED,1,CASE-0310,Synthetic telecommunication record: PERSON-0104 Reena Mishra contacted PERSON-0696 Kunal Sharma via PHONE_CALL in relation to CASE-0310.
GT-0076,PERSON-0753,PERSON-0505,CONTACTED,1,CASE-1094,Synthetic telecommunication record: PERSON-0753 Sachin Agarwal contacted PERSON-0505 Amit Kaur via PHONE_CALL in relation to CASE-1094.
GT-0077,PERSON-0152,PERSON-0655,CONTACTED,1,CASE-0835,Synthetic telecommunication record: PERSON-0152 Suresh Das contacted PERSON-0655 Usha Qureshi via WHATSAPP in relation to CASE-0835.
GT-0078,PERSON-0930,PERSON-0841,CONTACTED,1,CASE-0638,Synthetic telecommunication record: PERSON-0930 Rakesh Pandey contacted PERSON-0841 Manish Bhattacharya via PHONE_CALL in relation to CASE-0638.
GT-0079,PERSON-0585,PERSON-0700,CONTACTED,1,CASE-1231,Synthetic telecommunication record: PERSON-0585 Pankaj Khan contacted PERSON-0700 Alok Qureshi via ENCRYPTED_CALL in relation to CASE-1231.
GT-0080,PERSON-0226,PERSON-0206,CONTACTED,1,CASE-0540,Synthetic telecommunication record: PERSON-0226 Sarita Pandey contacted PERSON-0206 Satish Bansal via SMS in relation to CASE-0540.
GT-0081,PERSON-0909,PERSON-0138,CONTACTED,1,CASE-0491,Synthetic telecommunication record: PERSON-0909 Naveen Singh contacted PERSON-0138 Vandana Goyal via SMS in relation to CASE-0491.
GT-0082,PERSON-0998,PERSON-0981,CONTACTED,1,CASE-0944,Synthetic telecommunication record: PERSON-0998 Pankaj Yadav contacted PERSON-0981 Naveen Mukherjee via WHATSAPP in relation to CASE-0944.
GT-0083,PERSON-0683,PERSON-0059,CONTACTED,1,CASE-0749,Synthetic telecommunication record: PERSON-0683 Vandana Das contacted PERSON-0059 Jitendra Sharma via SMS in relation to CASE-0749.
GT-0084,PERSON-0242,PERSON-0231,CONTACTED,1,CASE-1089,Synthetic telecommunication record: PERSON-0242 Hemant Mishra contacted PERSON-0231 Rahul Bose via WHATSAPP in relation to CASE-1089.
GT-0085,PERSON-0973,PERSON-0208,CONTACTED,1,CASE-0534,Synthetic telecommunication record: PERSON-0973 Manish Pandey contacted PERSON-0208 Subhash Bose via PHONE_CALL in relation to CASE-0534.
GT-0086,PERSON-0080,PERSON-0081,CONTACTED,1,CASE-0494,Synthetic telecommunication record: PERSON-0080 Hemant Joshi contacted PERSON-0081 Radha Verma via SMS in relation to CASE-0494.
GT-0087,PERSON-0512,PERSON-0416,CONTACTED,1,CASE-1084,Synthetic telecommunication record: PERSON-0512 Arjun Kaur contacted PERSON-0416 Mukesh Qureshi via PHONE_CALL in relation to CASE-1084.
GT-0088,PERSON-0737,PERSON-0274,CONTACTED,1,CASE-0766,Synthetic telecommunication record: PERSON-0737 Manish Mehta contacted PERSON-0274 Ajay Bhattacharya via SMS in relation to CASE-0766.
GT-0089,PERSON-0798,PERSON-0746,CONTACTED,1,CASE-0957,Synthetic telecommunication record: PERSON-0798 Devendra Mittal contacted PERSON-0746 Rohit Shukla via ENCRYPTED_CALL in relation to CASE-0957.
GT-0090,PERSON-0692,PERSON-0276,CONTACTED,1,CASE-1155,Synthetic telecommunication record: PERSON-0692 Seema Singhal contacted PERSON-0276 Poonam Qureshi via ENCRYPTED_CALL in relation to CASE-1155.
GT-0091,PERSON-0816,PERSON-0465,CONTACTED,1,CASE-0678,Synthetic telecommunication record: PERSON-0816 Rajesh Verma contacted PERSON-0465 Devendra Kaur via ENCRYPTED_CALL in relation to CASE-0678.
GT-0092,PERSON-0730,PERSON-0917,CONTACTED,1,CASE-1202,Synthetic telecommunication record: PERSON-0730 Gaurav Chakraborty contacted PERSON-0917 Jyoti Mittal via SMS in relation to CASE-1202.
GT-0093,PERSON-0970,PERSON-0205,CONTACTED,1,CASE-0688,Synthetic telecommunication record: PERSON-0970 Subhash Bose contacted PERSON-0205 Gaurav Shukla via SMS in relation to CASE-0688.
GT-0094,PERSON-0448,PERSON-0380,CONTACTED,1,CASE-0492,Synthetic telecommunication record: PERSON-0448 Anil Ghosh contacted PERSON-0380 Seema Banerjee via ENCRYPTED_CALL in relation to CASE-0492.
GT-0095,PERSON-0403,PERSON-0396,CONTACTED,1,CASE-0555,Synthetic telecommunication record: PERSON-0403 Sushma Joshi contacted PERSON-0396 Shashi Pandey via ENCRYPTED_CALL in relation to CASE-0555.
GT-0096,PERSON-0442,PERSON-0214,CONTACTED,1,CASE-0131,Synthetic telecommunication record: PERSON-0442 Mamta Shukla contacted PERSON-0214 Sumit Ansari via SMS in relation to CASE-0131.
GT-0097,PERSON-0081,PERSON-0182,CONTACTED,1,CASE-0260,Synthetic telecommunication record: PERSON-0081 Radha Verma contacted PERSON-0182 Dinesh Kumar via SMS in relation to CASE-0260.
GT-0098,PERSON-0379,PERSON-0023,CONTACTED,1,CASE-0585,Synthetic telecommunication record: PERSON-0379 Deepak Dutta contacted PERSON-0023 Manish Kaur via PHONE_CALL in relation to CASE-0585.
GT-0099,PERSON-0341,PERSON-0948,CONTACTED,1,CASE-1173,Synthetic telecommunication record: PERSON-0341 Usha Sharma contacted PERSON-0948 Rakesh Goyal via SMS in relation to CASE-1173.
GT-0100,PERSON-0090,PERSON-0835,CONTACTED,1,CASE-1041,Synthetic telecommunication record: PERSON-0090 Kunal Joshi contacted PERSON-0835 Sachin Jain via SMS in relation to CASE-1041.
GT-0101,PERSON-0779,PERSON-0409,CONTACTED,1,CASE-0380,Synthetic telecommunication record: PERSON-0779 Deepak Ghosh contacted PERSON-0409 Kavita Ali via WHATSAPP in relation to CASE-0380.
GT-0102,PERSON-0806,PERSON-0963,CONTACTED,1,CASE-0662,Synthetic telecommunication record: PERSON-0806 Kunal Bose contacted PERSON-0963 Vijay Mishra via SMS in relation to CASE-0662.
GT-0103,PERSON-0391,PERSON-0407,CONTACTED,1,CASE-1180,Synthetic telecommunication record: PERSON-0391 Manish Mukherjee contacted PERSON-0407 Abhishek Roy via SMS in relation to CASE-1180.
GT-0104,PERSON-0187,PERSON-0116,CONTACTED,1,CASE-0915,Synthetic telecommunication record: PERSON-0187 Naveen Ansari contacted PERSON-0116 Vivek Tiwari via WHATSAPP in relation to CASE-0915.
GT-0105,PERSON-0465,PERSON-0891,CONTACTED,1,CASE-0028,Synthetic telecommunication record: PERSON-0465 Devendra Kaur contacted PERSON-0891 Dinesh Garg via SMS in relation to CASE-0028.
GT-0106,PERSON-0246,PERSON-0377,CONTACTED,1,CASE-0280,Synthetic telecommunication record: PERSON-0246 Jitendra Ghosh contacted PERSON-0377 Ajay Shukla via PHONE_CALL in relation to CASE-0280.
GT-0107,PERSON-0186,PERSON-0395,CONTACTED,1,CASE-0545,Synthetic telecommunication record: PERSON-0186 Vandana Verma contacted PERSON-0395 Sanjay Singh via PHONE_CALL in relation to CASE-0545.
GT-0108,PERSON-0054,PERSON-0684,CONTACTED,1,CASE-0586,Synthetic telecommunication record: PERSON-0054 Nitin Mishra contacted PERSON-0684 Mukesh Sen via SMS in relation to CASE-0586.
GT-0109,PERSON-0598,PERSON-0201,CONTACTED,1,CASE-1116,Synthetic telecommunication record: PERSON-0598 Anil Yadav contacted PERSON-0201 Amit Shukla via WHATSAPP in relation to CASE-1116.
GT-0110,PERSON-0964,PERSON-0426,CONTACTED,1,CASE-0323,Synthetic telecommunication record: PERSON-0964 Deepak Jain contacted PERSON-0426 Suresh Siddiqui via PHONE_CALL in relation to CASE-0323.
GT-0111,PERSON-0796,PERSON-0325,CONTACTED,1,CASE-0617,Synthetic telecommunication record: PERSON-0796 Seema Mehta contacted PERSON-0325 Kamla Shukla via SMS in relation to CASE-0617.
GT-0112,PERSON-0736,PERSON-0830,CONTACTED,1,CASE-0438,Synthetic telecommunication record: PERSON-0736 Ramesh Pandey contacted PERSON-0830 Manju Agarwal via PHONE_CALL in relation to CASE-0438.
GT-0113,PERSON-0581,PERSON-0423,CONTACTED,1,CASE-0928,Synthetic telecommunication record: PERSON-0581 Alok Ansari contacted PERSON-0423 Pushpa Bhattacharya via WHATSAPP in relation to CASE-0928.
GT-0114,PERSON-0232,PERSON-0107,CONTACTED,1,CASE-0938,Synthetic telecommunication record: PERSON-0232 Lata Das contacted PERSON-0107 Naveen Mehta via PHONE_CALL in relation to CASE-0938.
GT-0115,PERSON-0547,PERSON-0662,CONTACTED,1,CASE-0062,Synthetic telecommunication record: PERSON-0547 Pooja Khan contacted PERSON-0662 Sushma Bose via PHONE_CALL in relation to CASE-0062.
GT-0116,PERSON-0963,PERSON-0544,CONTACTED,1,CASE-1016,Synthetic telecommunication record: PERSON-0963 Vijay Mishra contacted PERSON-0544 Manju Mittal via SMS in relation to CASE-1016.
GT-0117,PERSON-0146,PERSON-0955,CONTACTED,1,CASE-0343,Synthetic telecommunication record: PERSON-0146 Kunal Bhattacharya contacted PERSON-0955 Sunil Kaur via PHONE_CALL in relation to CASE-0343.
GT-0118,PERSON-0378,PERSON-0748,CONTACTED,1,CASE-0163,Synthetic telecommunication record: PERSON-0378 Amit Mukherjee contacted PERSON-0748 Jitendra Sen via ENCRYPTED_CALL in relation to CASE-0163.
GT-0119,PERSON-0939,PERSON-0955,CONTACTED,1,CASE-0190,Synthetic telecommunication record: PERSON-0939 Harish Shukla contacted PERSON-0955 Sunil Kaur via SMS in relation to CASE-0190.
GT-0120,PERSON-0161,PERSON-0215,CONTACTED,1,CASE-0652,Synthetic telecommunication record: PERSON-0161 Vikram Verma contacted PERSON-0215 Pushpa Kaur via SMS in relation to CASE-0652.
GT-0121,PERSON-0757,PERSON-0918,CONTACTED,1,CASE-0573,Synthetic telecommunication record: PERSON-0757 Kusum Ahmed contacted PERSON-0918 Ritu Bose via WHATSAPP in relation to CASE-0573.
GT-0122,PERSON-0911,PERSON-0928,CONTACTED,1,CASE-0887,Synthetic telecommunication record: PERSON-0911 Babita Ali contacted PERSON-0928 Pushpa Ansari via ENCRYPTED_CALL in relation to CASE-0887.
GT-0123,PERSON-0274,PERSON-0865,CONTACTED,1,CASE-0532,Synthetic telecommunication record: PERSON-0274 Ajay Bhattacharya contacted PERSON-0865 Sunil Khan via ENCRYPTED_CALL in relation to CASE-0532.
GT-0124,PERSON-0116,PERSON-0510,CONTACTED,1,CASE-0100,Synthetic telecommunication record: PERSON-0116 Vivek Tiwari contacted PERSON-0510 Pankaj Pandey via WHATSAPP in relation to CASE-0100.
GT-0125,PERSON-0891,PERSON-0664,CONTACTED,1,CASE-0336,Synthetic telecommunication record: PERSON-0891 Dinesh Garg contacted PERSON-0664 Suresh Qureshi via PHONE_CALL in relation to CASE-0336.
GT-0126,PERSON-0421,PERSON-0816,CONTACTED,1,CASE-1084,Synthetic telecommunication record: PERSON-0421 Manju Roy contacted PERSON-0816 Rajesh Verma via SMS in relation to CASE-1084.
GT-0127,PERSON-0228,PERSON-0927,CONTACTED,1,CASE-0303,Synthetic telecommunication record: PERSON-0228 Rohit Bansal contacted PERSON-0927 Rakesh Mehta via ENCRYPTED_CALL in relation to CASE-0303.
GT-0128,PERSON-0464,PERSON-0136,CONTACTED,1,CASE-0948,Synthetic telecommunication record: PERSON-0464 Ramesh Ansari contacted PERSON-0136 Shashi Ahmed via ENCRYPTED_CALL in relation to CASE-0948.
GT-0129,PERSON-0699,PERSON-0332,CONTACTED,1,CASE-0820,Synthetic telecommunication record: PERSON-0699 Vijay Mishra contacted PERSON-0332 Jyoti Mukherjee via ENCRYPTED_CALL in relation to CASE-0820.
GT-0130,PERSON-0200,PERSON-0480,CONTACTED,1,CASE-0386,Synthetic telecommunication record: PERSON-0200 Sarita Ahmed contacted PERSON-0480 Sangeeta Pandey via PHONE_CALL in relation to CASE-0386.
GT-0131,PERSON-0286,PERSON-0933,CONTACTED,1,CASE-0229,Synthetic telecommunication record: PERSON-0286 Ajay Chatterjee contacted PERSON-0933 Ramesh Ahmed via PHONE_CALL in relation to CASE-0229.
GT-0132,PERSON-0948,PERSON-0782,CONTACTED,1,CASE-0096,Synthetic telecommunication record: PERSON-0948 Rakesh Goyal contacted PERSON-0782 Dharmendra Banerjee via SMS in relation to CASE-0096.
GT-0133,PERSON-0834,PERSON-0450,CONTACTED,1,CASE-0313,Synthetic telecommunication record: PERSON-0834 Kusum Banerjee contacted PERSON-0450 Anil Gupta via PHONE_CALL in relation to CASE-0313.
GT-0134,PERSON-0950,PERSON-0959,CONTACTED,1,CASE-0051,Synthetic telecommunication record: PERSON-0950 Pawan Roy contacted PERSON-0959 Manoj Yadav via SMS in relation to CASE-0051.
GT-0135,PERSON-0665,PERSON-0532,CONTACTED,1,CASE-0667,Synthetic telecommunication record: PERSON-0665 Meena Mishra contacted PERSON-0532 Dinesh Shukla via PHONE_CALL in relation to CASE-0667.
GT-0136,PERSON-0026,PERSON-0943,CONTACTED,1,CASE-0075,Synthetic telecommunication record: PERSON-0026 Seema Qureshi contacted PERSON-0943 Dharmendra Patel via WHATSAPP in relation to CASE-0075.
GT-0137,PERSON-0877,PERSON-0699,CONTACTED,1,CASE-0991,Synthetic telecommunication record: PERSON-0877 Meena Kaur contacted PERSON-0699 Vijay Mishra via WHATSAPP in relation to CASE-0991.
GT-0138,PERSON-0068,PERSON-0317,CONTACTED,1,CASE-0263,Synthetic telecommunication record: PERSON-0068 Pushpa Sarkar contacted PERSON-0317 Harish Tiwari via WHATSAPP in relation to CASE-0263.
GT-0139,PERSON-0475,PERSON-0679,CONTACTED,1,CASE-0655,Synthetic telecommunication record: PERSON-0475 Manoj Kumar contacted PERSON-0679 Santosh Kumar via WHATSAPP in relation to CASE-0655.
GT-0140,PERSON-0436,PERSON-0028,CONTACTED,1,CASE-0246,Synthetic telecommunication record: PERSON-0436 Ashok Goyal contacted PERSON-0028 Santosh Singh via SMS in relation to CASE-0246.
GT-0141,PERSON-0991,PERSON-0588,CONTACTED,1,CASE-0465,Synthetic telecommunication record: PERSON-0991 Dinesh Bansal contacted PERSON-0588 Arjun Pandey via PHONE_CALL in relation to CASE-0465.
GT-0142,PERSON-0782,PERSON-0408,CONTACTED,1,CASE-0446,Synthetic telecommunication record: PERSON-0782 Dharmendra Banerjee contacted PERSON-0408 Vivek Kumar via PHONE_CALL in relation to CASE-0446.
GT-0143,PERSON-0169,PERSON-0931,CONTACTED,1,CASE-1013,Synthetic telecommunication record: PERSON-0169 Amit Yadav contacted PERSON-0931 Suresh Dutta via PHONE_CALL in relation to CASE-1013.
GT-0144,PERSON-0125,PERSON-0203,CONTACTED,1,CASE-0407,Synthetic telecommunication record: PERSON-0125 Meena Chatterjee contacted PERSON-0203 Subhash Chatterjee via ENCRYPTED_CALL in relation to CASE-0407.
GT-0145,PERSON-0360,PERSON-0727,CONTACTED,1,CASE-0709,Synthetic telecommunication record: PERSON-0360 Sarita Garg contacted PERSON-0727 Manju Joshi via WHATSAPP in relation to CASE-0709.
GT-0146,PERSON-0795,PERSON-0401,CONTACTED,1,CASE-1062,Synthetic telecommunication record: PERSON-0795 Ajay Chatterjee contacted PERSON-0401 Seema Gupta via WHATSAPP in relation to CASE-1062.
GT-0147,PERSON-0616,PERSON-0661,CONTACTED,1,CASE-0055,Synthetic telecommunication record: PERSON-0616 Rohit Ansari contacted PERSON-0661 Naveen Patel via WHATSAPP in relation to CASE-0055.
GT-0148,PERSON-0744,PERSON-0647,CONTACTED,1,CASE-1179,Synthetic telecommunication record: PERSON-0744 Pushpa Chakraborty contacted PERSON-0647 Reena Khan via ENCRYPTED_CALL in relation to CASE-1179.
GT-0149,PERSON-0353,PERSON-0131,CONTACTED,1,CASE-0505,Synthetic telecommunication record: PERSON-0353 Asha Gupta contacted PERSON-0131 Mukesh Garg via SMS in relation to CASE-0505.
GT-0150,PERSON-0848,PERSON-0915,CONTACTED,1,CASE-0722,Synthetic telecommunication record: PERSON-0848 Seema Siddiqui contacted PERSON-0915 Rahul Khan via WHATSAPP in relation to CASE-0722.
GT-0151,PERSON-0152,PERSON-0174,CONTACTED,1,CASE-0481,Synthetic telecommunication record: PERSON-0152 Suresh Das contacted PERSON-0174 Manju Yadav via WHATSAPP in relation to CASE-0481.
GT-0152,PERSON-0233,PERSON-0717,CONTACTED,1,CASE-0907,Synthetic telecommunication record: PERSON-0233 Pushpa Qureshi contacted PERSON-0717 Abhishek Singh via WHATSAPP in relation to CASE-0907.
GT-0153,PERSON-0618,PERSON-0623,CONTACTED,1,CASE-1070,Synthetic telecommunication record: PERSON-0618 Devendra Ali contacted PERSON-0623 Ashok Pandey via WHATSAPP in relation to CASE-1070.
GT-0154,PERSON-0295,PERSON-0373,CONTACTED,1,CASE-0003,Synthetic telecommunication record: PERSON-0295 Archana Patel contacted PERSON-0373 Rakesh Goyal via ENCRYPTED_CALL in relation to CASE-0003.
GT-0155,PERSON-0801,PERSON-0363,CONTACTED,1,CASE-0455,Synthetic telecommunication record: PERSON-0801 Geeta Sarkar contacted PERSON-0363 Satish Mukherjee via WHATSAPP in relation to CASE-0455.
GT-0156,PERSON-0233,PERSON-0434,CONTACTED,1,CASE-0265,Synthetic telecommunication record: PERSON-0233 Pushpa Qureshi contacted PERSON-0434 Radha Siddiqui via ENCRYPTED_CALL in relation to CASE-0265.
GT-0157,PERSON-0520,PERSON-0359,CONTACTED,1,CASE-0179,Synthetic telecommunication record: PERSON-0520 Rahul Sharma contacted PERSON-0359 Subhash Bose via PHONE_CALL in relation to CASE-0179.
GT-0158,PERSON-0407,PERSON-0094,CONTACTED,1,CASE-0962,Synthetic telecommunication record: PERSON-0407 Abhishek Roy contacted PERSON-0094 Subhash Joshi via PHONE_CALL in relation to CASE-0962.
GT-0159,PERSON-1000,PERSON-0471,CONTACTED,1,CASE-1129,Synthetic telecommunication record: PERSON-1000 Rohit Khan contacted PERSON-0471 Kiran Ahmed via PHONE_CALL in relation to CASE-1129.
GT-0160,PERSON-0192,PERSON-0399,CONTACTED,1,CASE-1048,Synthetic telecommunication record: PERSON-0192 Kavita Qureshi contacted PERSON-0399 Naveen Tiwari via ENCRYPTED_CALL in relation to CASE-1048.
GT-0161,PERSON-0783,PERSON-0518,CONTACTED,1,CASE-0248,Synthetic telecommunication record: PERSON-0783 Abhishek Goyal contacted PERSON-0518 Jyoti Singh via WHATSAPP in relation to CASE-0248.
GT-0162,PERSON-0391,PERSON-0040,CONTACTED,1,CASE-0410,Synthetic telecommunication record: PERSON-0391 Manish Mukherjee contacted PERSON-0040 Sunita Dutta via PHONE_CALL in relation to CASE-0410.
GT-0163,PERSON-0504,PERSON-0128,CONTACTED,1,CASE-0029,Synthetic telecommunication record: PERSON-0504 Pankaj Ahmed contacted PERSON-0128 Jitendra Mittal via WHATSAPP in relation to CASE-0029.
GT-0164,PERSON-0103,PERSON-0363,CONTACTED,1,CASE-0812,Synthetic telecommunication record: PERSON-0103 Rahul Goyal contacted PERSON-0363 Satish Mukherjee via WHATSAPP in relation to CASE-0812.
GT-0165,PERSON-0695,PERSON-0574,CONTACTED,1,CASE-1144,Synthetic telecommunication record: PERSON-0695 Suresh Hussain contacted PERSON-0574 Radha Roy via WHATSAPP in relation to CASE-1144.
GT-0166,PERSON-0987,PERSON-0880,CONTACTED,1,CASE-0184,Synthetic telecommunication record: PERSON-0987 Rohit Mehta contacted PERSON-0880 Ramesh Mishra via ENCRYPTED_CALL in relation to CASE-0184.
GT-0167,PERSON-0946,PERSON-0725,CONTACTED,1,CASE-0891,Synthetic telecommunication record: PERSON-0946 Manju Singh contacted PERSON-0725 Ajay Singhal via SMS in relation to CASE-0891.
GT-0168,PERSON-0881,PERSON-0265,CONTACTED,1,CASE-1094,Synthetic telecommunication record: PERSON-0881 Pushpa Goyal contacted PERSON-0265 Kamla Bose via ENCRYPTED_CALL in relation to CASE-1094.
GT-0169,PERSON-0206,PERSON-0333,CONTACTED,1,CASE-0980,Synthetic telecommunication record: PERSON-0206 Satish Bansal contacted PERSON-0333 Vijay Siddiqui via ENCRYPTED_CALL in relation to CASE-0980.
GT-0170,PERSON-0135,PERSON-0149,CONTACTED,1,CASE-0538,Synthetic telecommunication record: PERSON-0135 Devendra Mehta contacted PERSON-0149 Rakesh Sen via WHATSAPP in relation to CASE-0538.
GT-0171,PERSON-0708,PERSON-0157,CONTACTED,1,CASE-0444,Synthetic telecommunication record: PERSON-0708 Nitin Bose contacted PERSON-0157 Kunal Ahmed via WHATSAPP in relation to CASE-0444.
GT-0172,PERSON-0942,PERSON-0730,CONTACTED,1,CASE-0331,Synthetic telecommunication record: PERSON-0942 Devendra Roy contacted PERSON-0730 Gaurav Chakraborty via PHONE_CALL in relation to CASE-0331.
GT-0173,PERSON-0773,PERSON-0623,CONTACTED,1,CASE-0218,Synthetic telecommunication record: PERSON-0773 Sunita Sen contacted PERSON-0623 Ashok Pandey via SMS in relation to CASE-0218.
GT-0174,PERSON-0158,PERSON-0355,CONTACTED,1,CASE-0520,Synthetic telecommunication record: PERSON-0158 Rohit Singh contacted PERSON-0355 Kamla Yadav via WHATSAPP in relation to CASE-0520.
GT-0175,PERSON-0183,PERSON-0752,CONTACTED,1,CASE-0378,Synthetic telecommunication record: PERSON-0183 Jyoti Sarkar contacted PERSON-0752 Neetu Chakraborty via SMS in relation to CASE-0378.
GT-0176,PERSON-0059,PERSON-0387,CONTACTED,1,CASE-0830,Synthetic telecommunication record: PERSON-0059 Jitendra Sharma contacted PERSON-0387 Rohit Mishra via WHATSAPP in relation to CASE-0830.
GT-0177,PERSON-0217,PERSON-0381,CONTACTED,1,CASE-0692,Synthetic telecommunication record: PERSON-0217 Rakesh Sarkar contacted PERSON-0381 Sanjay Singh via PHONE_CALL in relation to CASE-0692.
GT-0178,PERSON-0249,PERSON-0854,CONTACTED,1,CASE-0798,Synthetic telecommunication record: PERSON-0249 Pooja Jain contacted PERSON-0854 Sushma Kaur via ENCRYPTED_CALL in relation to CASE-0798.
GT-0179,PERSON-0069,PERSON-0876,CONTACTED,1,CASE-0502,Synthetic telecommunication record: PERSON-0069 Satish Yadav contacted PERSON-0876 Seema Ansari via PHONE_CALL in relation to CASE-0502.
GT-0180,PERSON-0057,PERSON-0279,CONTACTED,1,CASE-1089,Synthetic telecommunication record: PERSON-0057 Manish Chatterjee contacted PERSON-0279 Sushma Chakraborty via ENCRYPTED_CALL in relation to CASE-1089.
GT-0181,PERSON-0283,PERSON-0108,CONTACTED,1,CASE-1008,Synthetic telecommunication record: PERSON-0283 Pradeep Sen contacted PERSON-0108 Pawan Shukla via WHATSAPP in relation to CASE-1008.
GT-0182,PERSON-0498,PERSON-0686,CONTACTED,1,CASE-0013,Synthetic telecommunication record: PERSON-0498 Ritu Agarwal contacted PERSON-0686 Reena Roy via SMS in relation to CASE-0013.
GT-0183,PERSON-0878,PERSON-0573,CONTACTED,1,CASE-0470,Synthetic telecommunication record: PERSON-0878 Sachin Shukla contacted PERSON-0573 Pushpa Pandey via SMS in relation to CASE-0470.
GT-0184,PERSON-0669,PERSON-0576,CONTACTED,1,CASE-0250,Synthetic telecommunication record: PERSON-0669 Kamla Sarkar contacted PERSON-0576 Alok Singh via SMS in relation to CASE-0250.
GT-0185,PERSON-0014,PERSON-0910,CONTACTED,1,CASE-0305,Synthetic telecommunication record: PERSON-0014 Santosh Mittal contacted PERSON-0910 Dinesh Garg via PHONE_CALL in relation to CASE-0305.
GT-0186,PERSON-0794,PERSON-0395,CONTACTED,1,CASE-0451,Synthetic telecommunication record: PERSON-0794 Vikram Ghosh contacted PERSON-0395 Sanjay Singh via WHATSAPP in relation to CASE-0451.
GT-0187,PERSON-0677,PERSON-0059,CONTACTED,1,CASE-0822,Synthetic telecommunication record: PERSON-0677 Sarita Shukla contacted PERSON-0059 Jitendra Sharma via SMS in relation to CASE-0822.
GT-0188,PERSON-0235,PERSON-0585,CONTACTED,1,CASE-0818,Synthetic telecommunication record: PERSON-0235 Dinesh Chatterjee contacted PERSON-0585 Pankaj Khan via ENCRYPTED_CALL in relation to CASE-0818.
GT-0189,PERSON-0396,PERSON-0065,CONTACTED,1,CASE-0749,Synthetic telecommunication record: PERSON-0396 Shashi Pandey contacted PERSON-0065 Ajay Agarwal via SMS in relation to CASE-0749.
GT-0190,PERSON-0810,PERSON-0488,CONTACTED,1,CASE-0567,Synthetic telecommunication record: PERSON-0810 Rahul Yadav contacted PERSON-0488 Deepak Garg via PHONE_CALL in relation to CASE-0567.
GT-0191,PERSON-0327,PERSON-0258,CONTACTED,1,CASE-0741,Synthetic telecommunication record: PERSON-0327 Amit Bansal contacted PERSON-0258 Santosh Garg via PHONE_CALL in relation to CASE-0741.
GT-0192,PERSON-0960,PERSON-0642,CONTACTED,1,CASE-0357,Synthetic telecommunication record: PERSON-0960 Vikram Ali contacted PERSON-0642 Rahul Dutta via PHONE_CALL in relation to CASE-0357.
GT-0193,PERSON-0089,PERSON-0439,CONTACTED,1,CASE-0755,Synthetic telecommunication record: PERSON-0089 Suresh Verma contacted PERSON-0439 Asha Sarkar via SMS in relation to CASE-0755.
GT-0194,PERSON-0080,PERSON-0580,CONTACTED,1,CASE-0148,Synthetic telecommunication record: PERSON-0080 Hemant Joshi contacted PERSON-0580 Sanjay Ahmed via SMS in relation to CASE-0148.
GT-0195,PERSON-0439,PERSON-0279,CONTACTED,1,CASE-0676,Synthetic telecommunication record: PERSON-0439 Asha Sarkar contacted PERSON-0279 Sushma Chakraborty via PHONE_CALL in relation to CASE-0676.
GT-0196,PERSON-0956,PERSON-0687,CONTACTED,1,CASE-1167,Synthetic telecommunication record: PERSON-0956 Vivek Bhattacharya contacted PERSON-0687 Anil Sarkar via PHONE_CALL in relation to CASE-1167.
GT-0197,PERSON-0739,PERSON-0385,CONTACTED,1,CASE-1181,Synthetic telecommunication record: PERSON-0739 Jitendra Khan contacted PERSON-0385 Ramesh Sarkar via WHATSAPP in relation to CASE-1181.
GT-0198,PERSON-0329,PERSON-0462,CONTACTED,1,CASE-1211,Synthetic telecommunication record: PERSON-0329 Manish Dutta contacted PERSON-0462 Abhishek Mittal via ENCRYPTED_CALL in relation to CASE-1211.
GT-0199,PERSON-0825,PERSON-0190,CONTACTED,1,CASE-0733,Synthetic telecommunication record: PERSON-0825 Rahul Chakraborty contacted PERSON-0190 Rohit Banerjee via PHONE_CALL in relation to CASE-0733.
GT-0200,PERSON-0823,PERSON-0001,CONTACTED,1,CASE-0978,Synthetic telecommunication record: PERSON-0823 Neetu Chatterjee contacted PERSON-0001 Santosh Chatterjee via WHATSAPP in relation to CASE-0978.
GT-0201,PERSON-0260,PERSON-0173,CONTACTED,1,CASE-0038,Synthetic telecommunication record: PERSON-0260 Sunil Siddiqui contacted PERSON-0173 Pawan Khan via ENCRYPTED_CALL in relation to CASE-0038.
GT-0202,PERSON-0683,PERSON-0016,CONTACTED,1,CASE-0325,Synthetic telecommunication record: PERSON-0683 Vandana Das contacted PERSON-0016 Abhishek Yadav via PHONE_CALL in relation to CASE-0325.
GT-0203,PERSON-0099,PERSON-0140,CONTACTED,1,CASE-1017,Synthetic telecommunication record: PERSON-0099 Sumit Bose contacted PERSON-0140 Alok Shukla via PHONE_CALL in relation to CASE-1017.
GT-0204,PERSON-0315,PERSON-0076,CONTACTED,1,CASE-0307,Synthetic telecommunication record: PERSON-0315 Pradeep Ansari contacted PERSON-0076 Suresh Singhal via WHATSAPP in relation to CASE-0307.
GT-0205,PERSON-0250,PERSON-0770,CONTACTED,1,CASE-1171,Synthetic telecommunication record: PERSON-0250 Pankaj Banerjee contacted PERSON-0770 Geeta Mittal via ENCRYPTED_CALL in relation to CASE-1171.
GT-0206,PERSON-0474,PERSON-0545,CONTACTED,1,CASE-0827,Synthetic telecommunication record: PERSON-0474 Arjun Gupta contacted PERSON-0545 Vijay Singhal via ENCRYPTED_CALL in relation to CASE-0827.
GT-0207,PERSON-0038,PERSON-0580,CONTACTED,1,CASE-0832,Synthetic telecommunication record: PERSON-0038 Sachin Chakraborty contacted PERSON-0580 Sanjay Ahmed via ENCRYPTED_CALL in relation to CASE-0832.
GT-0208,PERSON-0076,PERSON-0169,CONTACTED,1,CASE-0442,Synthetic telecommunication record: PERSON-0076 Suresh Singhal contacted PERSON-0169 Amit Yadav via ENCRYPTED_CALL in relation to CASE-0442.
GT-0209,PERSON-0915,PERSON-0496,CONTACTED,1,CASE-1005,Synthetic telecommunication record: PERSON-0915 Rahul Khan contacted PERSON-0496 Lata Ahmed via WHATSAPP in relation to CASE-1005.
GT-0210,PERSON-0818,PERSON-0617,CONTACTED,1,CASE-0164,Synthetic telecommunication record: PERSON-0818 Kunal Roy contacted PERSON-0617 Rohit Singhal via WHATSAPP in relation to CASE-0164.
GT-0211,PERSON-0449,PERSON-0668,CONTACTED,1,CASE-0271,Synthetic telecommunication record: PERSON-0449 Harish Chakraborty contacted PERSON-0668 Suresh Patel via ENCRYPTED_CALL in relation to CASE-0271.
GT-0212,PERSON-0472,PERSON-0983,CONTACTED,1,CASE-0058,Synthetic telecommunication record: PERSON-0472 Abhishek Bansal contacted PERSON-0983 Neetu Dutta via SMS in relation to CASE-0058.
GT-0213,PERSON-0987,PERSON-0544,CONTACTED,1,CASE-1182,Synthetic telecommunication record: PERSON-0987 Rohit Mehta contacted PERSON-0544 Manju Mittal via ENCRYPTED_CALL in relation to CASE-1182.
GT-0214,PERSON-0431,PERSON-0361,CONTACTED,1,CASE-1116,Synthetic telecommunication record: PERSON-0431 Vijay Mehta contacted PERSON-0361 Ajay Banerjee via WHATSAPP in relation to CASE-1116.
GT-0215,PERSON-0964,PERSON-0647,CONTACTED,1,CASE-0426,Synthetic telecommunication record: PERSON-0964 Deepak Jain contacted PERSON-0647 Reena Khan via SMS in relation to CASE-0426.
GT-0216,PERSON-0119,PERSON-0618,CONTACTED,1,CASE-0416,Synthetic telecommunication record: PERSON-0119 Pooja Joshi contacted PERSON-0618 Devendra Ali via PHONE_CALL in relation to CASE-0416.
GT-0217,PERSON-0337,PERSON-0317,CONTACTED,1,CASE-0783,Synthetic telecommunication record: PERSON-0337 Rajesh Singhal contacted PERSON-0317 Harish Tiwari via WHATSAPP in relation to CASE-0783.
GT-0218,PERSON-0977,PERSON-0525,CONTACTED,1,CASE-0064,Synthetic telecommunication record: PERSON-0977 Alok Singhal contacted PERSON-0525 Vijay Sharma via SMS in relation to CASE-0064.
GT-0219,PERSON-0239,PERSON-0128,CONTACTED,1,CASE-0373,Synthetic telecommunication record: PERSON-0239 Satish Banerjee contacted PERSON-0128 Jitendra Mittal via WHATSAPP in relation to CASE-0373.
GT-0220,PERSON-0163,PERSON-0124,CONTACTED,1,CASE-0094,Synthetic telecommunication record: PERSON-0163 Ramesh Agarwal contacted PERSON-0124 Shashi Bhattacharya via PHONE_CALL in relation to CASE-0094.
GT-0221,PERSON-0863,PERSON-0025,CONTACTED,1,CASE-0721,Synthetic telecommunication record: PERSON-0863 Dinesh Agarwal contacted PERSON-0025 Sangeeta Hussain via SMS in relation to CASE-0721.
GT-0222,PERSON-0827,PERSON-0388,CONTACTED,1,CASE-0996,Synthetic telecommunication record: PERSON-0827 Gaurav Tiwari contacted PERSON-0388 Dinesh Jain via SMS in relation to CASE-0996.
GT-0223,PERSON-0577,PERSON-0656,CONTACTED,1,CASE-0580,Synthetic telecommunication record: PERSON-0577 Amit Garg contacted PERSON-0656 Satish Kaur via ENCRYPTED_CALL in relation to CASE-0580.
GT-0224,PERSON-0492,PERSON-0008,CONTACTED,1,CASE-0582,Synthetic telecommunication record: PERSON-0492 Nitin Chakraborty contacted PERSON-0008 Sanjay Jain via PHONE_CALL in relation to CASE-0582.
GT-0225,PERSON-0144,PERSON-0431,CONTACTED,1,CASE-0003,Synthetic telecommunication record: PERSON-0144 Poonam Roy contacted PERSON-0431 Vijay Mehta via ENCRYPTED_CALL in relation to CASE-0003.
GT-0226,PERSON-0314,PERSON-0317,CONTACTED,1,CASE-0811,Synthetic telecommunication record: PERSON-0314 Hemant Pandey contacted PERSON-0317 Harish Tiwari via ENCRYPTED_CALL in relation to CASE-0811.
GT-0227,PERSON-0411,PERSON-0305,CONTACTED,1,CASE-1017,Synthetic telecommunication record: PERSON-0411 Manju Patel contacted PERSON-0305 Manish Patel via ENCRYPTED_CALL in relation to CASE-1017.
GT-0228,PERSON-0461,PERSON-0946,CONTACTED,1,CASE-1215,Synthetic telecommunication record: PERSON-0461 Pawan Kaur contacted PERSON-0946 Manju Singh via SMS in relation to CASE-1215.
GT-0229,PERSON-0430,PERSON-0836,CONTACTED,1,CASE-0183,Synthetic telecommunication record: PERSON-0430 Seema Joshi contacted PERSON-0836 Naveen Agarwal via WHATSAPP in relation to CASE-0183.
GT-0230,PERSON-0912,PERSON-0356,CONTACTED,1,CASE-0790,Synthetic telecommunication record: PERSON-0912 Abhishek Bose contacted PERSON-0356 Ramesh Mishra via ENCRYPTED_CALL in relation to CASE-0790.
GT-0231,PERSON-0264,PERSON-0879,CONTACTED,1,CASE-0070,Synthetic telecommunication record: PERSON-0264 Manoj Bose contacted PERSON-0879 Vikram Mehta via SMS in relation to CASE-0070.
GT-0232,PERSON-0024,PERSON-0417,CONTACTED,1,CASE-0068,Synthetic telecommunication record: PERSON-0024 Pankaj Bhattacharya contacted PERSON-0417 Pawan Hussain via WHATSAPP in relation to CASE-0068.
GT-0233,PERSON-0323,PERSON-0716,CONTACTED,1,CASE-0723,Synthetic telecommunication record: PERSON-0323 Anil Kaur contacted PERSON-0716 Dinesh Ahmed via WHATSAPP in relation to CASE-0723.
GT-0234,PERSON-0204,PERSON-0039,CONTACTED,1,CASE-0964,Synthetic telecommunication record: PERSON-0204 Amit Kaur contacted PERSON-0039 Dinesh Goyal via ENCRYPTED_CALL in relation to CASE-0964.
GT-0235,PERSON-0579,PERSON-0437,CONTACTED,1,CASE-0558,Synthetic telecommunication record: PERSON-0579 Mukesh Sarkar contacted PERSON-0437 Sumit Gupta via WHATSAPP in relation to CASE-0558.
GT-0236,PERSON-0452,PERSON-0081,CONTACTED,1,CASE-0952,Synthetic telecommunication record: PERSON-0452 Sunil Garg contacted PERSON-0081 Radha Verma via PHONE_CALL in relation to CASE-0952.
GT-0237,PERSON-0666,PERSON-0367,CONTACTED,1,CASE-1159,Synthetic telecommunication record: PERSON-0666 Subhash Sarkar contacted PERSON-0367 Neetu Garg via WHATSAPP in relation to CASE-1159.
GT-0238,PERSON-0713,PERSON-0390,CONTACTED,1,CASE-1166,Synthetic telecommunication record: PERSON-0713 Pawan Hussain contacted PERSON-0390 Suresh Kaur via WHATSAPP in relation to CASE-1166.
GT-0239,PERSON-0211,PERSON-0051,CONTACTED,1,CASE-0658,Synthetic telecommunication record: PERSON-0211 Sunil Agarwal contacted PERSON-0051 Sumit Agarwal via SMS in relation to CASE-0658.
GT-0240,PERSON-0478,PERSON-0737,CONTACTED,1,CASE-1216,Synthetic telecommunication record: PERSON-0478 Dinesh Jain contacted PERSON-0737 Manish Mehta via PHONE_CALL in relation to CASE-1216.
GT-0241,PERSON-0377,PERSON-0359,CONTACTED,1,CASE-0368,Synthetic telecommunication record: PERSON-0377 Ajay Shukla contacted PERSON-0359 Subhash Bose via PHONE_CALL in relation to CASE-0368.
GT-0242,PERSON-0542,PERSON-0165,CONTACTED,1,CASE-0331,Synthetic telecommunication record: PERSON-0542 Nitin Verma contacted PERSON-0165 Devendra Shukla via ENCRYPTED_CALL in relation to CASE-0331.
GT-0243,PERSON-0691,PERSON-0212,CONTACTED,1,CASE-0847,Synthetic telecommunication record: PERSON-0691 Suresh Banerjee contacted PERSON-0212 Suresh Chakraborty via ENCRYPTED_CALL in relation to CASE-0847.
GT-0244,PERSON-0241,PERSON-0081,CONTACTED,1,CASE-0614,Synthetic telecommunication record: PERSON-0241 Dharmendra Jain contacted PERSON-0081 Radha Verma via SMS in relation to CASE-0614.
GT-0245,PERSON-0939,PERSON-0538,CONTACTED,1,CASE-0594,Synthetic telecommunication record: PERSON-0939 Harish Shukla contacted PERSON-0538 Pushpa Chatterjee via SMS in relation to CASE-0594.
GT-0246,PERSON-0358,PERSON-0945,CONTACTED,1,CASE-0806,Synthetic telecommunication record: PERSON-0358 Kamla Ahmed contacted PERSON-0945 Geeta Tiwari via SMS in relation to CASE-0806.
GT-0247,PERSON-0674,PERSON-0446,CONTACTED,1,CASE-0848,Synthetic telecommunication record: PERSON-0674 Nitin Patel contacted PERSON-0446 Asha Singh via WHATSAPP in relation to CASE-0848.
GT-0248,PERSON-0996,PERSON-0339,CONTACTED,1,CASE-0612,Synthetic telecommunication record: PERSON-0996 Sanjay Khan contacted PERSON-0339 Sanjay Bansal via SMS in relation to CASE-0612.
GT-0249,PERSON-0764,PERSON-0227,CONTACTED,1,CASE-0599,Synthetic telecommunication record: PERSON-0764 Rajesh Khan contacted PERSON-0227 Pooja Goyal via SMS in relation to CASE-0599.
GT-0250,PERSON-0805,PERSON-0075,CONTACTED,1,CASE-0528,Synthetic telecommunication record: PERSON-0805 Alok Gupta contacted PERSON-0075 Amit Chatterjee via SMS in relation to CASE-0528.
GT-0251,PERSON-0406,PERSON-0584,CONTACTED,1,CASE-0249,Synthetic telecommunication record: PERSON-0406 Amit Shukla contacted PERSON-0584 Champa Gupta via WHATSAPP in relation to CASE-0249.
GT-0252,PERSON-0593,PERSON-0462,CONTACTED,1,CASE-0565,Synthetic telecommunication record: PERSON-0593 Kavita Chakraborty contacted PERSON-0462 Abhishek Mittal via SMS in relation to CASE-0565.
GT-0253,PERSON-0589,PERSON-0903,CONTACTED,1,CASE-0464,Synthetic telecommunication record: PERSON-0589 Pradeep Khan contacted PERSON-0903 Sachin Goyal via SMS in relation to CASE-0464.
GT-0254,PERSON-0271,PERSON-0018,CONTACTED,1,CASE-0840,Synthetic telecommunication record: PERSON-0271 Shobha Chatterjee contacted PERSON-0018 Hemant Ahmed via WHATSAPP in relation to CASE-0840.
GT-0255,PERSON-0230,PERSON-0049,CONTACTED,1,CASE-0300,Synthetic telecommunication record: PERSON-0230 Sunil Mittal contacted PERSON-0049 Suresh Ahmed via SMS in relation to CASE-0300.
GT-0256,PERSON-0431,PERSON-0132,CONTACTED,1,CASE-1026,Synthetic telecommunication record: PERSON-0431 Vijay Mehta contacted PERSON-0132 Anil Bose via ENCRYPTED_CALL in relation to CASE-1026.
GT-0257,PERSON-0590,PERSON-0686,CONTACTED,1,CASE-0448,Synthetic telecommunication record: PERSON-0590 Pankaj Qureshi contacted PERSON-0686 Reena Roy via SMS in relation to CASE-0448.
GT-0258,PERSON-0256,PERSON-0162,CONTACTED,1,CASE-0205,Synthetic telecommunication record: PERSON-0256 Manju Chatterjee contacted PERSON-0162 Pawan Pandey via PHONE_CALL in relation to CASE-0205.
GT-0259,PERSON-0916,PERSON-0779,CONTACTED,1,CASE-0017,Synthetic telecommunication record: PERSON-0916 Naveen Tiwari contacted PERSON-0779 Deepak Ghosh via ENCRYPTED_CALL in relation to CASE-0017.
GT-0260,PERSON-0063,PERSON-0708,CONTACTED,1,CASE-0265,Synthetic telecommunication record: PERSON-0063 Sumit Mehta contacted PERSON-0708 Nitin Bose via WHATSAPP in relation to CASE-0265.
GT-0261,PERSON-0882,PERSON-0491,CONTACTED,1,CASE-0236,Synthetic telecommunication record: PERSON-0882 Shobha Chatterjee contacted PERSON-0491 Kamla Kaur via PHONE_CALL in relation to CASE-0236.
GT-0262,PERSON-0335,PERSON-0309,CONTACTED,1,CASE-0981,Synthetic telecommunication record: PERSON-0335 Naveen Verma contacted PERSON-0309 Rekha Kumar via SMS in relation to CASE-0981.
GT-0263,PERSON-0294,PERSON-0646,CONTACTED,1,CASE-0395,Synthetic telecommunication record: PERSON-0294 Harish Sharma contacted PERSON-0646 Rakesh Bhattacharya via ENCRYPTED_CALL in relation to CASE-0395.
GT-0264,PERSON-0345,PERSON-0484,CONTACTED,1,CASE-0759,Synthetic telecommunication record: PERSON-0345 Sunil Singh contacted PERSON-0484 Pradeep Roy via WHATSAPP in relation to CASE-0759.
GT-0265,PERSON-0039,PERSON-0251,CONTACTED,1,CASE-0258,Synthetic telecommunication record: PERSON-0039 Dinesh Goyal contacted PERSON-0251 Shobha Chatterjee via PHONE_CALL in relation to CASE-0258.
GT-0266,PERSON-0310,PERSON-0285,CONTACTED,1,CASE-0088,Synthetic telecommunication record: PERSON-0310 Pankaj Garg contacted PERSON-0285 Archana Hussain via ENCRYPTED_CALL in relation to CASE-0088.
GT-0267,PERSON-0391,PERSON-0952,CONTACTED,1,CASE-0624,Synthetic telecommunication record: PERSON-0391 Manish Mukherjee contacted PERSON-0952 Abhishek Mishra via PHONE_CALL in relation to CASE-0624.
GT-0268,PERSON-0741,PERSON-0626,CONTACTED,1,CASE-0304,Synthetic telecommunication record: PERSON-0741 Sangeeta Sen contacted PERSON-0626 Shobha Kaur via WHATSAPP in relation to CASE-0304.
GT-0269,PERSON-0056,PERSON-0843,CONTACTED,1,CASE-1161,Synthetic telecommunication record: PERSON-0056 Pawan Bhattacharya contacted PERSON-0843 Suresh Ghosh via PHONE_CALL in relation to CASE-1161.
GT-0270,PERSON-0919,PERSON-0755,CONTACTED,1,CASE-0290,Synthetic telecommunication record: PERSON-0919 Manju Kumar contacted PERSON-0755 Amit Ahmed via SMS in relation to CASE-0290.
GT-0271,PERSON-0140,PERSON-0798,CONTACTED,1,CASE-0219,Synthetic telecommunication record: PERSON-0140 Alok Shukla contacted PERSON-0798 Devendra Mittal via PHONE_CALL in relation to CASE-0219.
GT-0272,PERSON-0752,PERSON-0885,CONTACTED,1,CASE-0418,Synthetic telecommunication record: PERSON-0752 Neetu Chakraborty contacted PERSON-0885 Devendra Qureshi via ENCRYPTED_CALL in relation to CASE-0418.
GT-0273,PERSON-0880,PERSON-0403,CONTACTED,1,CASE-0683,Synthetic telecommunication record: PERSON-0880 Ramesh Mishra contacted PERSON-0403 Sushma Joshi via SMS in relation to CASE-0683.
GT-0274,PERSON-0724,PERSON-0610,CONTACTED,1,CASE-1083,Synthetic telecommunication record: PERSON-0724 Vikram Mishra contacted PERSON-0610 Satish Tiwari via ENCRYPTED_CALL in relation to CASE-1083.
GT-0275,PERSON-0339,PERSON-0597,CONTACTED,1,CASE-0390,Synthetic telecommunication record: PERSON-0339 Sanjay Bansal contacted PERSON-0597 Pooja Das via SMS in relation to CASE-0390.
GT-0276,PERSON-0987,PERSON-0003,CONTACTED,1,CASE-0966,Synthetic telecommunication record: PERSON-0987 Rohit Mehta contacted PERSON-0003 Vijay Banerjee via ENCRYPTED_CALL in relation to CASE-0966.
GT-0277,PERSON-0945,PERSON-0588,CONTACTED,1,CASE-0162,Synthetic telecommunication record: PERSON-0945 Geeta Tiwari contacted PERSON-0588 Arjun Pandey via WHATSAPP in relation to CASE-0162.
GT-0278,PERSON-0268,PERSON-0723,CONTACTED,1,CASE-0141,Synthetic telecommunication record: PERSON-0268 Reena Mittal contacted PERSON-0723 Pawan Patel via SMS in relation to CASE-0141.
GT-0279,PERSON-0306,PERSON-0194,CONTACTED,1,CASE-1132,Synthetic telecommunication record: PERSON-0306 Harish Tiwari contacted PERSON-0194 Devendra Garg via SMS in relation to CASE-1132.
GT-0280,PERSON-0407,PERSON-0398,CONTACTED,1,CASE-0671,Synthetic telecommunication record: PERSON-0407 Abhishek Roy contacted PERSON-0398 Vikram Chakraborty via WHATSAPP in relation to CASE-0671.
GT-0281,PERSON-0075,PERSON-0229,CONTACTED,1,CASE-0174,Synthetic telecommunication record: PERSON-0075 Amit Chatterjee contacted PERSON-0229 Dharmendra Pandey via SMS in relation to CASE-0174.
GT-0282,PERSON-0907,PERSON-0210,CONTACTED,1,CASE-0099,Synthetic telecommunication record: PERSON-0907 Manju Shukla contacted PERSON-0210 Asha Qureshi via SMS in relation to CASE-0099.
GT-0283,PERSON-0196,PERSON-0849,CONTACTED,1,CASE-0376,Synthetic telecommunication record: PERSON-0196 Devendra Jain contacted PERSON-0849 Archana Sen via ENCRYPTED_CALL in relation to CASE-0376.
GT-0284,PERSON-0879,PERSON-0255,CONTACTED,1,CASE-0069,Synthetic telecommunication record: PERSON-0879 Vikram Mehta contacted PERSON-0255 Sunita Roy via WHATSAPP in relation to CASE-0069.
GT-0285,PERSON-0469,PERSON-0300,CONTACTED,1,CASE-0635,Synthetic telecommunication record: PERSON-0469 Hemant Jain contacted PERSON-0300 Ramesh Ghosh via WHATSAPP in relation to CASE-0635.
GT-0286,PERSON-0417,PERSON-0213,CONTACTED,1,CASE-0543,Synthetic telecommunication record: PERSON-0417 Pawan Hussain contacted PERSON-0213 Vijay Joshi via PHONE_CALL in relation to CASE-0543.
GT-0287,PERSON-0309,PERSON-0238,CONTACTED,1,CASE-0039,Synthetic telecommunication record: PERSON-0309 Rekha Kumar contacted PERSON-0238 Rekha Gupta via ENCRYPTED_CALL in relation to CASE-0039.
GT-0288,PERSON-0426,PERSON-0517,CONTACTED,1,CASE-1187,Synthetic telecommunication record: PERSON-0426 Suresh Siddiqui contacted PERSON-0517 Sachin Gupta via ENCRYPTED_CALL in relation to CASE-1187.
GT-0289,PERSON-0852,PERSON-0029,CONTACTED,1,CASE-1107,Synthetic telecommunication record: PERSON-0852 Rohit Bansal contacted PERSON-0029 Reena Shukla via PHONE_CALL in relation to CASE-1107.
GT-0290,PERSON-0811,PERSON-0924,CONTACTED,1,CASE-1131,Synthetic telecommunication record: PERSON-0811 Hemant Khan contacted PERSON-0924 Hemant Verma via SMS in relation to CASE-1131.
GT-0291,PERSON-0583,PERSON-0882,CONTACTED,1,CASE-0289,Synthetic telecommunication record: PERSON-0583 Satish Garg contacted PERSON-0882 Shobha Chatterjee via SMS in relation to CASE-0289.
GT-0292,PERSON-0772,PERSON-0597,CONTACTED,1,CASE-0782,Synthetic telecommunication record: PERSON-0772 Harish Garg contacted PERSON-0597 Pooja Das via PHONE_CALL in relation to CASE-0782.
GT-0293,PERSON-0908,PERSON-0825,CONTACTED,1,CASE-0314,Synthetic telecommunication record: PERSON-0908 Vandana Verma contacted PERSON-0825 Rahul Chakraborty via PHONE_CALL in relation to CASE-0314.
GT-0294,PERSON-0449,PERSON-0911,CONTACTED,1,CASE-0998,Synthetic telecommunication record: PERSON-0449 Harish Chakraborty contacted PERSON-0911 Babita Ali via SMS in relation to CASE-0998.
GT-0295,PERSON-0477,PERSON-0270,CONTACTED,1,CASE-0132,Synthetic telecommunication record: PERSON-0477 Babita Chakraborty contacted PERSON-0270 Gaurav Dutta via WHATSAPP in relation to CASE-0132.
GT-0296,PERSON-0310,PERSON-0213,CONTACTED,1,CASE-0077,Synthetic telecommunication record: PERSON-0310 Pankaj Garg contacted PERSON-0213 Vijay Joshi via SMS in relation to CASE-0077.
GT-0297,PERSON-0159,PERSON-0234,CONTACTED,1,CASE-0120,Synthetic telecommunication record: PERSON-0159 Manju Patel contacted PERSON-0234 Sanjay Mittal via SMS in relation to CASE-0120.
GT-0298,PERSON-0168,PERSON-0166,CONTACTED,1,CASE-0097,Synthetic telecommunication record: PERSON-0168 Rekha Yadav contacted PERSON-0166 Rajesh Goyal via SMS in relation to CASE-0097.
GT-0299,PERSON-0401,PERSON-0347,CONTACTED,1,CASE-0865,Synthetic telecommunication record: PERSON-0401 Seema Gupta contacted PERSON-0347 Pradeep Sarkar via WHATSAPP in relation to CASE-0865.
GT-0300,PERSON-0770,PERSON-0345,CONTACTED,1,CASE-0919,Synthetic telecommunication record: PERSON-0770 Geeta Mittal contacted PERSON-0345 Sunil Singh via WHATSAPP in relation to CASE-0919.
GT-0301,PERSON-0206,PERSON-0137,CONTACTED,1,CASE-0408,Synthetic telecommunication record: PERSON-0206 Satish Bansal contacted PERSON-0137 Jitendra Joshi via WHATSAPP in relation to CASE-0408.
GT-0302,PERSON-0010,PERSON-0140,CONTACTED,1,CASE-0479,Synthetic telecommunication record: PERSON-0010 Manoj Tiwari contacted PERSON-0140 Alok Shukla via PHONE_CALL in relation to CASE-0479.
GT-0303,PERSON-0339,PERSON-0411,CONTACTED,1,CASE-0276,Synthetic telecommunication record: PERSON-0339 Sanjay Bansal contacted PERSON-0411 Manju Patel via PHONE_CALL in relation to CASE-0276.
GT-0304,PERSON-0210,PERSON-0899,CONTACTED,1,CASE-0442,Synthetic telecommunication record: PERSON-0210 Asha Qureshi contacted PERSON-0899 Ritu Ghosh via PHONE_CALL in relation to CASE-0442.
GT-0305,PERSON-0023,PERSON-0225,CONTACTED,1,CASE-0471,Synthetic telecommunication record: PERSON-0023 Manish Kaur contacted PERSON-0225 Sunita Siddiqui via WHATSAPP in relation to CASE-0471.
GT-0306,PERSON-0419,PERSON-0480,CONTACTED,1,CASE-0520,Synthetic telecommunication record: PERSON-0419 Sanjay Verma contacted PERSON-0480 Sangeeta Pandey via ENCRYPTED_CALL in relation to CASE-0520.
GT-0307,PERSON-0752,PERSON-0709,CONTACTED,1,CASE-0139,Synthetic telecommunication record: PERSON-0752 Neetu Chakraborty contacted PERSON-0709 Santosh Tiwari via PHONE_CALL in relation to CASE-0139.
GT-0308,PERSON-0803,PERSON-0468,CONTACTED,1,CASE-0877,Synthetic telecommunication record: PERSON-0803 Manish Bansal contacted PERSON-0468 Asha Mittal via SMS in relation to CASE-0877.
GT-0309,PERSON-0449,PERSON-0877,CONTACTED,1,CASE-0022,Synthetic telecommunication record: PERSON-0449 Harish Chakraborty contacted PERSON-0877 Meena Kaur via ENCRYPTED_CALL in relation to CASE-0022.
GT-0310,PERSON-0795,PERSON-0490,CONTACTED,1,CASE-0291,Synthetic telecommunication record: PERSON-0795 Ajay Chatterjee contacted PERSON-0490 Champa Kumar via SMS in relation to CASE-0291.
GT-0311,PERSON-0256,PERSON-0921,CONTACTED,1,CASE-0646,Synthetic telecommunication record: PERSON-0256 Manju Chatterjee contacted PERSON-0921 Pankaj Mehta via PHONE_CALL in relation to CASE-0646.
GT-0312,PERSON-0285,PERSON-0658,CONTACTED,1,CASE-0356,Synthetic telecommunication record: PERSON-0285 Archana Hussain contacted PERSON-0658 Deepak Sarkar via SMS in relation to CASE-0356.
GT-0313,PERSON-0058,PERSON-0081,CONTACTED,1,CASE-0432,Synthetic telecommunication record: PERSON-0058 Rahul Mittal contacted PERSON-0081 Radha Verma via WHATSAPP in relation to CASE-0432.
GT-0314,PERSON-0753,PERSON-0596,CONTACTED,1,CASE-0473,Synthetic telecommunication record: PERSON-0753 Sachin Agarwal contacted PERSON-0596 Asha Ghosh via SMS in relation to CASE-0473.
GT-0315,PERSON-0175,PERSON-0241,CONTACTED,1,CASE-0999,Synthetic telecommunication record: PERSON-0175 Sunil Joshi contacted PERSON-0241 Dharmendra Jain via PHONE_CALL in relation to CASE-0999.
GT-0316,PERSON-0278,PERSON-0734,CONTACTED,1,CASE-0444,Synthetic telecommunication record: PERSON-0278 Rajesh Bhattacharya contacted PERSON-0734 Ramesh Goyal via WHATSAPP in relation to CASE-0444.
GT-0317,PERSON-0131,PERSON-0554,CONTACTED,1,CASE-0096,Synthetic telecommunication record: PERSON-0131 Mukesh Garg contacted PERSON-0554 Sangeeta Joshi via SMS in relation to CASE-0096.
GT-0318,PERSON-0070,PERSON-0970,CONTACTED,1,CASE-0939,Synthetic telecommunication record: PERSON-0070 Deepak Bansal contacted PERSON-0970 Subhash Bose via PHONE_CALL in relation to CASE-0939.
GT-0319,PERSON-0466,PERSON-0735,CONTACTED,1,CASE-0187,Synthetic telecommunication record: PERSON-0466 Manoj Singhal contacted PERSON-0735 Vijay Bhattacharya via WHATSAPP in relation to CASE-0187.
GT-0320,PERSON-0678,PERSON-0817,CONTACTED,1,CASE-0335,Synthetic telecommunication record: PERSON-0678 Gaurav Mukherjee contacted PERSON-0817 Lata Dutta via WHATSAPP in relation to CASE-0335.
GT-0321,PERSON-0054,PERSON-0903,CONTACTED,1,CASE-0600,Synthetic telecommunication record: PERSON-0054 Nitin Mishra contacted PERSON-0903 Sachin Goyal via SMS in relation to CASE-0600.
GT-0322,PERSON-0450,PERSON-0834,CONTACTED,1,CASE-0120,Synthetic telecommunication record: PERSON-0450 Anil Gupta contacted PERSON-0834 Kusum Banerjee via ENCRYPTED_CALL in relation to CASE-0120.
GT-0323,PERSON-0677,PERSON-0905,CONTACTED,1,CASE-0531,Synthetic telecommunication record: PERSON-0677 Sarita Shukla contacted PERSON-0905 Vandana Qureshi via ENCRYPTED_CALL in relation to CASE-0531.
GT-0324,PERSON-0852,PERSON-0940,CONTACTED,1,CASE-0209,Synthetic telecommunication record: PERSON-0852 Rohit Bansal contacted PERSON-0940 Kavita Agarwal via ENCRYPTED_CALL in relation to CASE-0209.
GT-0325,PERSON-0329,PERSON-0845,CONTACTED,1,CASE-1015,Synthetic telecommunication record: PERSON-0329 Manish Dutta contacted PERSON-0845 Shashi Shukla via SMS in relation to CASE-1015.
GT-0326,PERSON-0109,PERSON-0638,CONTACTED,1,CASE-0848,Synthetic telecommunication record: PERSON-0109 Suresh Siddiqui contacted PERSON-0638 Mukesh Jain via WHATSAPP in relation to CASE-0848.
GT-0327,PERSON-0052,PERSON-0396,CONTACTED,1,CASE-0541,Synthetic telecommunication record: PERSON-0052 Shashi Patel contacted PERSON-0396 Shashi Pandey via SMS in relation to CASE-0541.
GT-0328,PERSON-0233,PERSON-0550,CONTACTED,1,CASE-1110,Synthetic telecommunication record: PERSON-0233 Pushpa Qureshi contacted PERSON-0550 Suresh Singh via ENCRYPTED_CALL in relation to CASE-1110.
GT-0329,PERSON-0808,PERSON-0694,CONTACTED,1,CASE-0316,Synthetic telecommunication record: PERSON-0808 Jyoti Singhal contacted PERSON-0694 Shobha Ali via ENCRYPTED_CALL in relation to CASE-0316.
GT-0330,PERSON-0348,PERSON-0518,CONTACTED,1,CASE-0304,Synthetic telecommunication record: PERSON-0348 Rahul Sharma contacted PERSON-0518 Jyoti Singh via PHONE_CALL in relation to CASE-0304.
GT-0331,PERSON-0160,PERSON-0325,CONTACTED,1,CASE-0369,Synthetic telecommunication record: PERSON-0160 Harish Joshi contacted PERSON-0325 Kamla Shukla via PHONE_CALL in relation to CASE-0369.
GT-0332,PERSON-0801,PERSON-0705,CONTACTED,1,CASE-1198,Synthetic telecommunication record: PERSON-0801 Geeta Sarkar contacted PERSON-0705 Abhishek Kumar via SMS in relation to CASE-1198.
GT-0333,PERSON-0404,PERSON-0777,CONTACTED,1,CASE-0790,Synthetic telecommunication record: PERSON-0404 Anita Agarwal contacted PERSON-0777 Manish Sarkar via SMS in relation to CASE-0790.
GT-0334,PERSON-0937,PERSON-0520,CONTACTED,1,CASE-0522,Synthetic telecommunication record: PERSON-0937 Deepak Kumar contacted PERSON-0520 Rahul Sharma via WHATSAPP in relation to CASE-0522.
GT-0335,PERSON-0498,PERSON-0256,CONTACTED,1,CASE-0507,Synthetic telecommunication record: PERSON-0498 Ritu Agarwal contacted PERSON-0256 Manju Chatterjee via WHATSAPP in relation to CASE-0507.
GT-0336,PERSON-0588,PERSON-0788,CONTACTED,1,CASE-0925,Synthetic telecommunication record: PERSON-0588 Arjun Pandey contacted PERSON-0788 Champa Bose via PHONE_CALL in relation to CASE-0925.
GT-0337,PERSON-0103,PERSON-0134,CONTACTED,1,CASE-0382,Synthetic telecommunication record: PERSON-0103 Rahul Goyal contacted PERSON-0134 Manish Jain via PHONE_CALL in relation to CASE-0382.
GT-0338,PERSON-0049,PERSON-0123,CONTACTED,1,CASE-0177,Synthetic telecommunication record: PERSON-0049 Suresh Ahmed contacted PERSON-0123 Rohit Sharma via ENCRYPTED_CALL in relation to CASE-0177.
GT-0339,PERSON-0043,PERSON-0242,CONTACTED,1,CASE-1052,Synthetic telecommunication record: PERSON-0043 Nitin Khan contacted PERSON-0242 Hemant Mishra via SMS in relation to CASE-1052.
GT-0340,PERSON-0426,PERSON-0827,CONTACTED,1,CASE-1133,Synthetic telecommunication record: PERSON-0426 Suresh Siddiqui contacted PERSON-0827 Gaurav Tiwari via PHONE_CALL in relation to CASE-1133.
GT-0341,PERSON-0466,PERSON-0876,CONTACTED,1,CASE-0152,Synthetic telecommunication record: PERSON-0466 Manoj Singhal contacted PERSON-0876 Seema Ansari via PHONE_CALL in relation to CASE-0152.
GT-0342,PERSON-0299,PERSON-0711,CONTACTED,1,CASE-0993,Synthetic telecommunication record: PERSON-0299 Rohit Ghosh contacted PERSON-0711 Champa Tiwari via PHONE_CALL in relation to CASE-0993.
GT-0343,PERSON-0613,PERSON-0155,CONTACTED,1,CASE-0462,Synthetic telecommunication record: PERSON-0613 Rajesh Kumar contacted PERSON-0155 Neetu Chakraborty via SMS in relation to CASE-0462.
GT-0344,PERSON-0602,PERSON-0995,CONTACTED,1,CASE-0213,Synthetic telecommunication record: PERSON-0602 Sanjay Chatterjee contacted PERSON-0995 Arjun Yadav via SMS in relation to CASE-0213.
GT-0345,PERSON-0183,PERSON-0613,CONTACTED,1,CASE-0727,Synthetic telecommunication record: PERSON-0183 Jyoti Sarkar contacted PERSON-0613 Rajesh Kumar via SMS in relation to CASE-0727.
GT-0346,PERSON-0506,PERSON-0105,CONTACTED,1,CASE-0225,Synthetic telecommunication record: PERSON-0506 Rahul Qureshi contacted PERSON-0105 Rakesh Khan via WHATSAPP in relation to CASE-0225.
GT-0347,PERSON-0146,PERSON-0928,CONTACTED,1,CASE-0360,Synthetic telecommunication record: PERSON-0146 Kunal Bhattacharya contacted PERSON-0928 Pushpa Ansari via ENCRYPTED_CALL in relation to CASE-0360.
GT-0348,PERSON-0767,PERSON-0261,CONTACTED,1,CASE-0795,Synthetic telecommunication record: PERSON-0767 Manish Kaur contacted PERSON-0261 Deepak Kumar via WHATSAPP in relation to CASE-0795.
GT-0349,PERSON-0542,PERSON-0307,TRANSFERRED_TO,1,CASE-1190,Synthetic transaction record: PERSON-0542 transferred INR 75000 to PERSON-0307 linked to CASE-1190.
GT-0350,PERSON-0831,PERSON-0102,TRANSFERRED_TO,1,CASE-0674,Synthetic transaction record: PERSON-0831 transferred INR 75000 to PERSON-0102 linked to CASE-0674.
GT-0351,PERSON-0436,PERSON-0509,TRANSFERRED_TO,1,CASE-0423,Synthetic transaction record: PERSON-0436 transferred INR 50000 to PERSON-0509 linked to CASE-0423.
GT-0352,PERSON-0401,PERSON-0536,TRANSFERRED_TO,1,CASE-1072,Synthetic transaction record: PERSON-0401 transferred INR 25000 to PERSON-0536 linked to CASE-1072.
GT-0353,PERSON-0187,PERSON-0744,TRANSFERRED_TO,1,CASE-0170,Synthetic transaction record: PERSON-0187 transferred INR 50000 to PERSON-0744 linked to CASE-0170.
GT-0354,PERSON-0215,PERSON-0541,TRANSFERRED_TO,1,CASE-0061,Synthetic transaction record: PERSON-0215 transferred INR 250000 to PERSON-0541 linked to CASE-0061.
GT-0355,PERSON-0771,PERSON-0445,TRANSFERRED_TO,1,CASE-0700,Synthetic transaction record: PERSON-0771 transferred INR 250000 to PERSON-0445 linked to CASE-0700.
GT-0356,PERSON-0794,PERSON-0084,TRANSFERRED_TO,1,CASE-0234,Synthetic transaction record: PERSON-0794 transferred INR 250000 to PERSON-0084 linked to CASE-0234.
GT-0357,PERSON-0625,PERSON-0504,TRANSFERRED_TO,1,CASE-0504,Synthetic transaction record: PERSON-0625 transferred INR 250000 to PERSON-0504 linked to CASE-0504.
GT-0358,PERSON-0282,PERSON-0968,TRANSFERRED_TO,1,CASE-0164,Synthetic transaction record: PERSON-0282 transferred INR 75000 to PERSON-0968 linked to CASE-0164.
GT-0359,PERSON-0012,PERSON-0909,TRANSFERRED_TO,1,CASE-1181,Synthetic transaction record: PERSON-0012 transferred INR 25000 to PERSON-0909 linked to CASE-1181.
GT-0360,PERSON-0646,PERSON-0867,TRANSFERRED_TO,1,CASE-1174,Synthetic transaction record: PERSON-0646 transferred INR 50000 to PERSON-0867 linked to CASE-1174.
GT-0361,PERSON-0456,PERSON-0480,TRANSFERRED_TO,1,CASE-0216,Synthetic transaction record: PERSON-0456 transferred INR 250000 to PERSON-0480 linked to CASE-0216.
GT-0362,PERSON-0380,PERSON-0324,TRANSFERRED_TO,1,CASE-0097,Synthetic transaction record: PERSON-0380 transferred INR 50000 to PERSON-0324 linked to CASE-0097.
GT-0363,PERSON-0883,PERSON-0436,TRANSFERRED_TO,1,CASE-1148,Synthetic transaction record: PERSON-0883 transferred INR 150000 to PERSON-0436 linked to CASE-1148.
GT-0364,PERSON-0213,PERSON-0227,TRANSFERRED_TO,1,CASE-1199,Synthetic transaction record: PERSON-0213 transferred INR 75000 to PERSON-0227 linked to CASE-1199.
GT-0365,PERSON-0644,PERSON-0849,TRANSFERRED_TO,1,CASE-0184,Synthetic transaction record: PERSON-0644 transferred INR 500000 to PERSON-0849 linked to CASE-0184.
GT-0366,PERSON-0763,PERSON-0517,TRANSFERRED_TO,1,CASE-0642,Synthetic transaction record: PERSON-0763 transferred INR 250000 to PERSON-0517 linked to CASE-0642.
GT-0367,PERSON-0773,PERSON-0740,TRANSFERRED_TO,1,CASE-0043,Synthetic transaction record: PERSON-0773 transferred INR 150000 to PERSON-0740 linked to CASE-0043.
GT-0368,PERSON-0788,PERSON-0857,TRANSFERRED_TO,1,CASE-0025,Synthetic transaction record: PERSON-0788 transferred INR 500000 to PERSON-0857 linked to CASE-0025.
GT-0369,PERSON-0200,PERSON-0130,TRANSFERRED_TO,1,CASE-0653,Synthetic transaction record: PERSON-0200 transferred INR 500000 to PERSON-0130 linked to CASE-0653.
GT-0370,PERSON-0021,PERSON-0765,TRANSFERRED_TO,1,CASE-0809,Synthetic transaction record: PERSON-0021 transferred INR 500000 to PERSON-0765 linked to CASE-0809.
GT-0371,PERSON-0125,PERSON-0590,TRANSFERRED_TO,1,CASE-0249,Synthetic transaction record: PERSON-0125 transferred INR 50000 to PERSON-0590 linked to CASE-0249.
GT-0372,PERSON-0082,PERSON-0011,TRANSFERRED_TO,1,CASE-1198,Synthetic transaction record: PERSON-0082 transferred INR 50000 to PERSON-0011 linked to CASE-1198.
GT-0373,PERSON-0129,PERSON-0874,TRANSFERRED_TO,1,CASE-1091,Synthetic transaction record: PERSON-0129 transferred INR 250000 to PERSON-0874 linked to CASE-1091.
GT-0374,PERSON-0315,PERSON-0138,TRANSFERRED_TO,1,CASE-0972,Synthetic transaction record: PERSON-0315 transferred INR 500000 to PERSON-0138 linked to CASE-0972.
GT-0375,PERSON-0358,PERSON-0125,TRANSFERRED_TO,1,CASE-0646,Synthetic transaction record: PERSON-0358 transferred INR 50000 to PERSON-0125 linked to CASE-0646.
GT-0376,PERSON-0044,PERSON-0588,TRANSFERRED_TO,1,CASE-0874,Synthetic transaction record: PERSON-0044 transferred INR 25000 to PERSON-0588 linked to CASE-0874.
GT-0377,PERSON-0336,PERSON-0847,TRANSFERRED_TO,1,CASE-1088,Synthetic transaction record: PERSON-0336 transferred INR 250000 to PERSON-0847 linked to CASE-1088.
GT-0378,PERSON-0877,PERSON-0515,TRANSFERRED_TO,1,CASE-0207,Synthetic transaction record: PERSON-0877 transferred INR 500000 to PERSON-0515 linked to CASE-0207.
GT-0379,PERSON-0044,PERSON-0291,TRANSFERRED_TO,1,CASE-0252,Synthetic transaction record: PERSON-0044 transferred INR 75000 to PERSON-0291 linked to CASE-0252.
GT-0380,PERSON-0901,PERSON-0139,TRANSFERRED_TO,1,CASE-0125,Synthetic transaction record: PERSON-0901 transferred INR 75000 to PERSON-0139 linked to CASE-0125.
GT-0381,PERSON-0732,PERSON-0473,TRANSFERRED_TO,1,CASE-0435,Synthetic transaction record: PERSON-0732 transferred INR 50000 to PERSON-0473 linked to CASE-0435.
GT-0382,PERSON-0072,PERSON-0928,TRANSFERRED_TO,1,CASE-0821,Synthetic transaction record: PERSON-0072 transferred INR 75000 to PERSON-0928 linked to CASE-0821.
GT-0383,PERSON-0509,PERSON-0211,TRANSFERRED_TO,1,CASE-1088,Synthetic transaction record: PERSON-0509 transferred INR 150000 to PERSON-0211 linked to CASE-1088.
GT-0384,PERSON-0144,PERSON-0937,TRANSFERRED_TO,1,CASE-0824,Synthetic transaction record: PERSON-0144 transferred INR 150000 to PERSON-0937 linked to CASE-0824.
GT-0385,PERSON-0223,PERSON-0707,TRANSFERRED_TO,1,CASE-0162,Synthetic transaction record: PERSON-0223 transferred INR 75000 to PERSON-0707 linked to CASE-0162.
GT-0386,PERSON-0738,PERSON-0614,TRANSFERRED_TO,1,CASE-1044,Synthetic transaction record: PERSON-0738 transferred INR 150000 to PERSON-0614 linked to CASE-1044.
GT-0387,PERSON-0252,PERSON-0215,TRANSFERRED_TO,1,CASE-1164,Synthetic transaction record: PERSON-0252 transferred INR 75000 to PERSON-0215 linked to CASE-1164.
GT-0388,PERSON-0818,PERSON-0634,TRANSFERRED_TO,1,CASE-0496,Synthetic transaction record: PERSON-0818 transferred INR 25000 to PERSON-0634 linked to CASE-0496.
GT-0389,PERSON-0642,PERSON-0342,TRANSFERRED_TO,1,CASE-0015,Synthetic transaction record: PERSON-0642 transferred INR 250000 to PERSON-0342 linked to CASE-0015.
GT-0390,PERSON-0999,PERSON-0895,TRANSFERRED_TO,1,CASE-0659,Synthetic transaction record: PERSON-0999 transferred INR 150000 to PERSON-0895 linked to CASE-0659.
GT-0391,PERSON-0376,PERSON-0649,TRANSFERRED_TO,1,CASE-0186,Synthetic transaction record: PERSON-0376 transferred INR 75000 to PERSON-0649 linked to CASE-0186.
GT-0392,PERSON-0682,PERSON-0253,TRANSFERRED_TO,1,CASE-0923,Synthetic transaction record: PERSON-0682 transferred INR 25000 to PERSON-0253 linked to CASE-0923.
GT-0393,PERSON-0882,PERSON-0396,TRANSFERRED_TO,1,CASE-0685,Synthetic transaction record: PERSON-0882 transferred INR 150000 to PERSON-0396 linked to CASE-0685.
GT-0394,PERSON-0599,PERSON-0500,TRANSFERRED_TO,1,CASE-0491,Synthetic transaction record: PERSON-0599 transferred INR 250000 to PERSON-0500 linked to CASE-0491.
GT-0395,PERSON-0366,PERSON-0356,TRANSFERRED_TO,1,CASE-0381,Synthetic transaction record: PERSON-0366 transferred INR 25000 to PERSON-0356 linked to CASE-0381.
GT-0396,PERSON-0389,PERSON-0298,TRANSFERRED_TO,1,CASE-0208,Synthetic transaction record: PERSON-0389 transferred INR 50000 to PERSON-0298 linked to CASE-0208.
GT-0397,PERSON-0980,PERSON-0696,TRANSFERRED_TO,1,CASE-0805,Synthetic transaction record: PERSON-0980 transferred INR 250000 to PERSON-0696 linked to CASE-0805.
GT-0398,PERSON-0676,PERSON-0138,TRANSFERRED_TO,1,CASE-0088,Synthetic transaction record: PERSON-0676 transferred INR 250000 to PERSON-0138 linked to CASE-0088.
GT-0399,PERSON-0483,PERSON-0498,TRANSFERRED_TO,1,CASE-0492,Synthetic transaction record: PERSON-0483 transferred INR 50000 to PERSON-0498 linked to CASE-0492.
GT-0400,PERSON-0029,PERSON-0876,TRANSFERRED_TO,1,CASE-0936,Synthetic transaction record: PERSON-0029 transferred INR 50000 to PERSON-0876 linked to CASE-0936.
GT-0401,PERSON-0609,PERSON-0432,TRANSFERRED_TO,1,CASE-1116,Synthetic transaction record: PERSON-0609 transferred INR 500000 to PERSON-0432 linked to CASE-1116.
GT-0402,PERSON-0420,PERSON-0005,TRANSFERRED_TO,1,CASE-0775,Synthetic transaction record: PERSON-0420 transferred INR 75000 to PERSON-0005 linked to CASE-0775.
GT-0403,PERSON-0303,PERSON-0182,TRANSFERRED_TO,1,CASE-0511,Synthetic transaction record: PERSON-0303 transferred INR 250000 to PERSON-0182 linked to CASE-0511.
GT-0404,PERSON-0387,PERSON-0827,TRANSFERRED_TO,1,CASE-0169,Synthetic transaction record: PERSON-0387 transferred INR 75000 to PERSON-0827 linked to CASE-0169.
GT-0405,PERSON-0071,PERSON-0837,TRANSFERRED_TO,1,CASE-0526,Synthetic transaction record: PERSON-0071 transferred INR 500000 to PERSON-0837 linked to CASE-0526.
GT-0406,PERSON-0079,PERSON-0036,TRANSFERRED_TO,1,CASE-0845,Synthetic transaction record: PERSON-0079 transferred INR 25000 to PERSON-0036 linked to CASE-0845.
GT-0407,PERSON-0982,PERSON-0972,TRANSFERRED_TO,1,CASE-0946,Synthetic transaction record: PERSON-0982 transferred INR 75000 to PERSON-0972 linked to CASE-0946.
GT-0408,PERSON-0343,PERSON-0549,TRANSFERRED_TO,1,CASE-0420,Synthetic transaction record: PERSON-0343 transferred INR 500000 to PERSON-0549 linked to CASE-0420.
GT-0409,PERSON-0420,PERSON-0849,TRANSFERRED_TO,1,CASE-0614,Synthetic transaction record: PERSON-0420 transferred INR 75000 to PERSON-0849 linked to CASE-0614.
GT-0410,PERSON-0999,PERSON-0383,TRANSFERRED_TO,1,CASE-0088,Synthetic transaction record: PERSON-0999 transferred INR 25000 to PERSON-0383 linked to CASE-0088.
GT-0411,PERSON-0194,PERSON-0686,TRANSFERRED_TO,1,CASE-0077,Synthetic transaction record: PERSON-0194 transferred INR 250000 to PERSON-0686 linked to CASE-0077.
GT-0412,PERSON-0002,PERSON-0139,TRANSFERRED_TO,1,CASE-1120,Synthetic transaction record: PERSON-0002 transferred INR 150000 to PERSON-0139 linked to CASE-1120.
GT-0413,PERSON-0009,PERSON-0271,TRANSFERRED_TO,1,CASE-0439,Synthetic transaction record: PERSON-0009 transferred INR 50000 to PERSON-0271 linked to CASE-0439.
GT-0414,PERSON-0430,PERSON-0214,TRANSFERRED_TO,1,CASE-0997,Synthetic transaction record: PERSON-0430 transferred INR 150000 to PERSON-0214 linked to CASE-0997.
GT-0415,PERSON-0957,PERSON-0878,TRANSFERRED_TO,1,CASE-0276,Synthetic transaction record: PERSON-0957 transferred INR 250000 to PERSON-0878 linked to CASE-0276.
GT-0416,PERSON-0270,PERSON-0649,TRANSFERRED_TO,1,CASE-0210,Synthetic transaction record: PERSON-0270 transferred INR 75000 to PERSON-0649 linked to CASE-0210.
GT-0417,PERSON-0465,PERSON-0119,TRANSFERRED_TO,1,CASE-0555,Synthetic transaction record: PERSON-0465 transferred INR 250000 to PERSON-0119 linked to CASE-0555.
GT-0418,PERSON-0236,PERSON-0607,TRANSFERRED_TO,1,CASE-1186,Synthetic transaction record: PERSON-0236 transferred INR 75000 to PERSON-0607 linked to CASE-1186.
GT-0419,PERSON-0949,PERSON-0023,TRANSFERRED_TO,1,CASE-0433,Synthetic transaction record: PERSON-0949 transferred INR 250000 to PERSON-0023 linked to CASE-0433.
GT-0420,PERSON-0589,PERSON-0817,TRANSFERRED_TO,1,CASE-0844,Synthetic transaction record: PERSON-0589 transferred INR 25000 to PERSON-0817 linked to CASE-0844.
GT-0421,PERSON-0508,PERSON-0412,TRANSFERRED_TO,1,CASE-0857,Synthetic transaction record: PERSON-0508 transferred INR 75000 to PERSON-0412 linked to CASE-0857.
GT-0422,PERSON-0642,PERSON-0989,TRANSFERRED_TO,1,CASE-1243,Synthetic transaction record: PERSON-0642 transferred INR 500000 to PERSON-0989 linked to CASE-1243.
GT-0423,PERSON-0584,PERSON-0178,TRANSFERRED_TO,1,CASE-0008,Synthetic transaction record: PERSON-0584 transferred INR 50000 to PERSON-0178 linked to CASE-0008.
GT-0424,PERSON-0550,PERSON-0782,TRANSFERRED_TO,1,CASE-1036,Synthetic transaction record: PERSON-0550 transferred INR 75000 to PERSON-0782 linked to CASE-1036.
GT-0425,PERSON-0466,PERSON-0784,TRANSFERRED_TO,1,CASE-1043,Synthetic transaction record: PERSON-0466 transferred INR 75000 to PERSON-0784 linked to CASE-1043.
GT-0426,PERSON-0773,PERSON-0984,TRANSFERRED_TO,1,CASE-0656,Synthetic transaction record: PERSON-0773 transferred INR 75000 to PERSON-0984 linked to CASE-0656.
GT-0427,PERSON-0877,PERSON-0724,TRANSFERRED_TO,1,CASE-0230,Synthetic transaction record: PERSON-0877 transferred INR 50000 to PERSON-0724 linked to CASE-0230.
GT-0428,PERSON-0551,PERSON-0767,TRANSFERRED_TO,1,CASE-0674,Synthetic transaction record: PERSON-0551 transferred INR 150000 to PERSON-0767 linked to CASE-0674.
GT-0429,PERSON-0867,PERSON-0503,TRANSFERRED_TO,1,CASE-0279,Synthetic transaction record: PERSON-0867 transferred INR 25000 to PERSON-0503 linked to CASE-0279.
GT-0430,PERSON-0273,PERSON-0910,TRANSFERRED_TO,1,CASE-0929,Synthetic transaction record: PERSON-0273 transferred INR 50000 to PERSON-0910 linked to CASE-0929.
GT-0431,PERSON-0658,PERSON-0992,TRANSFERRED_TO,1,CASE-0044,Synthetic transaction record: PERSON-0658 transferred INR 150000 to PERSON-0992 linked to CASE-0044.
GT-0432,PERSON-0983,PERSON-0574,TRANSFERRED_TO,1,CASE-1133,Synthetic transaction record: PERSON-0983 transferred INR 25000 to PERSON-0574 linked to CASE-1133.
GT-0433,PERSON-0776,PERSON-0393,TRANSFERRED_TO,1,CASE-0217,Synthetic transaction record: PERSON-0776 transferred INR 75000 to PERSON-0393 linked to CASE-0217.
GT-0434,PERSON-0208,PERSON-0313,TRANSFERRED_TO,1,CASE-0072,Synthetic transaction record: PERSON-0208 transferred INR 50000 to PERSON-0313 linked to CASE-0072.
GT-0435,PERSON-0516,PERSON-0779,TRANSFERRED_TO,1,CASE-1210,Synthetic transaction record: PERSON-0516 transferred INR 250000 to PERSON-0779 linked to CASE-1210.
GT-0436,PERSON-0520,PERSON-0506,TRANSFERRED_TO,1,CASE-0134,Synthetic transaction record: PERSON-0520 transferred INR 50000 to PERSON-0506 linked to CASE-0134.
GT-0437,PERSON-0482,PERSON-0454,TRANSFERRED_TO,1,CASE-1124,Synthetic transaction record: PERSON-0482 transferred INR 500000 to PERSON-0454 linked to CASE-1124.
GT-0438,PERSON-0985,PERSON-0525,TRANSFERRED_TO,1,CASE-0736,Synthetic transaction record: PERSON-0985 transferred INR 50000 to PERSON-0525 linked to CASE-0736.
GT-0439,PERSON-0220,PERSON-0415,TRANSFERRED_TO,1,CASE-0480,Synthetic transaction record: PERSON-0220 transferred INR 75000 to PERSON-0415 linked to CASE-0480.
GT-0440,PERSON-0461,PERSON-0015,TRANSFERRED_TO,1,CASE-0973,Synthetic transaction record: PERSON-0461 transferred INR 75000 to PERSON-0015 linked to CASE-0973.
GT-0441,PERSON-0239,PERSON-0735,TRANSFERRED_TO,1,CASE-0194,Synthetic transaction record: PERSON-0239 transferred INR 25000 to PERSON-0735 linked to CASE-0194.
GT-0442,PERSON-0013,PERSON-0638,TRANSFERRED_TO,1,CASE-1240,Synthetic transaction record: PERSON-0013 transferred INR 25000 to PERSON-0638 linked to CASE-1240.
GT-0443,PERSON-0198,PERSON-0525,TRANSFERRED_TO,1,CASE-0715,Synthetic transaction record: PERSON-0198 transferred INR 500000 to PERSON-0525 linked to CASE-0715.
GT-0444,PERSON-0993,PERSON-0024,TRANSFERRED_TO,1,CASE-0859,Synthetic transaction record: PERSON-0993 transferred INR 50000 to PERSON-0024 linked to CASE-0859.
GT-0445,PERSON-0131,PERSON-0406,TRANSFERRED_TO,1,CASE-1117,Synthetic transaction record: PERSON-0131 transferred INR 50000 to PERSON-0406 linked to CASE-1117.
GT-0446,PERSON-0271,PERSON-0807,TRANSFERRED_TO,1,CASE-0715,Synthetic transaction record: PERSON-0271 transferred INR 50000 to PERSON-0807 linked to CASE-0715.
GT-0447,PERSON-0947,PERSON-0269,TRANSFERRED_TO,1,CASE-0081,Synthetic transaction record: PERSON-0947 transferred INR 25000 to PERSON-0269 linked to CASE-0081.
GT-0448,PERSON-0884,PERSON-0891,TRANSFERRED_TO,1,CASE-0349,Synthetic transaction record: PERSON-0884 transferred INR 50000 to PERSON-0891 linked to CASE-0349.
GT-0449,PERSON-0626,PERSON-0036,TRANSFERRED_TO,1,CASE-0175,Synthetic transaction record: PERSON-0626 transferred INR 500000 to PERSON-0036 linked to CASE-0175.
GT-0450,PERSON-0462,PERSON-0473,TRANSFERRED_TO,1,CASE-0730,Synthetic transaction record: PERSON-0462 transferred INR 50000 to PERSON-0473 linked to CASE-0730.
GT-0451,PERSON-0275,PERSON-0777,TRANSFERRED_TO,1,CASE-0015,Synthetic transaction record: PERSON-0275 transferred INR 75000 to PERSON-0777 linked to CASE-0015.
GT-0452,PERSON-0021,PERSON-0058,TRANSFERRED_TO,1,CASE-0136,Synthetic transaction record: PERSON-0021 transferred INR 500000 to PERSON-0058 linked to CASE-0136.
GT-0453,PERSON-0707,PERSON-0606,TRANSFERRED_TO,1,CASE-1014,Synthetic transaction record: PERSON-0707 transferred INR 500000 to PERSON-0606 linked to CASE-1014.
GT-0454,PERSON-0103,PERSON-0579,TRANSFERRED_TO,1,CASE-0558,Synthetic transaction record: PERSON-0103 transferred INR 50000 to PERSON-0579 linked to CASE-0558.
GT-0455,PERSON-0278,PERSON-0381,TRANSFERRED_TO,1,CASE-0327,Synthetic transaction record: PERSON-0278 transferred INR 50000 to PERSON-0381 linked to CASE-0327.
GT-0456,PERSON-0659,PERSON-0078,TRANSFERRED_TO,1,CASE-1129,Synthetic transaction record: PERSON-0659 transferred INR 25000 to PERSON-0078 linked to CASE-1129.
GT-0457,PERSON-0732,PERSON-0631,TRANSFERRED_TO,1,CASE-0989,Synthetic transaction record: PERSON-0732 transferred INR 75000 to PERSON-0631 linked to CASE-0989.
GT-0458,PERSON-0978,PERSON-0650,TRANSFERRED_TO,1,CASE-0203,Synthetic transaction record: PERSON-0978 transferred INR 50000 to PERSON-0650 linked to CASE-0203.
GT-0459,PERSON-0769,PERSON-0284,TRANSFERRED_TO,1,CASE-0296,Synthetic transaction record: PERSON-0769 transferred INR 250000 to PERSON-0284 linked to CASE-0296.
GT-0460,PERSON-0029,PERSON-0602,TRANSFERRED_TO,1,CASE-0954,Synthetic transaction record: PERSON-0029 transferred INR 500000 to PERSON-0602 linked to CASE-0954.
GT-0461,PERSON-0487,PERSON-0155,TRANSFERRED_TO,1,CASE-1143,Synthetic transaction record: PERSON-0487 transferred INR 500000 to PERSON-0155 linked to CASE-1143.
GT-0462,PERSON-0262,PERSON-0887,TRANSFERRED_TO,1,CASE-0799,Synthetic transaction record: PERSON-0262 transferred INR 250000 to PERSON-0887 linked to CASE-0799.
GT-0463,PERSON-0210,PERSON-0188,TRANSFERRED_TO,1,CASE-0834,Synthetic transaction record: PERSON-0210 transferred INR 50000 to PERSON-0188 linked to CASE-0834.
GT-0464,PERSON-0081,PERSON-0508,TRANSFERRED_TO,1,CASE-0765,Synthetic transaction record: PERSON-0081 transferred INR 75000 to PERSON-0508 linked to CASE-0765.
GT-0465,PERSON-0190,PERSON-0297,TRANSFERRED_TO,1,CASE-0296,Synthetic transaction record: PERSON-0190 transferred INR 25000 to PERSON-0297 linked to CASE-0296.
GT-0466,PERSON-0853,PERSON-0912,TRANSFERRED_TO,1,CASE-0543,Synthetic transaction record: PERSON-0853 transferred INR 500000 to PERSON-0912 linked to CASE-0543.
GT-0467,PERSON-0177,PERSON-0430,TRANSFERRED_TO,1,CASE-0439,Synthetic transaction record: PERSON-0177 transferred INR 25000 to PERSON-0430 linked to CASE-0439.
GT-0468,PERSON-0547,PERSON-0849,TRANSFERRED_TO,1,CASE-0221,Synthetic transaction record: PERSON-0547 transferred INR 250000 to PERSON-0849 linked to CASE-0221.
GT-0469,PERSON-0037,PERSON-0198,TRANSFERRED_TO,1,CASE-0106,Synthetic transaction record: PERSON-0037 transferred INR 75000 to PERSON-0198 linked to CASE-0106.
GT-0470,PERSON-0539,PERSON-0442,TRANSFERRED_TO,1,CASE-0784,Synthetic transaction record: PERSON-0539 transferred INR 25000 to PERSON-0442 linked to CASE-0784.
GT-0471,PERSON-0221,PERSON-0052,TRANSFERRED_TO,1,CASE-0782,Synthetic transaction record: PERSON-0221 transferred INR 150000 to PERSON-0052 linked to CASE-0782.
GT-0472,PERSON-0153,PERSON-0560,TRANSFERRED_TO,1,CASE-0025,Synthetic transaction record: PERSON-0153 transferred INR 150000 to PERSON-0560 linked to CASE-0025.
GT-0473,PERSON-0712,PERSON-0669,TRANSFERRED_TO,1,CASE-0919,Synthetic transaction record: PERSON-0712 transferred INR 50000 to PERSON-0669 linked to CASE-0919.
GT-0474,PERSON-0957,PERSON-0953,TRANSFERRED_TO,1,CASE-0115,Synthetic transaction record: PERSON-0957 transferred INR 50000 to PERSON-0953 linked to CASE-0115.
GT-0475,PERSON-0033,PERSON-0609,TRANSFERRED_TO,1,CASE-0072,Synthetic transaction record: PERSON-0033 transferred INR 75000 to PERSON-0609 linked to CASE-0072.
GT-0476,PERSON-0401,PERSON-0915,TRANSFERRED_TO,1,CASE-0485,Synthetic transaction record: PERSON-0401 transferred INR 150000 to PERSON-0915 linked to CASE-0485.
GT-0477,PERSON-0072,PERSON-0585,TRANSFERRED_TO,1,CASE-0278,Synthetic transaction record: PERSON-0072 transferred INR 75000 to PERSON-0585 linked to CASE-0278.
GT-0478,PERSON-0420,PERSON-0982,TRANSFERRED_TO,1,CASE-0403,Synthetic transaction record: PERSON-0420 transferred INR 250000 to PERSON-0982 linked to CASE-0403.
GT-0479,PERSON-0032,PERSON-0011,TRANSFERRED_TO,1,CASE-1195,Synthetic transaction record: PERSON-0032 transferred INR 75000 to PERSON-0011 linked to CASE-1195.
GT-0480,PERSON-0488,PERSON-0620,TRANSFERRED_TO,1,CASE-0953,Synthetic transaction record: PERSON-0488 transferred INR 75000 to PERSON-0620 linked to CASE-0953.
GT-0481,PERSON-0062,PERSON-0099,TRANSFERRED_TO,1,CASE-0062,Synthetic transaction record: PERSON-0062 transferred INR 150000 to PERSON-0099 linked to CASE-0062.
GT-0482,PERSON-0140,PERSON-0342,TRANSFERRED_TO,1,CASE-0499,Synthetic transaction record: PERSON-0140 transferred INR 250000 to PERSON-0342 linked to CASE-0499.
GT-0483,PERSON-0027,PERSON-0818,TRANSFERRED_TO,1,CASE-0026,Synthetic transaction record: PERSON-0027 transferred INR 150000 to PERSON-0818 linked to CASE-0026.
GT-0484,PERSON-0631,PERSON-0473,TRANSFERRED_TO,1,CASE-0443,Synthetic transaction record: PERSON-0631 transferred INR 25000 to PERSON-0473 linked to CASE-0443.
GT-0485,PERSON-0771,PERSON-0798,TRANSFERRED_TO,1,CASE-0389,Synthetic transaction record: PERSON-0771 transferred INR 25000 to PERSON-0798 linked to CASE-0389.
GT-0486,PERSON-0176,PERSON-0165,TRANSFERRED_TO,1,CASE-0925,Synthetic transaction record: PERSON-0176 transferred INR 25000 to PERSON-0165 linked to CASE-0925.
GT-0487,PERSON-0210,PERSON-0554,TRANSFERRED_TO,1,CASE-0224,Synthetic transaction record: PERSON-0210 transferred INR 150000 to PERSON-0554 linked to CASE-0224.
GT-0488,PERSON-0043,PERSON-0762,TRANSFERRED_TO,1,CASE-1160,Synthetic transaction record: PERSON-0043 transferred INR 250000 to PERSON-0762 linked to CASE-1160.
GT-0489,PERSON-0906,PERSON-0078,TRANSFERRED_TO,1,CASE-0968,Synthetic transaction record: PERSON-0906 transferred INR 500000 to PERSON-0078 linked to CASE-0968.
GT-0490,PERSON-0508,PERSON-0146,TRANSFERRED_TO,1,CASE-0799,Synthetic transaction record: PERSON-0508 transferred INR 50000 to PERSON-0146 linked to CASE-0799.
GT-0491,PERSON-0026,PERSON-0824,TRANSFERRED_TO,1,CASE-0246,Synthetic transaction record: PERSON-0026 transferred INR 75000 to PERSON-0824 linked to CASE-0246.
GT-0492,PERSON-0892,PERSON-0945,TRANSFERRED_TO,1,CASE-0648,Synthetic transaction record: PERSON-0892 transferred INR 500000 to PERSON-0945 linked to CASE-0648.
GT-0493,PERSON-0762,PERSON-0418,TRANSFERRED_TO,1,CASE-0573,Synthetic transaction record: PERSON-0762 transferred INR 25000 to PERSON-0418 linked to CASE-0573.
GT-0494,PERSON-0114,PERSON-0584,TRANSFERRED_TO,1,CASE-1016,Synthetic transaction record: PERSON-0114 transferred INR 50000 to PERSON-0584 linked to CASE-1016.
GT-0495,PERSON-0828,PERSON-0988,TRANSFERRED_TO,1,CASE-1121,Synthetic transaction record: PERSON-0828 transferred INR 25000 to PERSON-0988 linked to CASE-1121.
GT-0496,PERSON-0855,PERSON-0007,TRANSFERRED_TO,1,CASE-0971,Synthetic transaction record: PERSON-0855 transferred INR 150000 to PERSON-0007 linked to CASE-0971.
GT-0497,PERSON-0314,PERSON-0251,TRANSFERRED_TO,1,CASE-0526,Synthetic transaction record: PERSON-0314 transferred INR 150000 to PERSON-0251 linked to CASE-0526.
GT-0498,PERSON-0149,PERSON-0845,TRANSFERRED_TO,1,CASE-0111,Synthetic transaction record: PERSON-0149 transferred INR 50000 to PERSON-0845 linked to CASE-0111.
GT-0499,PERSON-0301,PERSON-0878,TRANSFERRED_TO,1,CASE-0618,Synthetic transaction record: PERSON-0301 transferred INR 50000 to PERSON-0878 linked to CASE-0618.
GT-0500,PERSON-0370,PERSON-0148,TRANSFERRED_TO,1,CASE-0377,Synthetic transaction record: PERSON-0370 transferred INR 25000 to PERSON-0148 linked to CASE-0377.
GT-0501,PERSON-0016,PERSON-0148,TRANSFERRED_TO,1,CASE-0814,Synthetic transaction record: PERSON-0016 transferred INR 75000 to PERSON-0148 linked to CASE-0814.
GT-0502,PERSON-0220,PERSON-0934,TRANSFERRED_TO,1,CASE-0371,Synthetic transaction record: PERSON-0220 transferred INR 250000 to PERSON-0934 linked to CASE-0371.
GT-0503,PERSON-0774,PERSON-0085,TRANSFERRED_TO,1,CASE-0553,Synthetic transaction record: PERSON-0774 transferred INR 50000 to PERSON-0085 linked to CASE-0553.
GT-0504,PERSON-0598,PERSON-0279,TRANSFERRED_TO,1,CASE-0035,Synthetic transaction record: PERSON-0598 transferred INR 75000 to PERSON-0279 linked to CASE-0035.
GT-0505,PERSON-0817,PERSON-0863,TRANSFERRED_TO,1,CASE-0914,Synthetic transaction record: PERSON-0817 transferred INR 150000 to PERSON-0863 linked to CASE-0914.
GT-0506,PERSON-0385,PERSON-0632,TRANSFERRED_TO,1,CASE-0370,Synthetic transaction record: PERSON-0385 transferred INR 25000 to PERSON-0632 linked to CASE-0370.
GT-0507,PERSON-0691,PERSON-0188,TRANSFERRED_TO,1,CASE-0427,Synthetic transaction record: PERSON-0691 transferred INR 150000 to PERSON-0188 linked to CASE-0427.
GT-0508,PERSON-0324,PERSON-0097,TRANSFERRED_TO,1,CASE-0724,Synthetic transaction record: PERSON-0324 transferred INR 50000 to PERSON-0097 linked to CASE-0724.
GT-0509,PERSON-0482,PERSON-0419,TRANSFERRED_TO,1,CASE-0268,Synthetic transaction record: PERSON-0482 transferred INR 25000 to PERSON-0419 linked to CASE-0268.
GT-0510,PERSON-0618,PERSON-0838,TRANSFERRED_TO,1,CASE-0954,Synthetic transaction record: PERSON-0618 transferred INR 75000 to PERSON-0838 linked to CASE-0954.
GT-0511,PERSON-0025,PERSON-0994,TRANSFERRED_TO,1,CASE-1142,Synthetic transaction record: PERSON-0025 transferred INR 500000 to PERSON-0994 linked to CASE-1142.
GT-0512,PERSON-0277,PERSON-0971,TRANSFERRED_TO,1,CASE-0275,Synthetic transaction record: PERSON-0277 transferred INR 75000 to PERSON-0971 linked to CASE-0275.
GT-0513,PERSON-0599,PERSON-0554,TRANSFERRED_TO,1,CASE-0736,Synthetic transaction record: PERSON-0599 transferred INR 75000 to PERSON-0554 linked to CASE-0736.
GT-0514,PERSON-0392,PERSON-0038,TRANSFERRED_TO,1,CASE-0230,Synthetic transaction record: PERSON-0392 transferred INR 50000 to PERSON-0038 linked to CASE-0230.
GT-0515,PERSON-0109,PERSON-0589,TRANSFERRED_TO,1,CASE-0217,Synthetic transaction record: PERSON-0109 transferred INR 500000 to PERSON-0589 linked to CASE-0217.
GT-0516,PERSON-0328,PERSON-0979,TRANSFERRED_TO,1,CASE-0227,Synthetic transaction record: PERSON-0328 transferred INR 250000 to PERSON-0979 linked to CASE-0227.
GT-0517,PERSON-0945,PERSON-0862,TRANSFERRED_TO,1,CASE-1191,Synthetic transaction record: PERSON-0945 transferred INR 25000 to PERSON-0862 linked to CASE-1191.
GT-0518,PERSON-0825,PERSON-0441,TRANSFERRED_TO,1,CASE-0350,Synthetic transaction record: PERSON-0825 transferred INR 250000 to PERSON-0441 linked to CASE-0350.
GT-0519,PERSON-0776,PERSON-0720,TRANSFERRED_TO,1,CASE-0829,Synthetic transaction record: PERSON-0776 transferred INR 75000 to PERSON-0720 linked to CASE-0829.
GT-0520,PERSON-0822,PERSON-0549,TRANSFERRED_TO,1,CASE-1243,Synthetic transaction record: PERSON-0822 transferred INR 150000 to PERSON-0549 linked to CASE-1243.
GT-0521,PERSON-0491,PERSON-0570,TRANSFERRED_TO,1,CASE-0523,Synthetic transaction record: PERSON-0491 transferred INR 150000 to PERSON-0570 linked to CASE-0523.
GT-0522,PERSON-0691,PERSON-0432,TRANSFERRED_TO,1,CASE-1053,Synthetic transaction record: PERSON-0691 transferred INR 50000 to PERSON-0432 linked to CASE-1053.
GT-0523,PERSON-0475,PERSON-0389,TRANSFERRED_TO,1,CASE-0439,Synthetic transaction record: PERSON-0475 transferred INR 25000 to PERSON-0389 linked to CASE-0439.
GT-0524,PERSON-0513,PERSON-0539,TRANSFERRED_TO,1,CASE-0020,Synthetic transaction record: PERSON-0513 transferred INR 75000 to PERSON-0539 linked to CASE-0020.
GT-0525,PERSON-0468,PERSON-0266,TRANSFERRED_TO,1,CASE-0639,Synthetic transaction record: PERSON-0468 transferred INR 25000 to PERSON-0266 linked to CASE-0639.
GT-0526,PERSON-0768,PERSON-0237,TRANSFERRED_TO,1,CASE-1047,Synthetic transaction record: PERSON-0768 transferred INR 150000 to PERSON-0237 linked to CASE-1047.
GT-0527,PERSON-1000,PERSON-0091,TRANSFERRED_TO,1,CASE-1142,Synthetic transaction record: PERSON-1000 transferred INR 250000 to PERSON-0091 linked to CASE-1142.
GT-0528,PERSON-0586,PERSON-0034,TRANSFERRED_TO,1,CASE-0225,Synthetic transaction record: PERSON-0586 transferred INR 150000 to PERSON-0034 linked to CASE-0225.
GT-0529,PERSON-0635,PERSON-0867,TRANSFERRED_TO,1,CASE-0598,Synthetic transaction record: PERSON-0635 transferred INR 250000 to PERSON-0867 linked to CASE-0598.
GT-0530,PERSON-0088,PERSON-0448,TRANSFERRED_TO,1,CASE-0268,Synthetic transaction record: PERSON-0088 transferred INR 75000 to PERSON-0448 linked to CASE-0268.
GT-0531,PERSON-0052,PERSON-0414,TRANSFERRED_TO,1,CASE-0090,Synthetic transaction record: PERSON-0052 transferred INR 250000 to PERSON-0414 linked to CASE-0090.
GT-0532,PERSON-0956,PERSON-0844,TRANSFERRED_TO,1,CASE-1084,Synthetic transaction record: PERSON-0956 transferred INR 50000 to PERSON-0844 linked to CASE-1084.
GT-0533,PERSON-0623,PERSON-0986,TRANSFERRED_TO,1,CASE-0805,Synthetic transaction record: PERSON-0623 transferred INR 500000 to PERSON-0986 linked to CASE-0805.
GT-0534,PERSON-0854,PERSON-0203,TRANSFERRED_TO,1,CASE-0262,Synthetic transaction record: PERSON-0854 transferred INR 75000 to PERSON-0203 linked to CASE-0262.
GT-0535,PERSON-0286,PERSON-0554,TRANSFERRED_TO,1,CASE-0472,Synthetic transaction record: PERSON-0286 transferred INR 75000 to PERSON-0554 linked to CASE-0472.
GT-0536,PERSON-0448,PERSON-0277,TRANSFERRED_TO,1,CASE-1045,Synthetic transaction record: PERSON-0448 transferred INR 150000 to PERSON-0277 linked to CASE-1045.
GT-0537,PERSON-0517,PERSON-0162,TRANSFERRED_TO,1,CASE-0081,Synthetic transaction record: PERSON-0517 transferred INR 25000 to PERSON-0162 linked to CASE-0081.
GT-0538,PERSON-0588,PERSON-0989,TRANSFERRED_TO,1,CASE-0459,Synthetic transaction record: PERSON-0588 transferred INR 250000 to PERSON-0989 linked to CASE-0459.
GT-0539,PERSON-0327,PERSON-0281,TRANSFERRED_TO,1,CASE-0841,Synthetic transaction record: PERSON-0327 transferred INR 150000 to PERSON-0281 linked to CASE-0841.
GT-0540,PERSON-0152,PERSON-0732,TRANSFERRED_TO,1,CASE-0384,Synthetic transaction record: PERSON-0152 transferred INR 25000 to PERSON-0732 linked to CASE-0384.
GT-0541,PERSON-0068,PERSON-0171,TRANSFERRED_TO,1,CASE-0345,Synthetic transaction record: PERSON-0068 transferred INR 50000 to PERSON-0171 linked to CASE-0345.
GT-0542,PERSON-0703,PERSON-0962,TRANSFERRED_TO,1,CASE-1007,Synthetic transaction record: PERSON-0703 transferred INR 500000 to PERSON-0962 linked to CASE-1007.
GT-0543,PERSON-0888,PERSON-0015,TRANSFERRED_TO,1,CASE-0304,Synthetic transaction record: PERSON-0888 transferred INR 75000 to PERSON-0015 linked to CASE-0304.
GT-0544,PERSON-0002,PERSON-0900,TRANSFERRED_TO,1,CASE-0674,Synthetic transaction record: PERSON-0002 transferred INR 50000 to PERSON-0900 linked to CASE-0674.
GT-0545,PERSON-0003,PERSON-0063,TRANSFERRED_TO,1,CASE-0447,Synthetic transaction record: PERSON-0003 transferred INR 25000 to PERSON-0063 linked to CASE-0447.
GT-0546,PERSON-0562,PERSON-0532,TRANSFERRED_TO,1,CASE-0038,Synthetic transaction record: PERSON-0562 transferred INR 150000 to PERSON-0532 linked to CASE-0038.
GT-0547,PERSON-0813,PERSON-0299,TRANSFERRED_TO,1,CASE-0510,Synthetic transaction record: PERSON-0813 transferred INR 500000 to PERSON-0299 linked to CASE-0510.
GT-0548,PERSON-0465,PERSON-0246,TRANSFERRED_TO,1,CASE-0826,Synthetic transaction record: PERSON-0465 transferred INR 250000 to PERSON-0246 linked to CASE-0826.
GT-0549,PERSON-0627,PERSON-0005,TRANSFERRED_TO,1,CASE-0228,Synthetic transaction record: PERSON-0627 transferred INR 25000 to PERSON-0005 linked to CASE-0228.
GT-0550,PERSON-0534,PERSON-0586,TRANSFERRED_TO,1,CASE-1058,Synthetic transaction record: PERSON-0534 transferred INR 250000 to PERSON-0586 linked to CASE-1058.
GT-0551,PERSON-0125,PERSON-0259,TRANSFERRED_TO,1,CASE-0185,Synthetic transaction record: PERSON-0125 transferred INR 25000 to PERSON-0259 linked to CASE-0185.
GT-0552,PERSON-0818,PERSON-0003,TRANSFERRED_TO,1,CASE-0832,Synthetic transaction record: PERSON-0818 transferred INR 25000 to PERSON-0003 linked to CASE-0832.
GT-0553,PERSON-0978,PERSON-0877,TRANSFERRED_TO,1,CASE-1188,Synthetic transaction record: PERSON-0978 transferred INR 25000 to PERSON-0877 linked to CASE-1188.
GT-0554,PERSON-0582,PERSON-0772,TRANSFERRED_TO,1,CASE-0788,Synthetic transaction record: PERSON-0582 transferred INR 500000 to PERSON-0772 linked to CASE-0788.
GT-0555,PERSON-0841,PERSON-0241,TRANSFERRED_TO,1,CASE-0312,Synthetic transaction record: PERSON-0841 transferred INR 50000 to PERSON-0241 linked to CASE-0312.
GT-0556,PERSON-0207,PERSON-0957,TRANSFERRED_TO,1,CASE-1013,Synthetic transaction record: PERSON-0207 transferred INR 150000 to PERSON-0957 linked to CASE-1013.
GT-0557,PERSON-0690,PERSON-0545,TRANSFERRED_TO,1,CASE-1192,Synthetic transaction record: PERSON-0690 transferred INR 250000 to PERSON-0545 linked to CASE-1192.
GT-0558,PERSON-0758,PERSON-0734,TRANSFERRED_TO,1,CASE-0942,Synthetic transaction record: PERSON-0758 transferred INR 250000 to PERSON-0734 linked to CASE-0942.
GT-0559,PERSON-0398,PERSON-0010,TRANSFERRED_TO,1,CASE-0092,Synthetic transaction record: PERSON-0398 transferred INR 250000 to PERSON-0010 linked to CASE-0092.
GT-0560,PERSON-0308,PERSON-0557,TRANSFERRED_TO,1,CASE-0690,Synthetic transaction record: PERSON-0308 transferred INR 25000 to PERSON-0557 linked to CASE-0690.
GT-0561,PERSON-0436,PERSON-0492,TRANSFERRED_TO,1,CASE-1122,Synthetic transaction record: PERSON-0436 transferred INR 75000 to PERSON-0492 linked to CASE-1122.
GT-0562,PERSON-0251,PERSON-0042,TRANSFERRED_TO,1,CASE-0796,Synthetic transaction record: PERSON-0251 transferred INR 25000 to PERSON-0042 linked to CASE-0796.
GT-0563,PERSON-0944,PERSON-0612,TRANSFERRED_TO,1,CASE-0048,Synthetic transaction record: PERSON-0944 transferred INR 250000 to PERSON-0612 linked to CASE-0048.
GT-0564,PERSON-0284,PERSON-0701,TRANSFERRED_TO,1,CASE-1055,Synthetic transaction record: PERSON-0284 transferred INR 50000 to PERSON-0701 linked to CASE-1055.
GT-0565,PERSON-0445,PERSON-0122,TRANSFERRED_TO,1,CASE-0511,Synthetic transaction record: PERSON-0445 transferred INR 25000 to PERSON-0122 linked to CASE-0511.
GT-0566,PERSON-0976,PERSON-0457,TRANSFERRED_TO,1,CASE-0501,Synthetic transaction record: PERSON-0976 transferred INR 25000 to PERSON-0457 linked to CASE-0501.
GT-0567,PERSON-0536,PERSON-0904,TRANSFERRED_TO,1,CASE-0197,Synthetic transaction record: PERSON-0536 transferred INR 25000 to PERSON-0904 linked to CASE-0197.
GT-0568,PERSON-0095,PERSON-0679,TRANSFERRED_TO,1,CASE-0652,Synthetic transaction record: PERSON-0095 transferred INR 250000 to PERSON-0679 linked to CASE-0652.
GT-0569,PERSON-0662,PERSON-0379,TRANSFERRED_TO,1,CASE-1138,Synthetic transaction record: PERSON-0662 transferred INR 500000 to PERSON-0379 linked to CASE-1138.
GT-0570,PERSON-0338,PERSON-0514,TRANSFERRED_TO,1,CASE-0531,Synthetic transaction record: PERSON-0338 transferred INR 50000 to PERSON-0514 linked to CASE-0531.
GT-0571,PERSON-0986,PERSON-0825,TRANSFERRED_TO,1,CASE-1175,Synthetic transaction record: PERSON-0986 transferred INR 75000 to PERSON-0825 linked to CASE-1175.
GT-0572,PERSON-0997,PERSON-0019,TRANSFERRED_TO,1,CASE-0308,Synthetic transaction record: PERSON-0997 transferred INR 50000 to PERSON-0019 linked to CASE-0308.
GT-0573,PERSON-0825,PERSON-0869,TRANSFERRED_TO,1,CASE-0533,Synthetic transaction record: PERSON-0825 transferred INR 500000 to PERSON-0869 linked to CASE-0533.
GT-0574,PERSON-0071,PERSON-0372,TRANSFERRED_TO,1,CASE-0025,Synthetic transaction record: PERSON-0071 transferred INR 50000 to PERSON-0372 linked to CASE-0025.
GT-0575,PERSON-0781,PERSON-0245,TRANSFERRED_TO,1,CASE-0664,Synthetic transaction record: PERSON-0781 transferred INR 75000 to PERSON-0245 linked to CASE-0664.
GT-0576,PERSON-0421,PERSON-0031,TRANSFERRED_TO,1,CASE-0846,Synthetic transaction record: PERSON-0421 transferred INR 150000 to PERSON-0031 linked to CASE-0846.
GT-0577,PERSON-0385,PERSON-0967,TRANSFERRED_TO,1,CASE-0659,Synthetic transaction record: PERSON-0385 transferred INR 250000 to PERSON-0967 linked to CASE-0659.
GT-0578,PERSON-0612,PERSON-0257,TRANSFERRED_TO,1,CASE-1244,Synthetic transaction record: PERSON-0612 transferred INR 75000 to PERSON-0257 linked to CASE-1244.
GT-0579,PERSON-0912,PERSON-0721,TRANSFERRED_TO,1,CASE-1192,Synthetic transaction record: PERSON-0912 transferred INR 75000 to PERSON-0721 linked to CASE-1192.
GT-0580,PERSON-0443,PERSON-0453,TRANSFERRED_TO,1,CASE-0829,Synthetic transaction record: PERSON-0443 transferred INR 50000 to PERSON-0453 linked to CASE-0829.
GT-0581,PERSON-0098,PERSON-0060,TRANSFERRED_TO,1,CASE-0110,Synthetic transaction record: PERSON-0098 transferred INR 250000 to PERSON-0060 linked to CASE-0110.
GT-0582,PERSON-0274,PERSON-0903,TRANSFERRED_TO,1,CASE-0283,Synthetic transaction record: PERSON-0274 transferred INR 500000 to PERSON-0903 linked to CASE-0283.
GT-0583,PERSON-0830,PERSON-0143,TRANSFERRED_TO,1,CASE-0033,Synthetic transaction record: PERSON-0830 transferred INR 500000 to PERSON-0143 linked to CASE-0033.
GT-0584,PERSON-0933,PERSON-0094,TRANSFERRED_TO,1,CASE-1105,Synthetic transaction record: PERSON-0933 transferred INR 500000 to PERSON-0094 linked to CASE-1105.
GT-0585,PERSON-0156,PERSON-0943,TRANSFERRED_TO,1,CASE-1039,Synthetic transaction record: PERSON-0156 transferred INR 50000 to PERSON-0943 linked to CASE-1039.
GT-0586,PERSON-0526,PERSON-0458,TRANSFERRED_TO,1,CASE-0456,Synthetic transaction record: PERSON-0526 transferred INR 250000 to PERSON-0458 linked to CASE-0456.
GT-0587,PERSON-0992,PERSON-0002,TRANSFERRED_TO,1,CASE-0592,Synthetic transaction record: PERSON-0992 transferred INR 50000 to PERSON-0002 linked to CASE-0592.
GT-0588,PERSON-0145,PERSON-0035,TRANSFERRED_TO,1,CASE-0801,Synthetic transaction record: PERSON-0145 transferred INR 250000 to PERSON-0035 linked to CASE-0801.
GT-0589,PERSON-0513,PERSON-0909,TRANSFERRED_TO,1,CASE-0710,Synthetic transaction record: PERSON-0513 transferred INR 25000 to PERSON-0909 linked to CASE-0710.
GT-0590,PERSON-0269,PERSON-0706,TRANSFERRED_TO,1,CASE-1018,Synthetic transaction record: PERSON-0269 transferred INR 75000 to PERSON-0706 linked to CASE-1018.
GT-0591,PERSON-0479,PERSON-0233,TRANSFERRED_TO,1,CASE-0279,Synthetic transaction record: PERSON-0479 transferred INR 75000 to PERSON-0233 linked to CASE-0279.
GT-0592,PERSON-0422,PERSON-0320,TRANSFERRED_TO,1,CASE-0395,Synthetic transaction record: PERSON-0422 transferred INR 50000 to PERSON-0320 linked to CASE-0395.
GT-0593,PERSON-0353,PERSON-0466,TRANSFERRED_TO,1,CASE-0456,Synthetic transaction record: PERSON-0353 transferred INR 25000 to PERSON-0466 linked to CASE-0456.
GT-0594,PERSON-0302,PERSON-0090,TRANSFERRED_TO,1,CASE-0018,Synthetic transaction record: PERSON-0302 transferred INR 50000 to PERSON-0090 linked to CASE-0018.
GT-0595,PERSON-0791,PERSON-0574,TRANSFERRED_TO,1,CASE-0194,Synthetic transaction record: PERSON-0791 transferred INR 50000 to PERSON-0574 linked to CASE-0194.
GT-0596,PERSON-0719,PERSON-0340,TRANSFERRED_TO,1,CASE-1130,Synthetic transaction record: PERSON-0719 transferred INR 25000 to PERSON-0340 linked to CASE-1130.
GT-0597,PERSON-0119,PERSON-0704,TRANSFERRED_TO,1,CASE-1125,Synthetic transaction record: PERSON-0119 transferred INR 150000 to PERSON-0704 linked to CASE-1125.
GT-0598,PERSON-0644,PERSON-0181,TRANSFERRED_TO,1,CASE-0143,Synthetic transaction record: PERSON-0644 transferred INR 500000 to PERSON-0181 linked to CASE-0143.
GT-0599,PERSON-0355,PERSON-0579,TRANSFERRED_TO,1,CASE-0671,Synthetic transaction record: PERSON-0355 transferred INR 25000 to PERSON-0579 linked to CASE-0671.
GT-0600,PERSON-0682,PERSON-0888,TRANSFERRED_TO,1,CASE-0588,Synthetic transaction record: PERSON-0682 transferred INR 150000 to PERSON-0888 linked to CASE-0588.
GT-0601,PERSON-0905,PERSON-0033,TRANSFERRED_TO,1,CASE-0235,Synthetic transaction record: PERSON-0905 transferred INR 25000 to PERSON-0033 linked to CASE-0235.
GT-0602,PERSON-0617,PERSON-0178,TRANSFERRED_TO,1,CASE-0952,Synthetic transaction record: PERSON-0617 transferred INR 50000 to PERSON-0178 linked to CASE-0952.
GT-0603,PERSON-0271,PERSON-0437,TRANSFERRED_TO,1,CASE-0114,Synthetic transaction record: PERSON-0271 transferred INR 150000 to PERSON-0437 linked to CASE-0114.
GT-0604,PERSON-0056,PERSON-0088,TRANSFERRED_TO,1,CASE-0049,Synthetic transaction record: PERSON-0056 transferred INR 50000 to PERSON-0088 linked to CASE-0049.
GT-0605,PERSON-0249,PERSON-0535,TRANSFERRED_TO,1,CASE-1151,Synthetic transaction record: PERSON-0249 transferred INR 50000 to PERSON-0535 linked to CASE-1151.
GT-0606,PERSON-0089,PERSON-0031,TRANSFERRED_TO,1,CASE-0939,Synthetic transaction record: PERSON-0089 transferred INR 25000 to PERSON-0031 linked to CASE-0939.
GT-0607,PERSON-0206,PERSON-0926,TRANSFERRED_TO,1,CASE-0360,Synthetic transaction record: PERSON-0206 transferred INR 50000 to PERSON-0926 linked to CASE-0360.
GT-0608,PERSON-0753,PERSON-0948,TRANSFERRED_TO,1,CASE-1163,Synthetic transaction record: PERSON-0753 transferred INR 500000 to PERSON-0948 linked to CASE-1163.
GT-0609,PERSON-0071,PERSON-0360,TRANSFERRED_TO,1,CASE-0875,Synthetic transaction record: PERSON-0071 transferred INR 25000 to PERSON-0360 linked to CASE-0875.
GT-0610,PERSON-0031,PERSON-0671,TRANSFERRED_TO,1,CASE-0257,Synthetic transaction record: PERSON-0031 transferred INR 75000 to PERSON-0671 linked to CASE-0257.
GT-0611,PERSON-0733,PERSON-0384,TRANSFERRED_TO,1,CASE-1091,Synthetic transaction record: PERSON-0733 transferred INR 25000 to PERSON-0384 linked to CASE-1091.
GT-0612,PERSON-0754,PERSON-0440,TRANSFERRED_TO,1,CASE-1020,Synthetic transaction record: PERSON-0754 transferred INR 150000 to PERSON-0440 linked to CASE-1020.
GT-0613,PERSON-0230,PERSON-0979,TRANSFERRED_TO,1,CASE-0666,Synthetic transaction record: PERSON-0230 transferred INR 500000 to PERSON-0979 linked to CASE-0666.
GT-0614,PERSON-0320,PERSON-0391,TRANSFERRED_TO,1,CASE-0530,Synthetic transaction record: PERSON-0320 transferred INR 500000 to PERSON-0391 linked to CASE-0530.
GT-0615,PERSON-0994,PERSON-0897,TRANSFERRED_TO,1,CASE-0095,Synthetic transaction record: PERSON-0994 transferred INR 75000 to PERSON-0897 linked to CASE-0095.
GT-0616,PERSON-0916,PERSON-0148,TRANSFERRED_TO,1,CASE-0364,Synthetic transaction record: PERSON-0916 transferred INR 150000 to PERSON-0148 linked to CASE-0364.
GT-0617,PERSON-0225,PERSON-0873,TRANSFERRED_TO,1,CASE-0859,Synthetic transaction record: PERSON-0225 transferred INR 500000 to PERSON-0873 linked to CASE-0859.
GT-0618,PERSON-0393,PERSON-0846,TRANSFERRED_TO,1,CASE-0615,Synthetic transaction record: PERSON-0393 transferred INR 25000 to PERSON-0846 linked to CASE-0615.
GT-0619,PERSON-0637,PERSON-0091,TRANSFERRED_TO,1,CASE-0220,Synthetic transaction record: PERSON-0637 transferred INR 75000 to PERSON-0091 linked to CASE-0220.
GT-0620,PERSON-0008,PERSON-0375,TRANSFERRED_TO,1,CASE-0485,Synthetic transaction record: PERSON-0008 transferred INR 150000 to PERSON-0375 linked to CASE-0485.
GT-0621,PERSON-0988,PERSON-0750,TRANSFERRED_TO,1,CASE-0420,Synthetic transaction record: PERSON-0988 transferred INR 75000 to PERSON-0750 linked to CASE-0420.
GT-0622,PERSON-0866,PERSON-0153,TRANSFERRED_TO,1,CASE-1008,Synthetic transaction record: PERSON-0866 transferred INR 75000 to PERSON-0153 linked to CASE-1008.
GT-0623,PERSON-0359,PERSON-0572,TRANSFERRED_TO,1,CASE-0482,Synthetic transaction record: PERSON-0359 transferred INR 150000 to PERSON-0572 linked to CASE-0482.
GT-0624,PERSON-0503,PERSON-0420,TRANSFERRED_TO,1,CASE-0171,Synthetic transaction record: PERSON-0503 transferred INR 250000 to PERSON-0420 linked to CASE-0171.
GT-0625,PERSON-0168,PERSON-0963,TRANSFERRED_TO,1,CASE-0347,Synthetic transaction record: PERSON-0168 transferred INR 75000 to PERSON-0963 linked to CASE-0347.
GT-0626,PERSON-0768,PERSON-0696,TRANSFERRED_TO,1,CASE-0208,Synthetic transaction record: PERSON-0768 transferred INR 50000 to PERSON-0696 linked to CASE-0208.
GT-0627,PERSON-0685,PERSON-0976,TRANSFERRED_TO,1,CASE-0940,Synthetic transaction record: PERSON-0685 transferred INR 50000 to PERSON-0976 linked to CASE-0940.
GT-0628,PERSON-0464,PERSON-0004,TRANSFERRED_TO,1,CASE-0808,Synthetic transaction record: PERSON-0464 transferred INR 250000 to PERSON-0004 linked to CASE-0808.
GT-0629,PERSON-0868,PERSON-0429,TRANSFERRED_TO,1,CASE-0803,Synthetic transaction record: PERSON-0868 transferred INR 500000 to PERSON-0429 linked to CASE-0803.
GT-0630,PERSON-0958,PERSON-0360,TRANSFERRED_TO,1,CASE-0794,Synthetic transaction record: PERSON-0958 transferred INR 500000 to PERSON-0360 linked to CASE-0794.
GT-0631,PERSON-0976,PERSON-0157,TRANSFERRED_TO,1,CASE-0820,Synthetic transaction record: PERSON-0976 transferred INR 50000 to PERSON-0157 linked to CASE-0820.
GT-0632,PERSON-0079,PERSON-0980,TRANSFERRED_TO,1,CASE-0566,Synthetic transaction record: PERSON-0079 transferred INR 250000 to PERSON-0980 linked to CASE-0566.
GT-0633,PERSON-0906,PERSON-0419,TRANSFERRED_TO,1,CASE-0906,Synthetic transaction record: PERSON-0906 transferred INR 250000 to PERSON-0419 linked to CASE-0906.
GT-0634,PERSON-0523,PERSON-0877,TRANSFERRED_TO,1,CASE-0906,Synthetic transaction record: PERSON-0523 transferred INR 75000 to PERSON-0877 linked to CASE-0906.
GT-0635,PERSON-0485,PERSON-0479,TRANSFERRED_TO,1,CASE-0601,Synthetic transaction record: PERSON-0485 transferred INR 25000 to PERSON-0479 linked to CASE-0601.
GT-0636,PERSON-0593,PERSON-0062,TRANSFERRED_TO,1,CASE-0327,Synthetic transaction record: PERSON-0593 transferred INR 500000 to PERSON-0062 linked to CASE-0327.
GT-0637,PERSON-0371,PERSON-0016,TRANSFERRED_TO,1,CASE-0426,Synthetic transaction record: PERSON-0371 transferred INR 25000 to PERSON-0016 linked to CASE-0426.
GT-0638,PERSON-0999,PERSON-0956,TRANSFERRED_TO,1,CASE-0846,Synthetic transaction record: PERSON-0999 transferred INR 25000 to PERSON-0956 linked to CASE-0846.
GT-0639,PERSON-0311,PERSON-0513,TRANSFERRED_TO,1,CASE-1046,Synthetic transaction record: PERSON-0311 transferred INR 250000 to PERSON-0513 linked to CASE-1046.
GT-0640,PERSON-0309,PERSON-0997,TRANSFERRED_TO,1,CASE-0990,Synthetic transaction record: PERSON-0309 transferred INR 50000 to PERSON-0997 linked to CASE-0990.
GT-0641,PERSON-0241,PERSON-0321,TRANSFERRED_TO,1,CASE-0258,Synthetic transaction record: PERSON-0241 transferred INR 75000 to PERSON-0321 linked to CASE-0258.
GT-0642,PERSON-0315,PERSON-0055,TRANSFERRED_TO,1,CASE-0430,Synthetic transaction record: PERSON-0315 transferred INR 75000 to PERSON-0055 linked to CASE-0430.
GT-0643,PERSON-0900,PERSON-0757,TRANSFERRED_TO,1,CASE-0859,Synthetic transaction record: PERSON-0900 transferred INR 150000 to PERSON-0757 linked to CASE-0859.
GT-0644,PERSON-0157,PERSON-0971,TRANSFERRED_TO,1,CASE-1122,Synthetic transaction record: PERSON-0157 transferred INR 25000 to PERSON-0971 linked to CASE-1122.
GT-0645,PERSON-0089,PERSON-0345,TRANSFERRED_TO,1,CASE-0309,Synthetic transaction record: PERSON-0089 transferred INR 500000 to PERSON-0345 linked to CASE-0309.
GT-0646,PERSON-0864,PERSON-0259,TRANSFERRED_TO,1,CASE-0887,Synthetic transaction record: PERSON-0864 transferred INR 250000 to PERSON-0259 linked to CASE-0887.
GT-0647,PERSON-0168,PERSON-0366,TRANSFERRED_TO,1,CASE-0730,Synthetic transaction record: PERSON-0168 transferred INR 75000 to PERSON-0366 linked to CASE-0730.
GT-0648,PERSON-0805,PERSON-0177,TRANSFERRED_TO,1,CASE-1178,Synthetic transaction record: PERSON-0805 transferred INR 25000 to PERSON-0177 linked to CASE-1178.
GT-0649,PERSON-0676,PERSON-0708,TRANSFERRED_TO,1,CASE-0819,Synthetic transaction record: PERSON-0676 transferred INR 75000 to PERSON-0708 linked to CASE-0819.
GT-0650,PERSON-0659,PERSON-0839,TRANSFERRED_TO,1,CASE-0580,Synthetic transaction record: PERSON-0659 transferred INR 25000 to PERSON-0839 linked to CASE-0580.
GT-0651,PERSON-0104,PERSON-0687,TRANSFERRED_TO,1,CASE-0254,Synthetic transaction record: PERSON-0104 transferred INR 500000 to PERSON-0687 linked to CASE-0254.
GT-0652,PERSON-0793,PERSON-0201,TRANSFERRED_TO,1,CASE-1010,Synthetic transaction record: PERSON-0793 transferred INR 250000 to PERSON-0201 linked to CASE-1010.
GT-0653,PERSON-0083,PERSON-0544,TRANSFERRED_TO,1,CASE-1128,Synthetic transaction record: PERSON-0083 transferred INR 50000 to PERSON-0544 linked to CASE-1128.
GT-0654,PERSON-0256,PERSON-0003,TRANSFERRED_TO,1,CASE-0950,Synthetic transaction record: PERSON-0256 transferred INR 500000 to PERSON-0003 linked to CASE-0950.
GT-0655,PERSON-0240,PERSON-0315,TRANSFERRED_TO,1,CASE-0879,Synthetic transaction record: PERSON-0240 transferred INR 50000 to PERSON-0315 linked to CASE-0879.
GT-0656,PERSON-0694,PERSON-0601,TRANSFERRED_TO,1,CASE-0691,Synthetic transaction record: PERSON-0694 transferred INR 75000 to PERSON-0601 linked to CASE-0691.
GT-0657,PERSON-0896,PERSON-0885,TRANSFERRED_TO,1,CASE-1025,Synthetic transaction record: PERSON-0896 transferred INR 250000 to PERSON-0885 linked to CASE-1025.
GT-0658,PERSON-0742,PERSON-0067,TRANSFERRED_TO,1,CASE-0367,Synthetic transaction record: PERSON-0742 transferred INR 250000 to PERSON-0067 linked to CASE-0367.
GT-0659,PERSON-0284,PERSON-0601,TRANSFERRED_TO,1,CASE-1059,Synthetic transaction record: PERSON-0284 transferred INR 150000 to PERSON-0601 linked to CASE-1059.
GT-0660,PERSON-0024,PERSON-0415,TRANSFERRED_TO,1,CASE-1100,Synthetic transaction record: PERSON-0024 transferred INR 150000 to PERSON-0415 linked to CASE-1100.
GT-0661,PERSON-0887,PERSON-0793,TRANSFERRED_TO,1,CASE-0532,Synthetic transaction record: PERSON-0887 transferred INR 25000 to PERSON-0793 linked to CASE-0532.
GT-0662,PERSON-0868,PERSON-0101,TRANSFERRED_TO,1,CASE-0712,Synthetic transaction record: PERSON-0868 transferred INR 25000 to PERSON-0101 linked to CASE-0712.
GT-0663,PERSON-0187,PERSON-0094,TRANSFERRED_TO,1,CASE-0090,Synthetic transaction record: PERSON-0187 transferred INR 50000 to PERSON-0094 linked to CASE-0090.
GT-0664,PERSON-0319,PERSON-0201,TRANSFERRED_TO,1,CASE-0760,Synthetic transaction record: PERSON-0319 transferred INR 500000 to PERSON-0201 linked to CASE-0760.
GT-0665,PERSON-0085,PERSON-0822,TRANSFERRED_TO,1,CASE-0572,Synthetic transaction record: PERSON-0085 transferred INR 500000 to PERSON-0822 linked to CASE-0572.
GT-0666,PERSON-0254,PERSON-0884,TRANSFERRED_TO,1,CASE-0382,Synthetic transaction record: PERSON-0254 transferred INR 25000 to PERSON-0884 linked to CASE-0382.
GT-0667,PERSON-0726,PERSON-0412,TRANSFERRED_TO,1,CASE-0243,Synthetic transaction record: PERSON-0726 transferred INR 25000 to PERSON-0412 linked to CASE-0243.
GT-0668,PERSON-0626,PERSON-0762,TRANSFERRED_TO,1,CASE-0637,Synthetic transaction record: PERSON-0626 transferred INR 250000 to PERSON-0762 linked to CASE-0637.
GT-0669,PERSON-0005,PERSON-0844,TRANSFERRED_TO,1,CASE-0869,Synthetic transaction record: PERSON-0005 transferred INR 50000 to PERSON-0844 linked to CASE-0869.
GT-0670,PERSON-0146,PERSON-0103,TRANSFERRED_TO,1,CASE-1018,Synthetic transaction record: PERSON-0146 transferred INR 500000 to PERSON-0103 linked to CASE-1018.
GT-0671,PERSON-0395,PERSON-0055,TRANSFERRED_TO,1,CASE-1035,Synthetic transaction record: PERSON-0395 transferred INR 25000 to PERSON-0055 linked to CASE-1035.
GT-0672,PERSON-0168,PERSON-0064,TRANSFERRED_TO,1,CASE-0415,Synthetic transaction record: PERSON-0168 transferred INR 500000 to PERSON-0064 linked to CASE-0415.
GT-0673,PERSON-0108,PERSON-0609,TRANSFERRED_TO,1,CASE-0413,Synthetic transaction record: PERSON-0108 transferred INR 150000 to PERSON-0609 linked to CASE-0413.
GT-0674,PERSON-0848,PERSON-0607,TRANSFERRED_TO,1,CASE-1128,Synthetic transaction record: PERSON-0848 transferred INR 250000 to PERSON-0607 linked to CASE-1128.
GT-0675,PERSON-0935,PERSON-0981,TRANSFERRED_TO,1,CASE-1238,Synthetic transaction record: PERSON-0935 transferred INR 25000 to PERSON-0981 linked to CASE-1238.
GT-0676,PERSON-0092,PERSON-0827,TRANSFERRED_TO,1,CASE-0165,Synthetic transaction record: PERSON-0092 transferred INR 75000 to PERSON-0827 linked to CASE-0165.
GT-0677,PERSON-0961,PERSON-0014,TRANSFERRED_TO,1,CASE-0067,Synthetic transaction record: PERSON-0961 transferred INR 50000 to PERSON-0014 linked to CASE-0067.
GT-0678,PERSON-0942,PERSON-0960,TRANSFERRED_TO,1,CASE-0610,Synthetic transaction record: PERSON-0942 transferred INR 150000 to PERSON-0960 linked to CASE-0610.
GT-0679,PERSON-0247,PERSON-0110,TRANSFERRED_TO,1,CASE-0240,Synthetic transaction record: PERSON-0247 transferred INR 500000 to PERSON-0110 linked to CASE-0240.
GT-0680,PERSON-0766,PERSON-0102,TRANSFERRED_TO,1,CASE-1017,Synthetic transaction record: PERSON-0766 transferred INR 250000 to PERSON-0102 linked to CASE-1017.
GT-0681,PERSON-0781,PERSON-0668,TRANSFERRED_TO,1,CASE-0956,Synthetic transaction record: PERSON-0781 transferred INR 250000 to PERSON-0668 linked to CASE-0956.
GT-0682,PERSON-0047,PERSON-0800,TRANSFERRED_TO,1,CASE-0850,Synthetic transaction record: PERSON-0047 transferred INR 500000 to PERSON-0800 linked to CASE-0850.
GT-0683,PERSON-0906,PERSON-0646,TRANSFERRED_TO,1,CASE-0215,Synthetic transaction record: PERSON-0906 transferred INR 150000 to PERSON-0646 linked to CASE-0215.
GT-0684,PERSON-0779,PERSON-0963,TRANSFERRED_TO,1,CASE-0319,Synthetic transaction record: PERSON-0779 transferred INR 75000 to PERSON-0963 linked to CASE-0319.
GT-0685,PERSON-0740,PERSON-0520,TRANSFERRED_TO,1,CASE-0105,Synthetic transaction record: PERSON-0740 transferred INR 75000 to PERSON-0520 linked to CASE-0105.
GT-0686,PERSON-0596,PERSON-0664,TRANSFERRED_TO,1,CASE-0202,Synthetic transaction record: PERSON-0596 transferred INR 75000 to PERSON-0664 linked to CASE-0202.
GT-0687,PERSON-0842,PERSON-0537,TRANSFERRED_TO,1,CASE-0956,Synthetic transaction record: PERSON-0842 transferred INR 75000 to PERSON-0537 linked to CASE-0956.
GT-0688,PERSON-0944,PERSON-0010,TRANSFERRED_TO,1,CASE-0747,Synthetic transaction record: PERSON-0944 transferred INR 500000 to PERSON-0010 linked to CASE-0747.
GT-0689,PERSON-0079,PERSON-0211,TRANSFERRED_TO,1,CASE-0247,Synthetic transaction record: PERSON-0079 transferred INR 150000 to PERSON-0211 linked to CASE-0247.
GT-0690,PERSON-0229,PERSON-0346,TRANSFERRED_TO,1,CASE-0698,Synthetic transaction record: PERSON-0229 transferred INR 250000 to PERSON-0346 linked to CASE-0698.
GT-0691,PERSON-0724,PERSON-0123,TRANSFERRED_TO,1,CASE-0340,Synthetic transaction record: PERSON-0724 transferred INR 25000 to PERSON-0123 linked to CASE-0340.
GT-0692,PERSON-0945,PERSON-0171,TRANSFERRED_TO,1,CASE-0968,Synthetic transaction record: PERSON-0945 transferred INR 250000 to PERSON-0171 linked to CASE-0968.
GT-0693,PERSON-0693,PERSON-0889,TRANSFERRED_TO,1,CASE-1083,Synthetic transaction record: PERSON-0693 transferred INR 150000 to PERSON-0889 linked to CASE-1083.
GT-0694,PERSON-0763,PERSON-0004,TRANSFERRED_TO,1,CASE-1071,Synthetic transaction record: PERSON-0763 transferred INR 150000 to PERSON-0004 linked to CASE-1071.
GT-0695,PERSON-0799,PERSON-0480,TRANSFERRED_TO,1,CASE-0282,Synthetic transaction record: PERSON-0799 transferred INR 250000 to PERSON-0480 linked to CASE-0282.
GT-0696,PERSON-0733,PERSON-0233,TRANSFERRED_TO,1,CASE-0116,Synthetic transaction record: PERSON-0733 transferred INR 150000 to PERSON-0233 linked to CASE-0116.
GT-0697,PERSON-0969,PERSON-0426,TRANSFERRED_TO,1,CASE-0230,Synthetic transaction record: PERSON-0969 transferred INR 25000 to PERSON-0426 linked to CASE-0230.
GT-0698,PERSON-0029,PERSON-0566,TRANSFERRED_TO,1,CASE-0874,Synthetic transaction record: PERSON-0029 transferred INR 500000 to PERSON-0566 linked to CASE-0874.
GT-0699,PERSON-0197,PERSON-0699,TRANSFERRED_TO,0,CASE-0843,Synthetic negative control: PERSON-0197 and PERSON-0699 registered in Varanasi without verified investigative tie.
GT-0700,PERSON-0462,PERSON-0060,TRANSFERRED_TO,0,CASE-1025,Synthetic negative control: PERSON-0462 and PERSON-0060 registered in Pune without verified investigative tie.
GT-0701,PERSON-0610,PERSON-0903,TRANSFERRED_TO,0,CASE-1024,Synthetic negative control: PERSON-0610 and PERSON-0903 registered in Delhi without verified investigative tie.
GT-0702,PERSON-0728,PERSON-0348,TRANSFERRED_TO,0,CASE-0522,Synthetic negative control: PERSON-0728 and PERSON-0348 registered in Bilaspur without verified investigative tie.
GT-0703,PERSON-0163,PERSON-0447,CONTACTED,0,CASE-1202,Synthetic negative control: PERSON-0163 and PERSON-0447 registered in Mumbai without verified investigative tie.
GT-0704,PERSON-0722,PERSON-0884,CONTACTED,0,CASE-0495,Synthetic negative control: PERSON-0722 and PERSON-0884 registered in Pune without verified investigative tie.
GT-0705,PERSON-0852,PERSON-0801,TRANSFERRED_TO,0,CASE-0302,Synthetic negative control: PERSON-0852 and PERSON-0801 registered in Mumbai without verified investigative tie.
GT-0706,PERSON-0866,PERSON-0186,TRANSFERRED_TO,0,CASE-0431,Synthetic negative control: PERSON-0866 and PERSON-0186 registered in Howrah without verified investigative tie.
GT-0707,PERSON-0881,PERSON-0413,CONTACTED,0,CASE-0933,Synthetic negative control: PERSON-0881 and PERSON-0413 registered in Bilaspur without verified investigative tie.
GT-0708,PERSON-0747,PERSON-0212,CONTACTED,0,CASE-0123,Synthetic negative control: PERSON-0747 and PERSON-0212 registered in Chennai without verified investigative tie.
GT-0709,PERSON-0724,PERSON-0181,CONTACTED,0,CASE-0302,Synthetic negative control: PERSON-0724 and PERSON-0181 registered in Mumbai without verified investigative tie.
GT-0710,PERSON-0494,PERSON-0106,CONTACTED,0,CASE-0154,Synthetic negative control: PERSON-0494 and PERSON-0106 registered in Mumbai without verified investigative tie.
GT-0711,PERSON-0856,PERSON-0476,TRANSFERRED_TO,0,CASE-1004,Synthetic negative control: PERSON-0856 and PERSON-0476 registered in Kolkata without verified investigative tie.
GT-0712,PERSON-0437,PERSON-0622,CONTACTED,0,CASE-1008,Synthetic negative control: PERSON-0437 and PERSON-0622 registered in Siliguri without verified investigative tie.
GT-0713,PERSON-0110,PERSON-0434,CONTACTED,0,CASE-0118,Synthetic negative control: PERSON-0110 and PERSON-0434 registered in Chennai without verified investigative tie.
GT-0714,PERSON-0799,PERSON-0302,CONTACTED,0,CASE-1113,Synthetic negative control: PERSON-0799 and PERSON-0302 registered in Surat without verified investigative tie.
GT-0715,PERSON-0381,PERSON-0117,TRANSFERRED_TO,0,CASE-0550,Synthetic negative control: PERSON-0381 and PERSON-0117 registered in Delhi without verified investigative tie.
GT-0716,PERSON-0858,PERSON-0566,TRANSFERRED_TO,0,CASE-1182,Synthetic negative control: PERSON-0858 and PERSON-0566 registered in Surat without verified investigative tie.
GT-0717,PERSON-0567,PERSON-0239,CONTACTED,0,CASE-0768,Synthetic negative control: PERSON-0567 and PERSON-0239 registered in Mumbai without verified investigative tie.
GT-0718,PERSON-0180,PERSON-0963,CONTACTED,0,CASE-0871,Synthetic negative control: PERSON-0180 and PERSON-0963 registered in Ahmedabad without verified investigative tie.
GT-0719,PERSON-0979,PERSON-0593,CONTACTED,0,CASE-0425,Synthetic negative control: PERSON-0979 and PERSON-0593 registered in Varanasi without verified investigative tie.
GT-0720,PERSON-0599,PERSON-0878,CONTACTED,0,CASE-0384,Synthetic negative control: PERSON-0599 and PERSON-0878 registered in Delhi without verified investigative tie.
GT-0721,PERSON-0031,PERSON-0921,CONTACTED,0,CASE-0847,Synthetic negative control: PERSON-0031 and PERSON-0921 registered in Delhi without verified investigative tie.
GT-0722,PERSON-0985,PERSON-0583,CONTACTED,0,CASE-0196,Synthetic negative control: PERSON-0985 and PERSON-0583 registered in Ahmedabad without verified investigative tie.
GT-0723,PERSON-0912,PERSON-0273,CONTACTED,0,CASE-0815,Synthetic negative control: PERSON-0912 and PERSON-0273 registered in Mumbai without verified investigative tie.
GT-0724,PERSON-0276,PERSON-0508,CONTACTED,0,CASE-0125,Synthetic negative control: PERSON-0276 and PERSON-0508 registered in Delhi without verified investigative tie.
GT-0725,PERSON-0433,PERSON-0560,CONTACTED,0,CASE-0147,Synthetic negative control: PERSON-0433 and PERSON-0560 registered in Kolkata without verified investigative tie.
GT-0726,PERSON-0462,PERSON-0476,CONTACTED,0,CASE-0443,Synthetic negative control: PERSON-0462 and PERSON-0476 registered in Pune without verified investigative tie.
GT-0727,PERSON-0826,PERSON-0083,TRANSFERRED_TO,0,CASE-0398,Synthetic negative control: PERSON-0826 and PERSON-0083 registered in Kolkata without verified investigative tie.
GT-0728,PERSON-0457,PERSON-0909,CONTACTED,0,CASE-0702,Synthetic negative control: PERSON-0457 and PERSON-0909 registered in Ahmedabad without verified investigative tie.
GT-0729,PERSON-0702,PERSON-0012,CONTACTED,0,CASE-0597,Synthetic negative control: PERSON-0702 and PERSON-0012 registered in Delhi without verified investigative tie.
GT-0730,PERSON-0598,PERSON-0204,CONTACTED,0,CASE-0379,Synthetic negative control: PERSON-0598 and PERSON-0204 registered in Bilaspur without verified investigative tie.
GT-0731,PERSON-0424,PERSON-0856,TRANSFERRED_TO,0,CASE-0376,Synthetic negative control: PERSON-0424 and PERSON-0856 registered in Howrah without verified investigative tie.
GT-0732,PERSON-0260,PERSON-0939,TRANSFERRED_TO,0,CASE-0772,Synthetic negative control: PERSON-0260 and PERSON-0939 registered in Varanasi without verified investigative tie.
GT-0733,PERSON-0592,PERSON-0230,CONTACTED,0,CASE-0903,Synthetic negative control: PERSON-0592 and PERSON-0230 registered in Lucknow without verified investigative tie.
GT-0734,PERSON-0164,PERSON-0577,TRANSFERRED_TO,0,CASE-0909,Synthetic negative control: PERSON-0164 and PERSON-0577 registered in Varanasi without verified investigative tie.
GT-0735,PERSON-0444,PERSON-0248,CONTACTED,0,CASE-1106,Synthetic negative control: PERSON-0444 and PERSON-0248 registered in Surat without verified investigative tie.
GT-0736,PERSON-0228,PERSON-0981,CONTACTED,0,CASE-0815,Synthetic negative control: PERSON-0228 and PERSON-0981 registered in Chennai without verified investigative tie.
GT-0737,PERSON-0775,PERSON-0952,TRANSFERRED_TO,0,CASE-0533,Synthetic negative control: PERSON-0775 and PERSON-0952 registered in Siliguri without verified investigative tie.
GT-0738,PERSON-0063,PERSON-0161,TRANSFERRED_TO,0,CASE-1127,Synthetic negative control: PERSON-0063 and PERSON-0161 registered in Pune without verified investigative tie.
GT-0739,PERSON-0333,PERSON-0112,CONTACTED,0,CASE-1239,Synthetic negative control: PERSON-0333 and PERSON-0112 registered in Delhi without verified investigative tie.
GT-0740,PERSON-0231,PERSON-0131,TRANSFERRED_TO,0,CASE-0324,Synthetic negative control: PERSON-0231 and PERSON-0131 registered in Howrah without verified investigative tie.
GT-0741,PERSON-0777,PERSON-0506,CONTACTED,0,CASE-1108,Synthetic negative control: PERSON-0777 and PERSON-0506 registered in Mumbai without verified investigative tie.
GT-0742,PERSON-0882,PERSON-0090,CONTACTED,0,CASE-1173,Synthetic negative control: PERSON-0882 and PERSON-0090 registered in Bilaspur without verified investigative tie.
GT-0743,PERSON-0121,PERSON-0842,TRANSFERRED_TO,0,CASE-0456,Synthetic negative control: PERSON-0121 and PERSON-0842 registered in Mumbai without verified investigative tie.
GT-0744,PERSON-0357,PERSON-0668,CONTACTED,0,CASE-0612,Synthetic negative control: PERSON-0357 and PERSON-0668 registered in Delhi without verified investigative tie.
GT-0745,PERSON-0999,PERSON-0791,TRANSFERRED_TO,0,CASE-0122,Synthetic negative control: PERSON-0999 and PERSON-0791 registered in Nagpur without verified investigative tie.
GT-0746,PERSON-0129,PERSON-0851,TRANSFERRED_TO,0,CASE-0860,Synthetic negative control: PERSON-0129 and PERSON-0851 registered in Delhi without verified investigative tie.
GT-0747,PERSON-0464,PERSON-0405,TRANSFERRED_TO,0,CASE-0352,Synthetic negative control: PERSON-0464 and PERSON-0405 registered in Raipur without verified investigative tie.
GT-0748,PERSON-0465,PERSON-0884,CONTACTED,0,CASE-1133,Synthetic negative control: PERSON-0465 and PERSON-0884 registered in Pune without verified investigative tie.
GT-0749,PERSON-0660,PERSON-0312,TRANSFERRED_TO,0,CASE-0421,Synthetic negative control: PERSON-0660 and PERSON-0312 registered in Durg without verified investigative tie.
GT-0750,PERSON-0603,PERSON-0501,TRANSFERRED_TO,0,CASE-1201,Synthetic negative control: PERSON-0603 and PERSON-0501 registered in Kolkata without verified investigative tie.
GT-0751,PERSON-0383,PERSON-0024,TRANSFERRED_TO,0,CASE-0002,Synthetic negative control: PERSON-0383 and PERSON-0024 registered in Delhi without verified investigative tie.
GT-0752,PERSON-0518,PERSON-0880,TRANSFERRED_TO,0,CASE-0618,Synthetic negative control: PERSON-0518 and PERSON-0880 registered in Kolkata without verified investigative tie.
GT-0753,PERSON-0836,PERSON-0003,TRANSFERRED_TO,0,CASE-1015,Synthetic negative control: PERSON-0836 and PERSON-0003 registered in Ahmedabad without verified investigative tie.
GT-0754,PERSON-0373,PERSON-0772,TRANSFERRED_TO,0,CASE-0045,Synthetic negative control: PERSON-0373 and PERSON-0772 registered in Varanasi without verified investigative tie.
GT-0755,PERSON-0174,PERSON-0046,CONTACTED,0,CASE-0212,Synthetic negative control: PERSON-0174 and PERSON-0046 registered in Delhi without verified investigative tie.
GT-0756,PERSON-0579,PERSON-0983,CONTACTED,0,CASE-1219,Synthetic negative control: PERSON-0579 and PERSON-0983 registered in Varanasi without verified investigative tie.
GT-0757,PERSON-0048,PERSON-0170,CONTACTED,0,CASE-0160,Synthetic negative control: PERSON-0048 and PERSON-0170 registered in Kolkata without verified investigative tie.
GT-0758,PERSON-0926,PERSON-0381,TRANSFERRED_TO,0,CASE-0488,Synthetic negative control: PERSON-0926 and PERSON-0381 registered in Delhi without verified investigative tie.
GT-0759,PERSON-0635,PERSON-0034,TRANSFERRED_TO,0,CASE-0531,Synthetic negative control: PERSON-0635 and PERSON-0034 registered in Kolkata without verified investigative tie.
GT-0760,PERSON-0556,PERSON-0587,CONTACTED,0,CASE-1198,Synthetic negative control: PERSON-0556 and PERSON-0587 registered in Chennai without verified investigative tie.
GT-0761,PERSON-0231,PERSON-0178,CONTACTED,0,CASE-0714,Synthetic negative control: PERSON-0231 and PERSON-0178 registered in Howrah without verified investigative tie.
GT-0762,PERSON-0981,PERSON-0198,CONTACTED,0,CASE-0423,Synthetic negative control: PERSON-0981 and PERSON-0198 registered in Varanasi without verified investigative tie.
GT-0763,PERSON-0178,PERSON-0007,CONTACTED,0,CASE-0502,Synthetic negative control: PERSON-0178 and PERSON-0007 registered in Surat without verified investigative tie.
GT-0764,PERSON-0367,PERSON-0069,CONTACTED,0,CASE-0316,Synthetic negative control: PERSON-0367 and PERSON-0069 registered in Kolkata without verified investigative tie.
GT-0765,PERSON-0830,PERSON-0384,TRANSFERRED_TO,0,CASE-0705,Synthetic negative control: PERSON-0830 and PERSON-0384 registered in Varanasi without verified investigative tie.
GT-0766,PERSON-0874,PERSON-0997,CONTACTED,0,CASE-0233,Synthetic negative control: PERSON-0874 and PERSON-0997 registered in Howrah without verified investigative tie.
GT-0767,PERSON-0634,PERSON-0906,CONTACTED,0,CASE-0692,Synthetic negative control: PERSON-0634 and PERSON-0906 registered in Kolkata without verified investigative tie.
GT-0768,PERSON-0291,PERSON-0337,CONTACTED,0,CASE-0463,Synthetic negative control: PERSON-0291 and PERSON-0337 registered in Varanasi without verified investigative tie.
GT-0769,PERSON-0876,PERSON-0415,TRANSFERRED_TO,0,CASE-0427,Synthetic negative control: PERSON-0876 and PERSON-0415 registered in Kolkata without verified investigative tie.
GT-0770,PERSON-0639,PERSON-0199,CONTACTED,0,CASE-0395,Synthetic negative control: PERSON-0639 and PERSON-0199 registered in Kolkata without verified investigative tie.
GT-0771,PERSON-0897,PERSON-0167,TRANSFERRED_TO,0,CASE-0505,Synthetic negative control: PERSON-0897 and PERSON-0167 registered in Delhi without verified investigative tie.
GT-0772,PERSON-0404,PERSON-0942,CONTACTED,0,CASE-1213,Synthetic negative control: PERSON-0404 and PERSON-0942 registered in Howrah without verified investigative tie.
GT-0773,PERSON-0437,PERSON-0136,CONTACTED,0,CASE-1101,Synthetic negative control: PERSON-0437 and PERSON-0136 registered in Siliguri without verified investigative tie.
GT-0774,PERSON-0028,PERSON-0356,CONTACTED,0,CASE-0251,Synthetic negative control: PERSON-0028 and PERSON-0356 registered in Howrah without verified investigative tie.
GT-0775,PERSON-0130,PERSON-0852,TRANSFERRED_TO,0,CASE-0554,Synthetic negative control: PERSON-0130 and PERSON-0852 registered in Delhi without verified investigative tie.
GT-0776,PERSON-0093,PERSON-0166,CONTACTED,0,CASE-0910,Synthetic negative control: PERSON-0093 and PERSON-0166 registered in Raipur without verified investigative tie.
GT-0777,PERSON-0799,PERSON-0342,TRANSFERRED_TO,0,CASE-0642,Synthetic negative control: PERSON-0799 and PERSON-0342 registered in Surat without verified investigative tie.
GT-0778,PERSON-0930,PERSON-0896,CONTACTED,0,CASE-0116,Synthetic negative control: PERSON-0930 and PERSON-0896 registered in Surat without verified investigative tie.
GT-0779,PERSON-0121,PERSON-0147,CONTACTED,0,CASE-1017,Synthetic negative control: PERSON-0121 and PERSON-0147 registered in Mumbai without verified investigative tie.
GT-0780,PERSON-0412,PERSON-0203,CONTACTED,0,CASE-0986,Synthetic negative control: PERSON-0412 and PERSON-0203 registered in Surat without verified investigative tie.
GT-0781,PERSON-0471,PERSON-0317,TRANSFERRED_TO,0,CASE-0570,Synthetic negative control: PERSON-0471 and PERSON-0317 registered in Lucknow without verified investigative tie.
GT-0782,PERSON-0164,PERSON-0068,CONTACTED,0,CASE-0787,Synthetic negative control: PERSON-0164 and PERSON-0068 registered in Varanasi without verified investigative tie.
GT-0783,PERSON-0187,PERSON-0610,TRANSFERRED_TO,0,CASE-0191,Synthetic negative control: PERSON-0187 and PERSON-0610 registered in Howrah without verified investigative tie.
GT-0784,PERSON-0580,PERSON-0209,TRANSFERRED_TO,0,CASE-0701,Synthetic negative control: PERSON-0580 and PERSON-0209 registered in Nagpur without verified investigative tie.
GT-0785,PERSON-0638,PERSON-0816,CONTACTED,0,CASE-1201,Synthetic negative control: PERSON-0638 and PERSON-0816 registered in Pune without verified investigative tie.
GT-0786,PERSON-0136,PERSON-0186,TRANSFERRED_TO,0,CASE-0915,Synthetic negative control: PERSON-0136 and PERSON-0186 registered in Delhi without verified investigative tie.
GT-0787,PERSON-0078,PERSON-0720,CONTACTED,0,CASE-0205,Synthetic negative control: PERSON-0078 and PERSON-0720 registered in Delhi without verified investigative tie.
GT-0788,PERSON-0494,PERSON-0382,CONTACTED,0,CASE-0821,Synthetic negative control: PERSON-0494 and PERSON-0382 registered in Mumbai without verified investigative tie.
GT-0789,PERSON-0132,PERSON-0967,TRANSFERRED_TO,0,CASE-0562,Synthetic negative control: PERSON-0132 and PERSON-0967 registered in Kolkata without verified investigative tie.
GT-0790,PERSON-0485,PERSON-0327,CONTACTED,0,CASE-1042,Synthetic negative control: PERSON-0485 and PERSON-0327 registered in Ahmedabad without verified investigative tie.
GT-0791,PERSON-0645,PERSON-0940,TRANSFERRED_TO,0,CASE-0516,Synthetic negative control: PERSON-0645 and PERSON-0940 registered in Chennai without verified investigative tie.
GT-0792,PERSON-0393,PERSON-0106,CONTACTED,0,CASE-0053,Synthetic negative control: PERSON-0393 and PERSON-0106 registered in Mumbai without verified investigative tie.
GT-0793,PERSON-0912,PERSON-0636,TRANSFERRED_TO,0,CASE-0247,Synthetic negative control: PERSON-0912 and PERSON-0636 registered in Mumbai without verified investigative tie.
GT-0794,PERSON-0460,PERSON-0829,CONTACTED,0,CASE-0055,Synthetic negative control: PERSON-0460 and PERSON-0829 registered in Delhi without verified investigative tie.
GT-0795,PERSON-0005,PERSON-0585,CONTACTED,0,CASE-1092,Synthetic negative control: PERSON-0005 and PERSON-0585 registered in Delhi without verified investigative tie.
GT-0796,PERSON-0925,PERSON-0276,TRANSFERRED_TO,0,CASE-0282,Synthetic negative control: PERSON-0925 and PERSON-0276 registered in Kolkata without verified investigative tie.
GT-0797,PERSON-0277,PERSON-0063,CONTACTED,0,CASE-0341,Synthetic negative control: PERSON-0277 and PERSON-0063 registered in Kolkata without verified investigative tie.
GT-0798,PERSON-0723,PERSON-0109,CONTACTED,0,CASE-0725,Synthetic negative control: PERSON-0723 and PERSON-0109 registered in Ahmedabad without verified investigative tie.
GT-0799,PERSON-0708,PERSON-0236,TRANSFERRED_TO,0,CASE-0727,Synthetic negative control: PERSON-0708 and PERSON-0236 registered in Nagpur without verified investigative tie.
GT-0800,PERSON-0011,PERSON-0326,CONTACTED,0,CASE-0555,Synthetic negative control: PERSON-0011 and PERSON-0326 registered in Bilaspur without verified investigative tie.
GT-0801,PERSON-0215,PERSON-0738,CONTACTED,0,CASE-0206,Synthetic negative control: PERSON-0215 and PERSON-0738 registered in Howrah without verified investigative tie.
GT-0802,PERSON-0596,PERSON-0656,CONTACTED,0,CASE-0614,Synthetic negative control: PERSON-0596 and PERSON-0656 registered in Nagpur without verified investigative tie.
GT-0803,PERSON-0244,PERSON-0683,CONTACTED,0,CASE-1060,Synthetic negative control: PERSON-0244 and PERSON-0683 registered in Durg without verified investigative tie.
GT-0804,PERSON-0872,PERSON-0453,TRANSFERRED_TO,0,CASE-1211,Synthetic negative control: PERSON-0872 and PERSON-0453 registered in Delhi without verified investigative tie.
GT-0805,PERSON-0473,PERSON-0654,CONTACTED,0,CASE-0535,Synthetic negative control: PERSON-0473 and PERSON-0654 registered in Delhi without verified investigative tie.
GT-0806,PERSON-0478,PERSON-0620,CONTACTED,0,CASE-0767,Synthetic negative control: PERSON-0478 and PERSON-0620 registered in Mumbai without verified investigative tie.
GT-0807,PERSON-0710,PERSON-0760,TRANSFERRED_TO,0,CASE-0269,Synthetic negative control: PERSON-0710 and PERSON-0760 registered in Lucknow without verified investigative tie.
GT-0808,PERSON-0158,PERSON-0995,CONTACTED,0,CASE-1028,Synthetic negative control: PERSON-0158 and PERSON-0995 registered in Durg without verified investigative tie.
GT-0809,PERSON-0559,PERSON-0242,TRANSFERRED_TO,0,CASE-0659,Synthetic negative control: PERSON-0559 and PERSON-0242 registered in Ahmedabad without verified investigative tie.
GT-0810,PERSON-0718,PERSON-0955,CONTACTED,0,CASE-1210,Synthetic negative control: PERSON-0718 and PERSON-0955 registered in Delhi without verified investigative tie.
GT-0811,PERSON-0185,PERSON-0754,CONTACTED,0,CASE-0620,Synthetic negative control: PERSON-0185 and PERSON-0754 registered in Chennai without verified investigative tie.
GT-0812,PERSON-0791,PERSON-0556,TRANSFERRED_TO,0,CASE-1009,Synthetic negative control: PERSON-0791 and PERSON-0556 registered in Chennai without verified investigative tie.
GT-0813,PERSON-0043,PERSON-0442,TRANSFERRED_TO,0,CASE-0783,Synthetic negative control: PERSON-0043 and PERSON-0442 registered in Nagpur without verified investigative tie.
GT-0814,PERSON-0850,PERSON-0589,CONTACTED,0,CASE-0428,Synthetic negative control: PERSON-0850 and PERSON-0589 registered in Kolkata without verified investigative tie.
GT-0815,PERSON-0902,PERSON-0241,CONTACTED,0,CASE-1207,Synthetic negative control: PERSON-0902 and PERSON-0241 registered in Raipur without verified investigative tie.
GT-0816,PERSON-0604,PERSON-0572,TRANSFERRED_TO,0,CASE-0726,Synthetic negative control: PERSON-0604 and PERSON-0572 registered in Kolkata without verified investigative tie.
GT-0817,PERSON-0098,PERSON-0367,CONTACTED,0,CASE-0340,Synthetic negative control: PERSON-0098 and PERSON-0367 registered in Delhi without verified investigative tie.
GT-0818,PERSON-0349,PERSON-0479,TRANSFERRED_TO,0,CASE-0888,Synthetic negative control: PERSON-0349 and PERSON-0479 registered in Lucknow without verified investigative tie.
GT-0819,PERSON-0282,PERSON-0059,TRANSFERRED_TO,0,CASE-1032,Synthetic negative control: PERSON-0282 and PERSON-0059 registered in Raipur without verified investigative tie.
GT-0820,PERSON-0805,PERSON-0804,TRANSFERRED_TO,0,CASE-1080,Synthetic negative control: PERSON-0805 and PERSON-0804 registered in Howrah without verified investigative tie.
GT-0821,PERSON-0544,PERSON-0197,CONTACTED,0,CASE-0657,Synthetic negative control: PERSON-0544 and PERSON-0197 registered in Chennai without verified investigative tie.
GT-0822,PERSON-0717,PERSON-0448,TRANSFERRED_TO,0,CASE-0277,Synthetic negative control: PERSON-0717 and PERSON-0448 registered in Howrah without verified investigative tie.
GT-0823,PERSON-0415,PERSON-0808,CONTACTED,0,CASE-0037,Synthetic negative control: PERSON-0415 and PERSON-0808 registered in Siliguri without verified investigative tie.
GT-0824,PERSON-0758,PERSON-0521,TRANSFERRED_TO,0,CASE-0815,Synthetic negative control: PERSON-0758 and PERSON-0521 registered in Delhi without verified investigative tie.
GT-0825,PERSON-0494,PERSON-0129,CONTACTED,0,CASE-0743,Synthetic negative control: PERSON-0494 and PERSON-0129 registered in Mumbai without verified investigative tie.
GT-0826,PERSON-0313,PERSON-0947,CONTACTED,0,CASE-0654,Synthetic negative control: PERSON-0313 and PERSON-0947 registered in Kolkata without verified investigative tie.
GT-0827,PERSON-0755,PERSON-0383,CONTACTED,0,CASE-1200,Synthetic negative control: PERSON-0755 and PERSON-0383 registered in Siliguri without verified investigative tie.
GT-0828,PERSON-0402,PERSON-0173,CONTACTED,0,CASE-0354,Synthetic negative control: PERSON-0402 and PERSON-0173 registered in Delhi without verified investigative tie.
GT-0829,PERSON-0188,PERSON-0891,TRANSFERRED_TO,0,CASE-0018,Synthetic negative control: PERSON-0188 and PERSON-0891 registered in Surat without verified investigative tie.
GT-0830,PERSON-0774,PERSON-0109,CONTACTED,0,CASE-0723,Synthetic negative control: PERSON-0774 and PERSON-0109 registered in Howrah without verified investigative tie.
GT-0831,PERSON-0747,PERSON-0815,TRANSFERRED_TO,0,CASE-0345,Synthetic negative control: PERSON-0747 and PERSON-0815 registered in Chennai without verified investigative tie.
GT-0832,PERSON-0776,PERSON-0905,TRANSFERRED_TO,0,CASE-0916,Synthetic negative control: PERSON-0776 and PERSON-0905 registered in Kolkata without verified investigative tie.
GT-0833,PERSON-0177,PERSON-0566,TRANSFERRED_TO,0,CASE-0387,Synthetic negative control: PERSON-0177 and PERSON-0566 registered in Surat without verified investigative tie.
GT-0834,PERSON-0604,PERSON-0779,TRANSFERRED_TO,0,CASE-0370,Synthetic negative control: PERSON-0604 and PERSON-0779 registered in Kolkata without verified investigative tie.
GT-0835,PERSON-0662,PERSON-0014,CONTACTED,0,CASE-0348,Synthetic negative control: PERSON-0662 and PERSON-0014 registered in Mumbai without verified investigative tie.
GT-0836,PERSON-0812,PERSON-0167,CONTACTED,0,CASE-0561,Synthetic negative control: PERSON-0812 and PERSON-0167 registered in Varanasi without verified investigative tie.
GT-0837,PERSON-0090,PERSON-0295,CONTACTED,0,CASE-1217,Synthetic negative control: PERSON-0090 and PERSON-0295 registered in Bilaspur without verified investigative tie.
GT-0838,PERSON-0012,PERSON-0807,CONTACTED,0,CASE-1241,Synthetic negative control: PERSON-0012 and PERSON-0807 registered in Delhi without verified investigative tie.
GT-0839,PERSON-0720,PERSON-0671,TRANSFERRED_TO,0,CASE-0808,Synthetic negative control: PERSON-0720 and PERSON-0671 registered in Varanasi without verified investigative tie.
GT-0840,PERSON-0175,PERSON-0852,TRANSFERRED_TO,0,CASE-0082,Synthetic negative control: PERSON-0175 and PERSON-0852 registered in Delhi without verified investigative tie.
GT-0841,PERSON-0138,PERSON-0420,TRANSFERRED_TO,0,CASE-0001,Synthetic negative control: PERSON-0138 and PERSON-0420 registered in Varanasi without verified investigative tie.
GT-0842,PERSON-0269,PERSON-0941,TRANSFERRED_TO,0,CASE-0108,Synthetic negative control: PERSON-0269 and PERSON-0941 registered in Chennai without verified investigative tie.
GT-0843,PERSON-0986,PERSON-0595,TRANSFERRED_TO,0,CASE-0882,Synthetic negative control: PERSON-0986 and PERSON-0595 registered in Ahmedabad without verified investigative tie.
GT-0844,PERSON-0199,PERSON-0190,CONTACTED,0,CASE-0978,Synthetic negative control: PERSON-0199 and PERSON-0190 registered in Lucknow without verified investigative tie.
GT-0845,PERSON-0857,PERSON-0292,CONTACTED,0,CASE-0039,Synthetic negative control: PERSON-0857 and PERSON-0292 registered in Bilaspur without verified investigative tie.
GT-0846,PERSON-0735,PERSON-0238,CONTACTED,0,CASE-0103,Synthetic negative control: PERSON-0735 and PERSON-0238 registered in Raipur without verified investigative tie.
GT-0847,PERSON-0756,PERSON-0779,CONTACTED,0,CASE-1178,Synthetic negative control: PERSON-0756 and PERSON-0779 registered in Lucknow without verified investigative tie.
GT-0848,PERSON-0225,PERSON-0252,TRANSFERRED_TO,0,CASE-0412,Synthetic negative control: PERSON-0225 and PERSON-0252 registered in Raipur without verified investigative tie.
GT-0849,PERSON-0552,PERSON-0635,CONTACTED,0,CASE-0276,Synthetic negative control: PERSON-0552 and PERSON-0635 registered in Kolkata without verified investigative tie.
GT-0850,PERSON-0165,PERSON-0306,TRANSFERRED_TO,0,CASE-0192,Synthetic negative control: PERSON-0165 and PERSON-0306 registered in Mumbai without verified investigative tie.
GT-0851,PERSON-0089,PERSON-0973,CONTACTED,0,CASE-0783,Synthetic negative control: PERSON-0089 and PERSON-0973 registered in Durg without verified investigative tie.
GT-0852,PERSON-0873,PERSON-0006,CONTACTED,0,CASE-0860,Synthetic negative control: PERSON-0873 and PERSON-0006 registered in Ahmedabad without verified investigative tie.
GT-0853,PERSON-0989,PERSON-0022,CONTACTED,0,CASE-0945,Synthetic negative control: PERSON-0989 and PERSON-0022 registered in Durg without verified investigative tie.
GT-0854,PERSON-0498,PERSON-0675,CONTACTED,0,CASE-0657,Synthetic negative control: PERSON-0498 and PERSON-0675 registered in Pune without verified investigative tie.
GT-0855,PERSON-0410,PERSON-0288,TRANSFERRED_TO,0,CASE-0228,Synthetic negative control: PERSON-0410 and PERSON-0288 registered in Kolkata without verified investigative tie.
GT-0856,PERSON-0946,PERSON-0702,TRANSFERRED_TO,0,CASE-0113,Synthetic negative control: PERSON-0946 and PERSON-0702 registered in Chennai without verified investigative tie.
GT-0857,PERSON-0486,PERSON-1000,TRANSFERRED_TO,0,CASE-0266,Synthetic negative control: PERSON-0486 and PERSON-1000 registered in Kolkata without verified investigative tie.
GT-0858,PERSON-0401,PERSON-0289,CONTACTED,0,CASE-1077,Synthetic negative control: PERSON-0401 and PERSON-0289 registered in Raipur without verified investigative tie.
GT-0859,PERSON-0731,PERSON-0962,TRANSFERRED_TO,0,CASE-0022,Synthetic negative control: PERSON-0731 and PERSON-0962 registered in Durg without verified investigative tie.
GT-0860,PERSON-0016,PERSON-0587,TRANSFERRED_TO,0,CASE-0468,Synthetic negative control: PERSON-0016 and PERSON-0587 registered in Durg without verified investigative tie.
GT-0861,PERSON-0475,PERSON-0178,CONTACTED,0,CASE-0556,Synthetic negative control: PERSON-0475 and PERSON-0178 registered in Siliguri without verified investigative tie.
GT-0862,PERSON-0434,PERSON-0093,TRANSFERRED_TO,0,CASE-0872,Synthetic negative control: PERSON-0434 and PERSON-0093 registered in Kolkata without verified investigative tie.
GT-0863,PERSON-0675,PERSON-0151,CONTACTED,0,CASE-0228,Synthetic negative control: PERSON-0675 and PERSON-0151 registered in Durg without verified investigative tie.
GT-0864,PERSON-0211,PERSON-0889,CONTACTED,0,CASE-0841,Synthetic negative control: PERSON-0211 and PERSON-0889 registered in Kolkata without verified investigative tie.
GT-0865,PERSON-0118,PERSON-0013,TRANSFERRED_TO,0,CASE-0580,Synthetic negative control: PERSON-0118 and PERSON-0013 registered in Chennai without verified investigative tie.
GT-0866,PERSON-0730,PERSON-0096,TRANSFERRED_TO,0,CASE-0614,Synthetic negative control: PERSON-0730 and PERSON-0096 registered in Raipur without verified investigative tie.
GT-0867,PERSON-0141,PERSON-0962,CONTACTED,0,CASE-0204,Synthetic negative control: PERSON-0141 and PERSON-0962 registered in Kolkata without verified investigative tie.
GT-0868,PERSON-0399,PERSON-0358,TRANSFERRED_TO,0,CASE-0590,Synthetic negative control: PERSON-0399 and PERSON-0358 registered in Delhi without verified investigative tie.
GT-0869,PERSON-0120,PERSON-0938,CONTACTED,0,CASE-0942,Synthetic negative control: PERSON-0120 and PERSON-0938 registered in Lucknow without verified investigative tie.
GT-0870,PERSON-0183,PERSON-0476,TRANSFERRED_TO,0,CASE-0796,Synthetic negative control: PERSON-0183 and PERSON-0476 registered in Howrah without verified investigative tie.
GT-0871,PERSON-0536,PERSON-0371,TRANSFERRED_TO,0,CASE-0861,Synthetic negative control: PERSON-0536 and PERSON-0371 registered in Raipur without verified investigative tie.
GT-0872,PERSON-0916,PERSON-0941,CONTACTED,0,CASE-0865,Synthetic negative control: PERSON-0916 and PERSON-0941 registered in Siliguri without verified investigative tie.
GT-0873,PERSON-0880,PERSON-0710,CONTACTED,0,CASE-0515,Synthetic negative control: PERSON-0880 and PERSON-0710 registered in Raipur without verified investigative tie.
GT-0874,PERSON-0619,PERSON-0300,CONTACTED,0,CASE-0093,Synthetic negative control: PERSON-0619 and PERSON-0300 registered in Mumbai without verified investigative tie.
GT-0875,PERSON-0839,PERSON-0285,TRANSFERRED_TO,0,CASE-0143,Synthetic negative control: PERSON-0839 and PERSON-0285 registered in Kolkata without verified investigative tie.
GT-0876,PERSON-0485,PERSON-0336,TRANSFERRED_TO,0,CASE-0205,Synthetic negative control: PERSON-0485 and PERSON-0336 registered in Ahmedabad without verified investigative tie.
GT-0877,PERSON-0524,PERSON-0564,TRANSFERRED_TO,0,CASE-0041,Synthetic negative control: PERSON-0524 and PERSON-0564 registered in Howrah without verified investigative tie.
GT-0878,PERSON-0089,PERSON-0856,TRANSFERRED_TO,0,CASE-1157,Synthetic negative control: PERSON-0089 and PERSON-0856 registered in Durg without verified investigative tie.
GT-0879,PERSON-0194,PERSON-0177,TRANSFERRED_TO,0,CASE-0375,Synthetic negative control: PERSON-0194 and PERSON-0177 registered in Pune without verified investigative tie.
GT-0880,PERSON-0043,PERSON-0904,CONTACTED,0,CASE-0588,Synthetic negative control: PERSON-0043 and PERSON-0904 registered in Nagpur without verified investigative tie.
GT-0881,PERSON-0574,PERSON-0225,TRANSFERRED_TO,0,CASE-0631,Synthetic negative control: PERSON-0574 and PERSON-0225 registered in Lucknow without verified investigative tie.
GT-0882,PERSON-0274,PERSON-0791,TRANSFERRED_TO,0,CASE-0160,Synthetic negative control: PERSON-0274 and PERSON-0791 registered in Kolkata without verified investigative tie.
GT-0883,PERSON-0788,PERSON-0509,CONTACTED,0,CASE-0449,Synthetic negative control: PERSON-0788 and PERSON-0509 registered in Delhi without verified investigative tie.
GT-0884,PERSON-0276,PERSON-0354,TRANSFERRED_TO,0,CASE-0687,Synthetic negative control: PERSON-0276 and PERSON-0354 registered in Delhi without verified investigative tie.
GT-0885,PERSON-0816,PERSON-0202,TRANSFERRED_TO,0,CASE-1173,Synthetic negative control: PERSON-0816 and PERSON-0202 registered in Siliguri without verified investigative tie.
GT-0886,PERSON-0262,PERSON-0460,CONTACTED,0,CASE-0339,Synthetic negative control: PERSON-0262 and PERSON-0460 registered in Delhi without verified investigative tie.
GT-0887,PERSON-0368,PERSON-0896,TRANSFERRED_TO,0,CASE-1098,Synthetic negative control: PERSON-0368 and PERSON-0896 registered in Chennai without verified investigative tie.
GT-0888,PERSON-0379,PERSON-0764,CONTACTED,0,CASE-0776,Synthetic negative control: PERSON-0379 and PERSON-0764 registered in Delhi without verified investigative tie.
GT-0889,PERSON-0863,PERSON-0780,CONTACTED,0,CASE-0857,Synthetic negative control: PERSON-0863 and PERSON-0780 registered in Pune without verified investigative tie.
GT-0890,PERSON-0573,PERSON-0582,CONTACTED,0,CASE-0576,Synthetic negative control: PERSON-0573 and PERSON-0582 registered in Kolkata without verified investigative tie.
GT-0891,PERSON-0705,PERSON-0479,CONTACTED,0,CASE-0406,Synthetic negative control: PERSON-0705 and PERSON-0479 registered in Ahmedabad without verified investigative tie.
GT-0892,PERSON-0529,PERSON-0445,TRANSFERRED_TO,0,CASE-0130,Synthetic negative control: PERSON-0529 and PERSON-0445 registered in Ahmedabad without verified investigative tie.
GT-0893,PERSON-0669,PERSON-0013,CONTACTED,0,CASE-1220,Synthetic negative control: PERSON-0669 and PERSON-0013 registered in Delhi without verified investigative tie.
GT-0894,PERSON-0348,PERSON-0233,TRANSFERRED_TO,0,CASE-0641,Synthetic negative control: PERSON-0348 and PERSON-0233 registered in Siliguri without verified investigative tie.
GT-0895,PERSON-0494,PERSON-0760,TRANSFERRED_TO,0,CASE-0358,Synthetic negative control: PERSON-0494 and PERSON-0760 registered in Mumbai without verified investigative tie.
GT-0896,PERSON-0094,PERSON-0401,TRANSFERRED_TO,0,CASE-0481,Synthetic negative control: PERSON-0094 and PERSON-0401 registered in Nagpur without verified investigative tie.
GT-0897,PERSON-0329,PERSON-0799,CONTACTED,0,CASE-0067,Synthetic negative control: PERSON-0329 and PERSON-0799 registered in Ahmedabad without verified investigative tie.
GT-0898,PERSON-0596,PERSON-0800,CONTACTED,0,CASE-0977,Synthetic negative control: PERSON-0596 and PERSON-0800 registered in Nagpur without verified investigative tie.
GT-0899,PERSON-0547,PERSON-0080,TRANSFERRED_TO,0,CASE-0876,Synthetic negative control: PERSON-0547 and PERSON-0080 registered in Kolkata without verified investigative tie.
GT-0900,PERSON-0052,PERSON-0313,TRANSFERRED_TO,0,CASE-0841,Synthetic negative control: PERSON-0052 and PERSON-0313 registered in Kolkata without verified investigative tie.
GT-0901,PERSON-0755,PERSON-0097,TRANSFERRED_TO,0,CASE-0455,Synthetic negative control: PERSON-0755 and PERSON-0097 registered in Siliguri without verified investigative tie.
GT-0902,PERSON-0467,PERSON-0518,TRANSFERRED_TO,0,CASE-0565,Synthetic negative control: PERSON-0467 and PERSON-0518 registered in Lucknow without verified investigative tie.
GT-0903,PERSON-0218,PERSON-0469,CONTACTED,0,CASE-0812,Synthetic negative control: PERSON-0218 and PERSON-0469 registered in Bilaspur without verified investigative tie.
GT-0904,PERSON-0746,PERSON-0385,CONTACTED,0,CASE-1111,Synthetic negative control: PERSON-0746 and PERSON-0385 registered in Mumbai without verified investigative tie.
GT-0905,PERSON-0771,PERSON-0463,TRANSFERRED_TO,0,CASE-0852,Synthetic negative control: PERSON-0771 and PERSON-0463 registered in Kolkata without verified investigative tie.
GT-0906,PERSON-0263,PERSON-0918,TRANSFERRED_TO,0,CASE-0958,Synthetic negative control: PERSON-0263 and PERSON-0918 registered in Nagpur without verified investigative tie.
GT-0907,PERSON-0135,PERSON-0696,TRANSFERRED_TO,0,CASE-0479,Synthetic negative control: PERSON-0135 and PERSON-0696 registered in Durg without verified investigative tie.
GT-0908,PERSON-0414,PERSON-0567,CONTACTED,0,CASE-0754,Synthetic negative control: PERSON-0414 and PERSON-0567 registered in Mumbai without verified investigative tie.
GT-0909,PERSON-0675,PERSON-0305,CONTACTED,0,CASE-1064,Synthetic negative control: PERSON-0675 and PERSON-0305 registered in Durg without verified investigative tie.
GT-0910,PERSON-0382,PERSON-0837,CONTACTED,0,CASE-0123,Synthetic negative control: PERSON-0382 and PERSON-0837 registered in Bilaspur without verified investigative tie.
GT-0911,PERSON-0153,PERSON-0464,TRANSFERRED_TO,0,CASE-0342,Synthetic negative control: PERSON-0153 and PERSON-0464 registered in Kolkata without verified investigative tie.
GT-0912,PERSON-0591,PERSON-0864,CONTACTED,0,CASE-0023,Synthetic negative control: PERSON-0591 and PERSON-0864 registered in Ahmedabad without verified investigative tie.
GT-0913,PERSON-0796,PERSON-0530,TRANSFERRED_TO,0,CASE-0686,Synthetic negative control: PERSON-0796 and PERSON-0530 registered in Bilaspur without verified investigative tie.
GT-0914,PERSON-0042,PERSON-0715,TRANSFERRED_TO,0,CASE-1152,Synthetic negative control: PERSON-0042 and PERSON-0715 registered in Surat without verified investigative tie.
GT-0915,PERSON-0395,PERSON-0021,TRANSFERRED_TO,0,CASE-0484,Synthetic negative control: PERSON-0395 and PERSON-0021 registered in Pune without verified investigative tie.
GT-0916,PERSON-0373,PERSON-0422,TRANSFERRED_TO,0,CASE-0069,Synthetic negative control: PERSON-0373 and PERSON-0422 registered in Varanasi without verified investigative tie.
GT-0917,PERSON-0346,PERSON-0922,CONTACTED,0,CASE-0467,Synthetic negative control: PERSON-0346 and PERSON-0922 registered in Surat without verified investigative tie.
GT-0918,PERSON-0723,PERSON-0254,TRANSFERRED_TO,0,CASE-0547,Synthetic negative control: PERSON-0723 and PERSON-0254 registered in Ahmedabad without verified investigative tie.
GT-0919,PERSON-0937,PERSON-0436,CONTACTED,0,CASE-0433,Synthetic negative control: PERSON-0937 and PERSON-0436 registered in Pune without verified investigative tie.
GT-0920,PERSON-0028,PERSON-0406,TRANSFERRED_TO,0,CASE-0902,Synthetic negative control: PERSON-0028 and PERSON-0406 registered in Howrah without verified investigative tie.
GT-0921,PERSON-0682,PERSON-0217,CONTACTED,0,CASE-0829,Synthetic negative control: PERSON-0682 and PERSON-0217 registered in Mumbai without verified investigative tie.
GT-0922,PERSON-0483,PERSON-0718,CONTACTED,0,CASE-1123,Synthetic negative control: PERSON-0483 and PERSON-0718 registered in Delhi without verified investigative tie.
GT-0923,PERSON-0956,PERSON-0139,CONTACTED,0,CASE-0376,Synthetic negative control: PERSON-0956 and PERSON-0139 registered in Kolkata without verified investigative tie.
GT-0924,PERSON-0431,PERSON-0421,TRANSFERRED_TO,0,CASE-1177,Synthetic negative control: PERSON-0431 and PERSON-0421 registered in Bilaspur without verified investigative tie.
GT-0925,PERSON-0658,PERSON-0288,CONTACTED,0,CASE-0034,Synthetic negative control: PERSON-0658 and PERSON-0288 registered in Chennai without verified investigative tie.
GT-0926,PERSON-0790,PERSON-0525,TRANSFERRED_TO,0,CASE-1041,Synthetic negative control: PERSON-0790 and PERSON-0525 registered in Kolkata without verified investigative tie.
GT-0927,PERSON-0663,PERSON-0520,TRANSFERRED_TO,0,CASE-0674,Synthetic negative control: PERSON-0663 and PERSON-0520 registered in Pune without verified investigative tie.
GT-0928,PERSON-0224,PERSON-0515,TRANSFERRED_TO,0,CASE-1225,Synthetic negative control: PERSON-0224 and PERSON-0515 registered in Kolkata without verified investigative tie.
GT-0929,PERSON-0828,PERSON-0847,CONTACTED,0,CASE-0794,Synthetic negative control: PERSON-0828 and PERSON-0847 registered in Kolkata without verified investigative tie.
GT-0930,PERSON-0483,PERSON-0770,CONTACTED,0,CASE-1173,Synthetic negative control: PERSON-0483 and PERSON-0770 registered in Delhi without verified investigative tie.
GT-0931,PERSON-0425,PERSON-0210,TRANSFERRED_TO,0,CASE-0347,Synthetic negative control: PERSON-0425 and PERSON-0210 registered in Kolkata without verified investigative tie.
GT-0932,PERSON-0714,PERSON-0528,TRANSFERRED_TO,0,CASE-0819,Synthetic negative control: PERSON-0714 and PERSON-0528 registered in Delhi without verified investigative tie.
GT-0933,PERSON-0025,PERSON-0760,TRANSFERRED_TO,0,CASE-0661,Synthetic negative control: PERSON-0025 and PERSON-0760 registered in Nagpur without verified investigative tie.
GT-0934,PERSON-0869,PERSON-0023,TRANSFERRED_TO,0,CASE-1170,Synthetic negative control: PERSON-0869 and PERSON-0023 registered in Delhi without verified investigative tie.
GT-0935,PERSON-0142,PERSON-0143,CONTACTED,0,CASE-0933,Synthetic negative control: PERSON-0142 and PERSON-0143 registered in Kolkata without verified investigative tie.
GT-0936,PERSON-0061,PERSON-0269,TRANSFERRED_TO,0,CASE-0160,Synthetic negative control: PERSON-0061 and PERSON-0269 registered in Varanasi without verified investigative tie.
GT-0937,PERSON-0559,PERSON-0886,TRANSFERRED_TO,0,CASE-0907,Synthetic negative control: PERSON-0559 and PERSON-0886 registered in Ahmedabad without verified investigative tie.
GT-0938,PERSON-0031,PERSON-0417,TRANSFERRED_TO,0,CASE-0422,Synthetic negative control: PERSON-0031 and PERSON-0417 registered in Delhi without verified investigative tie.
GT-0939,PERSON-0192,PERSON-0860,CONTACTED,0,CASE-0143,Synthetic negative control: PERSON-0192 and PERSON-0860 registered in Kolkata without verified investigative tie.
GT-0940,PERSON-0412,PERSON-0782,CONTACTED,0,CASE-1184,Synthetic negative control: PERSON-0412 and PERSON-0782 registered in Surat without verified investigative tie.
GT-0941,PERSON-0954,PERSON-0986,CONTACTED,0,CASE-0972,Synthetic negative control: PERSON-0954 and PERSON-0986 registered in Howrah without verified investigative tie.
GT-0942,PERSON-0197,PERSON-0967,CONTACTED,0,CASE-1043,Synthetic negative control: PERSON-0197 and PERSON-0967 registered in Varanasi without verified investigative tie.
GT-0943,PERSON-0860,PERSON-0631,CONTACTED,0,CASE-1161,Synthetic negative control: PERSON-0860 and PERSON-0631 registered in Bilaspur without verified investigative tie.
GT-0944,PERSON-0836,PERSON-0550,CONTACTED,0,CASE-1005,Synthetic negative control: PERSON-0836 and PERSON-0550 registered in Ahmedabad without verified investigative tie.
GT-0945,PERSON-0123,PERSON-0576,CONTACTED,0,CASE-0858,Synthetic negative control: PERSON-0123 and PERSON-0576 registered in Delhi without verified investigative tie.
GT-0946,PERSON-0720,PERSON-0331,CONTACTED,0,CASE-0478,Synthetic negative control: PERSON-0720 and PERSON-0331 registered in Varanasi without verified investigative tie.
GT-0947,PERSON-0475,PERSON-0093,TRANSFERRED_TO,0,CASE-0013,Synthetic negative control: PERSON-0475 and PERSON-0093 registered in Siliguri without verified investigative tie.
GT-0948,PERSON-0547,PERSON-0434,TRANSFERRED_TO,0,CASE-0538,Synthetic negative control: PERSON-0547 and PERSON-0434 registered in Kolkata without verified investigative tie.
GT-0949,PERSON-0176,PERSON-0415,TRANSFERRED_TO,0,CASE-0324,Synthetic negative control: PERSON-0176 and PERSON-0415 registered in Ahmedabad without verified investigative tie.
GT-0950,PERSON-0031,PERSON-0212,CONTACTED,0,CASE-0179,Synthetic negative control: PERSON-0031 and PERSON-0212 registered in Delhi without verified investigative tie.
GT-0951,PERSON-0691,PERSON-0790,CONTACTED,0,CASE-0670,Synthetic negative control: PERSON-0691 and PERSON-0790 registered in Mumbai without verified investigative tie.
GT-0952,PERSON-0310,PERSON-0704,CONTACTED,0,CASE-0232,Synthetic negative control: PERSON-0310 and PERSON-0704 registered in Delhi without verified investigative tie.
GT-0953,PERSON-0290,PERSON-0368,TRANSFERRED_TO,0,CASE-0921,Synthetic negative control: PERSON-0290 and PERSON-0368 registered in Varanasi without verified investigative tie.
GT-0954,PERSON-0028,PERSON-0390,CONTACTED,0,CASE-0131,Synthetic negative control: PERSON-0028 and PERSON-0390 registered in Howrah without verified investigative tie.
GT-0955,PERSON-0632,PERSON-0349,TRANSFERRED_TO,0,CASE-0389,Synthetic negative control: PERSON-0632 and PERSON-0349 registered in Kolkata without verified investigative tie.
GT-0956,PERSON-0003,PERSON-0377,TRANSFERRED_TO,0,CASE-1244,Synthetic negative control: PERSON-0003 and PERSON-0377 registered in Mumbai without verified investigative tie.
GT-0957,PERSON-0544,PERSON-0167,TRANSFERRED_TO,0,CASE-0476,Synthetic negative control: PERSON-0544 and PERSON-0167 registered in Chennai without verified investigative tie.
GT-0958,PERSON-0575,PERSON-0935,TRANSFERRED_TO,0,CASE-0503,Synthetic negative control: PERSON-0575 and PERSON-0935 registered in Howrah without verified investigative tie.
GT-0959,PERSON-0832,PERSON-0056,CONTACTED,0,CASE-0155,Synthetic negative control: PERSON-0832 and PERSON-0056 registered in Kolkata without verified investigative tie.
GT-0960,PERSON-0478,PERSON-0743,CONTACTED,0,CASE-0849,Synthetic negative control: PERSON-0478 and PERSON-0743 registered in Mumbai without verified investigative tie.
GT-0961,PERSON-0483,PERSON-0515,CONTACTED,0,CASE-0792,Synthetic negative control: PERSON-0483 and PERSON-0515 registered in Delhi without verified investigative tie.
GT-0962,PERSON-0650,PERSON-0386,TRANSFERRED_TO,0,CASE-0455,Synthetic negative control: PERSON-0650 and PERSON-0386 registered in Kolkata without verified investigative tie.
GT-0963,PERSON-0695,PERSON-0117,TRANSFERRED_TO,0,CASE-1081,Synthetic negative control: PERSON-0695 and PERSON-0117 registered in Ahmedabad without verified investigative tie.
GT-0964,PERSON-0594,PERSON-0885,CONTACTED,0,CASE-0211,Synthetic negative control: PERSON-0594 and PERSON-0885 registered in Mumbai without verified investigative tie.
GT-0965,PERSON-0389,PERSON-0667,TRANSFERRED_TO,0,CASE-1190,Synthetic negative control: PERSON-0389 and PERSON-0667 registered in Mumbai without verified investigative tie.
GT-0966,PERSON-0944,PERSON-0741,CONTACTED,0,CASE-1047,Synthetic negative control: PERSON-0944 and PERSON-0741 registered in Pune without verified investigative tie.
GT-0967,PERSON-0096,PERSON-0337,CONTACTED,0,CASE-0410,Synthetic negative control: PERSON-0096 and PERSON-0337 registered in Varanasi without verified investigative tie.
GT-0968,PERSON-0963,PERSON-0460,CONTACTED,0,CASE-0235,Synthetic negative control: PERSON-0963 and PERSON-0460 registered in Kolkata without verified investigative tie.
GT-0969,PERSON-0488,PERSON-0056,CONTACTED,0,CASE-0845,Synthetic negative control: PERSON-0488 and PERSON-0056 registered in Raipur without verified investigative tie.
GT-0970,PERSON-0646,PERSON-0306,CONTACTED,0,CASE-0914,Synthetic negative control: PERSON-0646 and PERSON-0306 registered in Delhi without verified investigative tie.
GT-0971,PERSON-0901,PERSON-0050,CONTACTED,0,CASE-0064,Synthetic negative control: PERSON-0901 and PERSON-0050 registered in Delhi without verified investigative tie.
GT-0972,PERSON-0526,PERSON-0645,CONTACTED,0,CASE-1061,Synthetic negative control: PERSON-0526 and PERSON-0645 registered in Nagpur without verified investigative tie.
GT-0973,PERSON-0656,PERSON-0920,CONTACTED,0,CASE-0931,Synthetic negative control: PERSON-0656 and PERSON-0920 registered in Durg without verified investigative tie.
GT-0974,PERSON-0164,PERSON-0412,CONTACTED,0,CASE-1083,Synthetic negative control: PERSON-0164 and PERSON-0412 registered in Varanasi without verified investigative tie.
GT-0975,PERSON-0170,PERSON-0616,TRANSFERRED_TO,0,CASE-1127,Synthetic negative control: PERSON-0170 and PERSON-0616 registered in Kolkata without verified investigative tie.
GT-0976,PERSON-0179,PERSON-0667,TRANSFERRED_TO,0,CASE-0613,Synthetic negative control: PERSON-0179 and PERSON-0667 registered in Delhi without verified investigative tie.
GT-0977,PERSON-0863,PERSON-0540,TRANSFERRED_TO,0,CASE-0062,Synthetic negative control: PERSON-0863 and PERSON-0540 registered in Pune without verified investigative tie.
GT-0978,PERSON-0677,PERSON-0872,CONTACTED,0,CASE-0938,Synthetic negative control: PERSON-0677 and PERSON-0872 registered in Delhi without verified investigative tie.
GT-0979,PERSON-0151,PERSON-0529,TRANSFERRED_TO,0,CASE-1158,Synthetic negative control: PERSON-0151 and PERSON-0529 registered in Mumbai without verified investigative tie.
GT-0980,PERSON-0189,PERSON-0657,TRANSFERRED_TO,0,CASE-0565,Synthetic negative control: PERSON-0189 and PERSON-0657 registered in Delhi without verified investigative tie.
GT-0981,PERSON-0091,PERSON-0078,TRANSFERRED_TO,0,CASE-1106,Synthetic negative control: PERSON-0091 and PERSON-0078 registered in Kolkata without verified investigative tie.
GT-0982,PERSON-0003,PERSON-0434,CONTACTED,0,CASE-1229,Synthetic negative control: PERSON-0003 and PERSON-0434 registered in Mumbai without verified investigative tie.
GT-0983,PERSON-0906,PERSON-0916,TRANSFERRED_TO,0,CASE-0226,Synthetic negative control: PERSON-0906 and PERSON-0916 registered in Kolkata without verified investigative tie.
GT-0984,PERSON-0176,PERSON-0820,TRANSFERRED_TO,0,CASE-0832,Synthetic negative control: PERSON-0176 and PERSON-0820 registered in Ahmedabad without verified investigative tie.
GT-0985,PERSON-0402,PERSON-0136,CONTACTED,0,CASE-1142,Synthetic negative control: PERSON-0402 and PERSON-0136 registered in Delhi without verified investigative tie.
GT-0986,PERSON-0034,PERSON-0544,CONTACTED,0,CASE-0035,Synthetic negative control: PERSON-0034 and PERSON-0544 registered in Howrah without verified investigative tie.
GT-0987,PERSON-0246,PERSON-0640,CONTACTED,0,CASE-0935,Synthetic negative control: PERSON-0246 and PERSON-0640 registered in Mumbai without verified investigative tie.
GT-0988,PERSON-0059,PERSON-0651,CONTACTED,0,CASE-0863,Synthetic negative control: PERSON-0059 and PERSON-0651 registered in Delhi without verified investigative tie.
GT-0989,PERSON-0200,PERSON-0689,TRANSFERRED_TO,0,CASE-0575,Synthetic negative control: PERSON-0200 and PERSON-0689 registered in Kolkata without verified investigative tie.
GT-0990,PERSON-0276,PERSON-0224,TRANSFERRED_TO,0,CASE-1219,Synthetic negative control: PERSON-0276 and PERSON-0224 registered in Delhi without verified investigative tie.
GT-0991,PERSON-0391,PERSON-0646,CONTACTED,0,CASE-0519,Synthetic negative control: PERSON-0391 and PERSON-0646 registered in Lucknow without verified investigative tie.
GT-0992,PERSON-0343,PERSON-0535,TRANSFERRED_TO,0,CASE-0013,Synthetic negative control: PERSON-0343 and PERSON-0535 registered in Raipur without verified investigative tie.
GT-0993,PERSON-0084,PERSON-0183,CONTACTED,0,CASE-0605,Synthetic negative control: PERSON-0084 and PERSON-0183 registered in Durg without verified investigative tie.
GT-0994,PERSON-0830,PERSON-0678,CONTACTED,0,CASE-0611,Synthetic negative control: PERSON-0830 and PERSON-0678 registered in Varanasi without verified investigative tie.
GT-0995,PERSON-0167,PERSON-0674,TRANSFERRED_TO,0,CASE-0441,Synthetic negative control: PERSON-0167 and PERSON-0674 registered in Howrah without verified investigative tie.
GT-0996,PERSON-0418,PERSON-0611,CONTACTED,0,CASE-1200,Synthetic negative control: PERSON-0418 and PERSON-0611 registered in Varanasi without verified investigative tie.
GT-0997,PERSON-0093,PERSON-0962,CONTACTED,0,CASE-0457,Synthetic negative control: PERSON-0093 and PERSON-0962 registered in Raipur without verified investigative tie.
GT-0998,PERSON-0470,PERSON-0373,CONTACTED,0,CASE-0019,Synthetic negative control: PERSON-0470 and PERSON-0373 registered in Chennai without verified investigative tie.
GT-0999,PERSON-0188,PERSON-0565,TRANSFERRED_TO,0,CASE-1168,Synthetic negative control: PERSON-0188 and PERSON-0565 registered in Surat without verified investigative tie.
GT-1000,PERSON-0463,PERSON-0415,CONTACTED,0,CASE-0512,Synthetic negative control: PERSON-0463 and PERSON-0415 registered in Ahmedabad without verified investigative tie.
